用户名,评论,时间
M*5,挺方便的，直接用手机打开邮件，扫二维码就可以了,2018-07-04
沐*汎,拥有娱乐最棒的设施，人也很多很热闹呢,2018-07-04
云*8,去的那天人不算很多，没有买快速票也几乎都玩到了。,2018-07-04
_*7,人超级多，哈利波特馆很棒️,2018-07-04
晴*E,提前买好不用排队！我买了实体票，可以留个纪念哦！,2018-07-04
2*3,一定要早到，直接用电子劵进入园区，一定要先做功课，没有快速劵一般都要排1.5个小时，比较热门的项目最好买快速劵，可以带食物和水，园内有水龙头可以接水直接喝,2017-11-02
w*1,走到脚都痛！飞龙在天好刺激！好玩！最好买全部express的！不好的就是大多数都讲日语,2018-05-30
艾*0,孩子们玩的很开心，过山车玩了5次,2018-07-03
t*e,很好，人不是特别多，比起中国人少多了，排队时间都不是很久，上午十一点多所有项目玩遍了,2018-07-03
枫*了,体验到了好莱坞电影别样的快乐和兴奋、玩得很嗨！,2018-07-03
o*1,不是很好的体验，快速票订票当天就收到了，但是大门门票竟然是去环球影城的当天凌晨1点才收到的，这还是我每天催促的情况下。电子票使用起来很方便，无需打印，但是再也不会订这家的票了。,2018-01-18
草*子,门票+快速券是你刷完热门项目的必要条件，你值得拥有！,2018-07-02
草*子,一定要购买快速券，省下不少时间，能刷到所有热门项目，除了贵，没有别的缺点……,2018-07-02
M*0,网络订票很方便，环球影城值得一玩,2018-07-02
M*0,网络订票很方便，环球影城很值得一玩,2018-07-02
M*8,相当好玩，就是飞天翼龙的时候自己怂了。没去做,2018-07-02
鹿*漪,我去的时候人不算多，不玩过山车的话，基本4种足够了,2018-07-02
左*右,非常方便的 进园可以直接手机刷二维码入园 或者担心网络不好的话 可以直接打印A4纸携带 免去排队购票,2018-03-26
R*g,可以省了排队，节省了时间，实在方便啊。,2018-07-01
M*6,很好玩，客服服务态度很好，还给了优惠卷，快速出票，不用去票很方便。,2018-07-01
积*芦,很好玩，有快速票，省了好多排队的时间,2018-07-01
r*3,从早到晚，整整一天，非常好，儿童区人不多。Express 快速票必须要,2018-05-13
D*4,很好玩，没有新加坡环球影城大，更适合年龄小一点的孩子玩。最值得玩几次的就是“哈利波特魔法城堡”，这是大阪环球影城独有的项目，一定要多玩几次！,2017-10-29
1*2,超好玩，适合孩子大人，很好的亲子游玩的选择，还会再去,2018-06-29
快*子,带孩子去玩，孩子们玩的很开心，期待下次再去,2018-06-29
帕*刁,很方便，价格也没比其他地方贵。,2018-06-29
散*瑰,很不错，小朋友很喜欢的地方，值得来看看。,2018-06-29
朱*咩,感觉哈利波特的确很吸引人，大项目也的确很棒。但是整体感觉没有新加坡好玩。,2018-06-29
朱*咩,大项目的确好玩，但是个人觉得没有新加坡环球好玩,2018-06-29
M*4,真是节约了很多等待的时间，,2018-06-29
2*3,环球影城的快速票非常值得买，有的项目快速票很快就能排到，没有快速票基本上要排一个小时，人非常多，项目还是不错，值得在里面逗留一天,2017-10-28
豪*7,带孩子去游玩相当值得！！！！！,2018-06-28
_*0,出票速度很快，但是给的票是几页一张票。扫码入内还比较方便,2018-06-28
1*0,好，很好玩，下次还要过来玩。值得推荐,2018-06-28
1*8,去的那天下雨，但是好在人少，不用排队！玩的很开心,2018-06-27
1*8,好莱坞美梦和侏罗纪公园最喜欢，挺好玩的。,2018-06-27
E*4,大阪环球影城！早八点玩到晚八点！哈利波特实在太好玩了！连刷两遍！小黄人拍照好漂亮！没必要买快速票！果然不虚此行，前前后后玩了15个项目，累的脚疼的都站不住了，太嗨了！自己的胆量又提升了一点点,2017-10-26
h*5,这个地方有很多游乐项目，可以观看最新电影。,2018-06-26
X*8,环境很好，本土文化，热情服务。,2018-06-26
小*二,环球影城真的很赞很赞！有好多好玩的东西,2018-06-26
D*8,比较方便，刷码进去就可以了。记得两个人的话要把PDF翻到第二页，不然就像我们一样蹉跎了好久。,2018-06-25
l*0,今天一下点要去的一个地方，期待很久了,2018-06-25
请*君,一天所有想玩的项目全部玩到…足够了ᕕ(ᐛ)ᕗ,2018-05-07
3*0,比迪士尼好玩多啦，推荐大家都去体验，尤其好莱坞美梦逆转世界，还有蜘蛛侠小黄人哈利波特，看着影片跟着人物进入电影世界，身临其境，超级刺激哦,2017-10-24
_*8,非常方便，去了扫码入园即可，不用排队买票了,2018-06-24
_*8,遇上地震，快速票没啥用，因为没啥游客，随便玩。,2018-06-24
_*8,遇上地震，十二点左右才开门，人很少。,2018-06-24
1*5,购买方便，进场快速，关键是里面好玩,2018-06-24
j*j,很不错，快捷方便省心 以后还会买的,2018-06-24
E*9,门票要提前买，去的那天发现门口买票的队伍非常长，省了不少时间。,2018-06-24
m*5,可以，不论如何季节，都要涂防晒霜，切记。,2018-06-23
_*5,小黄人和哈利波特虽然有入场时间限制，但没赶上时间也可以照常走快速通道，还是很人性化的。,2018-06-23
M*8,下雨，有项目关闭，只用了两处，不太划算！,2018-06-23
无*头,好玩的太多，半天真的来不及，赞,2018-06-23
y*n,非常值得去。也去过香港的。但是日本的还是得把刚nice,2018-06-23
M*4,断腿的一天，快速通行证能节省很多时间，哈利波特玩了两次，蜘蛛侠玩了两次,2018-06-22
方*茗,非常好玩，人也超多的，不能坐过山车的是种遗憾,2018-06-22
蚂*哥,梦不梦幻就用图来打动你吧，体验各种电影场景的好去处,2018-05-04
E**,方便快捷-------------,2018-05-04
M*3,据说这里由新加坡的三个大，来了后才知道一点也不假，可东西不是很多，设施也不齐全，你到里面走一圈就会发现。而且，这里大多是游艺项目，全是日文的，看的一点感觉都没有。人非常多，买个快速劵比较好。,2018-03-16
沉*2,人挺多的，惊险刺激类项目大多要排队两三个小时，喜欢玩的建议买快速票，要不然要不过来，哈利波特餐厅很不错，玩了蜘蛛侠，感觉是女生接受范围内的小刺激项目,2018-03-16
正*r,很快很好很赞为什么要15字呢啊,2018-06-21
正*r,赞的赞的赞的很快为什么12字额,2018-06-21
M*7,提前购买好打印出来带着能省去当天的时间和麻烦，价格也合适。,2018-06-21
s*u,很棒的一次旅行！甩上海迪士尼几条街！,2018-06-21
l*e,对于我来说，游戏都太刺激了，所以有快速票意义也不大，不过如果想玩全场的话还是很有必要的。,2018-06-21
l*e,很方便，提前购买直接入场。主要自己是很喜欢收藏纪念小东西，所以选择的时候纸质版的门票。,2018-06-21
b*4,买了门票又买了快速券很方便，不用排队,2018-05-03
紫*鱼,非常好玩，这辈子一天里没做过那么多过山车,2018-06-20
O*C,主角是各种机动遊戏，都大同小异，去的人大都为了买点记念品吧！,2018-06-20
悠*心,节约了不少时间，玩的很尽兴，哈哈,2018-06-20
e*1,好 很好 非常好 方便,2018-05-02
w*o,很好用，方便快捷，推荐，门口扫描二维码使用。,2018-06-19
1*5,非常棒的旅行，环球影城非常的好玩，推荐！,2018-06-19
i*8,非常方便非常好！建議可先列印出來！,2018-06-19
i*8,非常方便非常好！建議先列印出來！,2018-06-19
1*8,这里是电影主题的游乐场，非常好玩呢。,2018-06-19
_*2,好玩！超级好玩！手镯都玩掉了！,2018-06-19
e*f,非常方便可惜儿子发烧了只用了哈利波特其他都浪费了，下次去还会再订,2018-06-19
米*扬,非常方便，总体满意，当然必须好评,2018-06-19
1*4,门票的价格跟当地售价差不多，邮寄的速度也很快！,2018-06-19
M*1,很好玩，6月开始去的记得千万不要错过夜间巡游,2018-06-19
h*1,很好的一次体验，扫码入园很方便，下次还会来的,2018-06-19
_*0,真的很好玩 勾起了好多小时候看动画片的回忆,2018-06-19
M*6,很方便，直接在手机上存下二维码进门就可以使用。,2018-06-18
M*6,很好很方便，进门直接扫二维码就可以进园。,2018-06-18
1*6,每个城市都有那么几个著名景点，到了要去打个卡的！,2018-06-18
1*8,大阪的必玩景点，可以提前在网上订票，会比现场购买便宜一些。建议早上提前过来，里面很大，项目很丰富，需要玩整整一天，很适合带小朋友过来。,2017-10-17
E*l,方便不错挺好的性价比高适合订还是不错,2018-06-17
老*哈,环球影城位于大阪，非常不错的游乐场所，虽然在新加坡玩过，日本的环球影城也非常的出名和好玩。,2018-06-17
l*1,环球影城围绕电影制作有好几个主题活动，我觉得非常好玩儿,2018-06-17
_*0,很方便，出票快入园非常简单方便,2018-06-16
M*8,非常值得一去！日本的微笑服务太棒了,2018-06-15
M*Y,作为世界不多的游乐场  日本的这家给我感觉超棒,2018-06-15
E*3,这里实在太出名了，排队的人多的要命，好多地方参观的牌子一大堆的人。哈利波特城堡那队伍的尾端都找不到，说最起码要排三个钟头，有时间的话就去吧。,2018-03-09
1*0,怎么说呢？不去后悔，去了更后悔,2018-06-24
M*5,出票巨快，建议提前定，当天定价格不美好,2018-06-14
爱*阳,人挺多的，蜘蛛侠好惊险好刺激。,2018-06-14
P*g,我们根据天气决定买一日票还是1.5日，到了大阪正好小雨，在机场当下买好就能在那取票，方便快捷,2018-06-14
j*j,实体票  非常好 有效期内都能玩 很好用,2018-06-14
w*e,超级好玩，一天玩不够。想刷所有的项目肯定是要买VIP的。,2018-06-14
r*3,棒棒棒，去的时候人不算多，热门项目排队最长半小时,2018-06-14
望*贝,很好玩，里面人很多，建议买快速通行证,2018-06-13
M*7,使用非常方便，不用去排队换票。,2018-06-13
_*5,出票特别快，也非常的靠谱，下次还会预定的,2018-06-13
1*9,取票方便，直接门口刷票通过！！,2018-06-13
1*9,取票很方便，到usj直接刷票通过！,2018-06-13
_*7,门票不贵 但是快速通行证爆贵 但是还是值得买的 ,2018-06-13
M*3,以小黄人为主题的环球影城，有大白鲨，龙珠，蜘蛛侠等。冲着哈利波特的禁忌之旅也值得一去，各种4D电影，项目刺激度刚好，适合小朋友去。,2017-10-12
1*6,提前买好很方便很方便很方便很方便,2018-06-12
1*6,很好很方便很好很方便很好很方便,2018-06-12
尹*华,不错，不错，有专门小孩子玩的区域，我们去的时候还好，没买快速票，就买了1.5日门票，都玩遍了,2018-06-12
h*5,二维码很方便，不用打印出来，入园直接扫就行,2018-06-12
任*怡,请问我一个人带5岁小朋友112cm有必要买快速票吗，她能玩的是不是很受限制？,2018-06-12
艾*斯,不虚此行，飞天翼龙超级刺激，哈利波特，蜘蛛侠爽翻了，还想再去,2018-06-12
1*0,游玩的日期为周五，正好有许多日本学生秋游，加上红叶季的游客众多，当天园区里人非常多。不过确实体会到了之前网上评论的，在日本玩人多但不乱的感觉，总体还是很开心。幸亏之前买了快速券，不然一天玩不了几个项目。总的感觉大项目都是各种过山车，要么4D，要么室外过山车，哈哈。当然，小游戏也是有的。吃的很多，园区卫生程度也很好。,2017-11-28
M*4,这个环球影城非常值得一来，它是关西地区一个著名的景点，有些项目需要排队等待，值得推荐的是哈里波特区一定要去，人非常的多。,2017-10-10
M*3,"这里和国内的一些大型的游乐场相比较,感觉更适合成年人玩,很刺激有些项目,人非常的多,需要排队等待,哈里波特的场景非常的逼真。",2017-10-10
F*6,现代化的影城，里面可以加费用免排队，很个性化服务。,2018-06-10
皮*然,和东京上海迪士尼相比还是差很多,2018-06-19
M*6,基本都是在排队中度过，只玩了2个项目，哈利波特2.5小时，小黄人排队3小时,2018-06-09
1*0,方便  机场下来就能取票 中文服务 ,2018-06-09
1*0,去的当天排队人不多 感觉白买了。,2018-06-09
在*方,很好玩，不错，下次还想去，日本很棒,2018-06-09
M*2,棒！有了快速票一天几乎把所有项目都玩下来了，还不是很累,2018-06-08
指*珍,大阪必游景点，和新加坡大不一样,2018-06-08
_*1,预订后直接入园，比较方便，减少排队。,2018-06-07
_*8,门票没问题 正常使用 usj没想象中好玩,2018-06-07
f*b,非常快速，很好玩的项目，刺激程度适中,2018-06-07
李*歐,省去排隊買票的時間。雖然沒有比較便宜。但省了不少時間,2018-06-07
M*2,因为下雨 快速票白买了，不过项目也因为下雨玩了7个,2018-06-07
M*可,可能因为去的是淡季，快通票根本没什么作用……,2018-06-16
墨*羊,快速出票，值得信赖。公园很棒！,2018-06-06
旅*人,去大阪一定要去的地方，加税每人7900日元，,2018-06-06
g*u,因为下雨天人不是特别多，所以很快排到我们了，比平常用时少。,2018-06-06
g*u,因为下雨天人不是很多，所以很快就排到我们了,2018-06-06
g*u,因为下了雨，所以去的人应该不是特别多，所以很快就排到我们了,2018-06-06
g*u,因为下雨天，大家玩的还是比较尽兴的，人不是很多，很快就能排到了。,2018-06-06
g*u,因为下雨人不是很多，所以大家玩的还是很尽兴的，下次还会预定，谢谢,2018-06-06
M*5,不急很好很好很好下次还会去的拉,2018-06-05
M*2,非常好，进去很方便，玩几遍都OK,2018-06-05
G*g,带着娃儿来看这边的环球影城，作为哈利波特粉，真是高兴坏了,2018-06-05
_*3,不错 中午去的  好多项目还没有玩 下次继续,2018-06-05
1*5,不错不错，很好很好，方便得很。,2018-06-05
1*5,方便不错不错，扫码进场，很好的。,2018-06-05
e*1,天气好，心情好，一大早来的就看到排队的人不少，十一去的感觉中国人也很多啊。景区里买了个大鸡腿，无敌美味哦。跟拳头一样大哈哈哈。,2017-10-04
g*u,因为下雨所以人不是很多，大家玩得挺尽兴的。,2018-06-04
_*9,太好玩了，吊挂的过山车、倒开的过山车、水世界表演要早去，结束的早，哈利波特还可以，景物还原电影，人多，之前新加坡玩过变形金刚了，所哟禁忌之旅就感觉没有那么新奇，还可以，搞笑的是当天禁忌之旅中间中出现bug，可以免排队再玩一次，结果每一次多有bug.......连续玩了3次就放弃了,2017-11-21
C*n,值得去玩的好景點，當然還是會再去！,2018-06-03
y*i,玩了很多项目，唯一的不足就是有些剧场啊活动啊都是全日文，下面没有英文，有点遗憾！,2018-06-03
1*7,和东京迪斯尼齐名的主题公园，但跟迪士尼不同的是，usj没有免费的fastpass可以领取，所以旺季时段热门的项目排队很厉害，一般排两个小时以上是很正常的。建议不要选择周末或者日本公众节假日去玩。环球影城位于樱岛，可以乘坐jr樱岛线在university下车步行五分钟就到了。,2017-11-20
M*0,挺方便的，提前订好久，不过快速票感觉订的有点浪费，可能周二人比较少吧,2018-06-02
_*1,很著名的乐园，很多人，项目很好玩的,2018-06-02
w*g,电子票，二维码一扫即可入场，快捷,2018-06-02
w*g,省事，快捷，扫码进场，无需打印,2018-06-02
溟*潴,值得一去，胆小加恐高加晕好多项目都木有玩,2018-06-02
M*8,直接手机出示刷二维码就可以进场，非常方便。,2018-06-01
2*5,不用打印纸质门票，直接扫码入园，很方便,2018-06-01
_*4,很好，很方便，刷二维码直接进去了,2018-06-01
青*祤,方便快捷，适合我们这些懒人。哈哈哈,2018-04-13
2*9,价格虽贵但是物有所值，买快四节约了不少时间,2018-05-31
2*9,出票快，使用便利，usj的门票虽然有点贵，但还是物有所值的,2018-05-31
小*二,环球影城中有各种的亲子娱乐设施，很有特色,2018-05-31
1*6,好，起个大早去，不用加钱买哈利波特的票。,2018-05-30
M*1,非常方便啊 扫二维码就可以 7项快速基本上1天之内都可以玩到,2018-05-30
M*1,非常方便 扫一下截图的二维码就可以了,2018-05-30
_*7,很多特色的主题在里面，很有趣！,2018-05-29
M*8,人虽然多，但真的超级有秩序。火鸡腿比上海迪士尼还便宜30块人民币,2018-05-29
M*4,除了侏罗纪园的过山车没坐，其他全玩到了，主打应该是4D效果，哈里波特园区景色不错，但是游戏过程中说的都是日语包括哈里波特，听不太懂侏罗纪园水上项目其实是激流勇进，但是营造的气氛很好美国街晚上有烟火表演很精艳（大圣诞树对面）还有小黄人的街演，很棒小黄人园区有小黄人汉堡、还有蛋包饭，有一款小黄人蛋糕很好吃但是小黄人园区里的4D项目还是适合小朋友，大人会觉得有些无聊其实4D的国内的方特乐园也不错，而且便宜好多，这个网上订要450，而方特150就够 了，只是各区主题不像这里这样鲜名，街演相对少一些，但4D效果有一拼，刺激项目也多一些，这里还是适合小朋友的多一些。,2017-11-15
e*3,环球影城值得去，游乐设施很好玩。,2018-05-28
d*8,带小朋友肯定要去啦。一天半的门票很合适，错峰玩项目超级爽，孩子玩的很开心。,2018-05-28
3*6,必须要购买，起码省时大半天，非常值得,2018-05-28
兰*瓣,各个品牌特色明显。园区里有点找不到路,2018-05-28
A*r,很好玩，很多可爱的人物，很有趣,2018-05-27
_*7,挺好玩的哈 小黄人粉很开心 快速票很值得买 哈利波特必去,2018-05-27
a*o,很好…………………………………,2018-05-27
a*o,很好…………………………………,2018-05-27
1*0,千万不要被门口的店铺吸引，先进去。排队也是，看着人不多，实际各种绕，因为当天买票，没用快速票，真的排了两三个小时。去的哈利波特禁忌之旅。挺好看的,2017-11-13
1*6,提前买票很有必要，住在附近酒店，一早就有很多人，所以提前买好票很有必要，哈利波特值得一游，设施不错,2018-05-26
2*0,全球四大环球影城之一，哈利波特是特色。,2018-05-26
H*g,岛国的USJ还是可以的，值得一去！,2018-05-25
f*1,很方便，直接打印出来就可以扫码入场了,2018-04-05
1*8,门票而言，方便是方便，不过进门的时候有一张没刷起，工作人员过来很快解决。,2018-05-23
M*7,房间是在大阪住过最大的酒店了，很好，超方便,2018-05-23
S*8,扫码即可入园，超方便，去玩环球一定要买快速，去看看的就可以不用了，快速真的快且方便，赞！,2018-05-23
E*2,好玩，紧张，刺激。值得一去的游乐场。,2018-05-22
M*2,很顺利  景区项目很刺激 非常好,2018-05-22
七*月,大阪环球影城当然好玩，而大阪又是美食之都,2018-05-22
毒*子,出票速度很快 安全放心 直接扫码入园,2018-05-22
毒*子,五星好评 无需打印 直接手机打开扫码即可 方便环保～,2018-05-22
r*g,快速票打印下来，很方便，很方便,2018-05-22
r*g,我是邮寄门票的，小黄人太可爱了～可以留个纪念,2018-05-22
N*a,很有必要购买quick pass，排队还是很久的，小黄人2小时左右,2018-05-22
N*a,电子票很方便，哈利波特小黄人超有特色，工作人员热情洋溢,2018-05-22
N*a,好玩，孩子超喜欢，特别哈利波特和小黄人，工作人员热情洋溢,2018-05-22
周*安,这个影城一般，和中国比差的太多,2018-05-31
1*6,挺好的，适合带孩子去玩，但就是周末人太多了。,2018-05-21
1*7,一定要去玩，早点去，队都特别长，现在晚上有巡演,2018-05-20
1*1,运气不错，该玩的都玩了，亲子必玩项目,2018-05-20
_*4,出票很快，很棒，绝对值得一去！,2018-05-18
_*7,可以的 一天玩的很开心哈利波特最棒,2018-05-18
M*2,感觉大部分是4d效果，连续玩会很晕～场内的景物将电影还原得很好！晚上呢灯光展挺不错！,2018-05-18
D*R,非常方便，走快速通道给工作人员扫一下二维码即可,2018-05-18
M*2,超级好玩的游乐园，当然对于那些追求刺激的可能就觉得一般，但是各种表演很赞，4D游乐设施也好玩,2018-05-18
s*2,买了快速券，价格要500块钱，一个人还是有点贵的。,2018-05-17
M*8,人超级多，能玩的项目也很多，但是排队也很久，至少一个小时,2018-05-17
哈*四,可惜的是飞龙在维护，没有坐到，下次再来吧人是真的多，但都很有秩序，排队的速度也很快,2018-05-17
M*1,门票扫码很方便，园内还是不错的,2018-05-16
V*t,此券不包含入场券，只有上面说的七项是快速通道，别的都不行，这样算下来要贵很多，不值,2018-05-25
t*4,性价比高的 还是推荐的 事先买好 很方便,2018-05-15
一*1,还会再来，我是头天晚上预订的，转天直接刷二维码就好了，联通也很方便，出地铁即到不错,2018-05-15
侦*探,二维码进入，不用门票，付款即订成功,2018-05-14
侦*探,正品，速度很快，二维码进入，不排队,2018-05-14
刘*儿,出票很快的 没有提前很多天预订的价格还算可以了,2018-05-13
1*6,秒出票，入园扫二维码就可以了。非常方便，玩得很开心，哈利波特最赞！,2018-05-13
珑*声,喜欢电影的朋友一定要去这里玩啊,2018-05-12
M*3,人不是很多，项目都很精彩，有机会再去,2018-05-12
艾*婉,订票很方便，电子票就可扫，园内很多项目都值得一玩。,2018-05-11
_*5,带队等候时间短，基本都玩到了。,2018-05-11
k*i,二维码pdf太小了～朋友的进门扫了好几次，才成功,2018-05-11
R*i,有的项目不错，工作人员都很热情，建议1-2天游玩,2018-05-11
1*5,非常好玩的一个游乐场，有的玩还有的吃、小黄人泼水游行，小孩玩的开心大人同样玩的开心,2018-05-11
1*5,到大阪来，当然要去这里咯，必须的。,2018-05-10
M*4,超级赞非常非常满意的旅行。,2018-05-10
M*4,地方挺好玩的，幸亏买了快速通道，不过有些信息给翻译错了，耽误不少时间,2018-05-09
m*8,显示排队时间长短实际还可以，不是公休周末不用买快速票票因为蛮贵的,2018-05-09
E*5,非常适合年轻人过来，特别是喜欢好莱坞电影的人过来，里面有非常好玩的过山车，而且只要是淡季去的话，不需要排很长的队，而且非常的刺激,2017-09-07
M*7,据说是全球每年到访游客最多的游乐园，好玩的项目很多，就是排队时间太长，最有特色的就是哈利波特城堡乐园，整个城堡的的氛围让人如同进入电影的真实场景，非常震撼，强烈推荐,2017-09-07
y*9,很不错的地方，去玩一玩很好，就是人多,2018-05-08
M*1,扫码就能进很方便，还定了快速票 但当天下雨了 人比较少 我是没用上,2018-05-08
1*9,快速票那叫一个贵呀，去的当天下雨了，很多项目没有完成，快速票有点浪费,2018-05-08
M*7,蜘蛛侠，哈利波特，好莱坞梦幻之旅太好玩了，下来后意犹未尽。无奈排队人太多，不然，玩n次。没有买快速通票，看到快速通道人一个个进去，内心无比后悔～,2017-09-06
E*1,感觉全球的环球影城都差不多，买个快速票基本半天能搞定，大阪唯一印象深刻的是门口的美食城，二楼，整层的章鱼小丸子，各种口味，超级赞,2017-09-06
M*5,值得一去，适合带孩子去游玩，孩子小不适合，六岁以上吧。,2018-05-07
y*f,排队人多，花钱就可以快速通道玩，不爽,2018-05-07
冬*远,要来这里玩就做好花上一天时间的准备，但是确实不错。,2018-05-07
_*1,环球影城位于日本的大阪市，有点像日本版本的好莱坞或者迪士尼哈哈，环球影城主打的还是动漫产业，里面有很多动画人物，也很大。,2017-09-05
时*好,暑假去人超多 不过比国内游乐场好玩多了，还是很值得,2018-05-06
x*g,排队时间虽然挺长的，但是项目是真的挺好玩的,2018-05-06
R*L,很棒方便 直接用手机出示即可 很好用,2018-05-06
a*9,非常棒！很方便！客服也很细心，只是突如其来的粤语让我以为打错了，但是客服小哥非常细心帮我讲解了很多，最后票一定要多打印几份！不然二维码很容易磨掉。,2017-10-22
M*3,哈利波特和小黄人是热点。哈利波特城堡更赞一些，小黄人呼声很高但也就是4D电影的套路，并不觉得很特别。过山车比较推荐飞天翼龙和好莱坞美梦。其他项目和其他城市的环球影城区别不大。暑假非周末热门项目排队均超过2小时，建议购买快速票。另外尽量早到，因为9点到达公园门口已经排了长队。,2017-10-22
2*7,交通很方便 我们是从大阪日本桥过去的 买了快通票 所以没怎么排队 飞天翼龙很刺激♥环球影城虽然不大 可是布局很合理 刚进去时会摸不着方向 转一圈就知道了 吃的东西不算贵 工作人员很热情☜☞,2017-09-03
m*5,太好玩了，好想再去一次，值回票价。,2018-05-04
3*1,用了快去券后基本所有的都玩了，很好。,2018-05-04
3*1,值得信赖，非常好，能使用。。。,2018-05-04
_*2,出票很快！直接用二维码进园的，很方便！去的时候人不多，项目基本刷完！还有好多二刷的！玩的很开心！,2018-05-04
小*8,值得去看一下啊，这里是日本大阪的一个影城。,2018-05-03
1*6,方便，快捷，扫码就进了，不用排队,2018-05-02
1*3,赶上日本黄金周，热门的都是120-140分钟,2018-05-02
加*儿,娱乐项目很多。个人觉得适合12岁以上的去玩。,2018-05-02
t*7,总体评价还是很不错的，蛮值得去的,2018-05-01
1*4,有机会来到日本环球影视城，真的很漂亮，就好像梦幻般的地方,2018-04-30
风*鹰,值得，一定要提前攻略，很有意思,2018-04-29
矮*哥,很方便 刷二维码就能入园   ,2018-04-29
1*5,一定得买fast pass！我们买的是pass7，好像是比入门票还要贵但非常值！除了Harry Potter有指定时间，其他的都无须排队就可以进去玩！可能是周6又近万圣节几乎所有的rides都要排1小时到270分钟。。。蜘蛛侠，飞天翼龙，小黄人，侏罗纪公园都好玩。日本人很陶醉于CosPlay，穿着性感小护士服装，特警，女僵尸，wolverine等等乘地铁来，有如来圣地朝拜似的。非常有意思 ：）,2017-10-16
_*8,跟北京欢乐谷差不多，就是主题多一点，除了过山车就是4D动感体验,2018-05-07
A*L,快速票必备 就是不能自己安排热门园区时间,2018-04-27
y*U,挺好玩的，还会去第二次，值得推荐,2018-04-26
y*蕾,不错、出票很快很方便也很优惠,2018-03-08
x*7,入园前一天发的邮箱很方便，一刷就进。,2018-03-08
M*9,有了快速票，才能在一天玩完所有想玩的项目。真心推荐一日游的人，没有花钱的不是,2018-04-25
米*汪,使用方便，快捷，大热天气热，不要排长队,2018-04-25
1*1,很好玩，很好玩，很好玩，很好玩,2018-04-24
D*9,很方便，只要扫一下邮件里的二维码就能进,2018-04-23
a*u,门票很值得买，省去排队买票的时间,2018-04-23
五*刀,排队的设置人性化，不感觉到累。,2018-04-22
馨*窝,比两张单人票少几块钱，要买票的话一定选电子票，实体票排队取票的队伍让我吓到了。,2018-04-22
馨*窝,超有需要买的，一天下来所有项目都搞定。在这个超爱排队的国度里，好想问，她们的学生都不上学的吗？,2018-04-22
1*7,顺利进园，很方便，秒出票，没有买快速，一早等开园，人不算多，热门的都玩了。,2018-04-22
g*7,非常不错，值得推荐。带娃必去。,2018-04-21
s*u,园子很大，设施很酷，就是人多，一定要提前做好攻略,2018-04-21
成*蕉,欢乐的海洋，经典的卡通人物，一定要玩一天,2018-04-21
丶*儿,扫码入园快速方便而且比淘宝的便宜,2018-04-21
_*7,网上买好票进园很方便，不错赞一个,2018-04-20
2*8,玩的很嗨，凑满十五个字吧…………,2018-04-20
2*8,好玩，值得去玩，十五个字满了吗,2018-04-20
1*6,非常值得一玩 每个阶段都有不同的主题,2018-04-20
2*6,冲着哈利波特去的，戴3D眼镜玩的室内过山车，魁地奇比赛好逼真，真心好玩，就是排队时间很久，排了110分钟，玩5分钟，黄油啤酒就是沙冰，超级好喝，买了跟波特的魔法棒，虽然中国制而且不便宜，就是忍不住。因为宝去的时候身高限制，就完了波特和芝麻街，芝麻街也不错。很开心,2017-10-07
M*1,据说日本的环球影视城，应该是我去过全世界那么多比较有意思的一个了,2018-04-19
E*8,票完全没有问题，不过要按照票规定时间走项目，玩完了还能去蜘蛛侠和哈利波特,2018-04-19
E*8,很好用 门口闸机刷二维码进出非常方便,2018-04-19
爱*果,手机刷二维码就能进园 很方便 电子票 收到也快 ,2018-04-19
M*4,着实不错的地方，还是值得去玩的地方，真心不错,2018-04-19
1*4,五月份去 好期待啊 买了快速票,2018-04-19
M*6,日本环球影城位于日本大阪市此花区，1998年10月28日由美国动作演员、加州州长阿诺德·施瓦辛格主持动工仪式，2001年3月31日开幕。影城中有各种亲子娱乐设施、还有日本特色的卡通人物，更是一座电影主题游乐场，分为纽约区、好莱坞区、旧金山区、哈利·波特的魔法世界、水世界、亲善村、环球奇境、侏罗纪公园8个区域[1]。,2017-10-06
走*士,出票快，直接扫码入园，环球影城很棒,2018-04-18
1*2,打印后直接入园，非常方便。可惜当天没遇到花车巡游和城堡灯光秀,2018-04-18
_*9,哈利波特很值得体验去超赞 太棒啦,2018-04-18
M*4,很不错哦，就是闭园时间太早。。。,2018-04-17
G*n,很好用！下次如果去还会再订购！,2018-04-15
b*n,人太多，排队受不了，需买快速通行券,2018-04-15
2*4,总体还可以，一天半的票合适，可惜的就是一天只能进去一次，小孩儿睡觉出来就进不去了。,2018-04-15
2*6,好玩，好看，热情，适合年轻人玩的地方,2017-11-18
_*7,很好玩的游乐场，最重要的一点是提前去排队，第一批进场，直奔热门,2017-09-25
张*团,好玩，刺激，人多，门票贵，周边也贵,2018-04-04
小*罗,还不错，但感觉没有东京迪斯尼玩的舒服，迪斯尼的整体服务还是稍强些的,2018-04-04
紫*辉,很不错的地方，下次一定还会再来！,2018-04-04
m*梦,飞天翼龙过去了直接玩，基本都不用排队，快速票就是好,2018-04-03
j*i,出票快，自己打印出来扫码进园。,2018-04-02
2*5,真的很棒！好莱坞值得正反各一趟,2018-04-02
M*2,日本游乐园的游玩顺序最好是，迪士尼~海洋迪士尼~环球影城……哈利波特的确做的很好，最好买fp，,2018-04-02
M*2,四项是最划算的买法，飞天翼龙直接废了，在门口徘徊了半小时，硬是没敢进去-_-||,2018-04-02
_*6,孩子们的天堂、疯狂的的吃喝玩乐,2017-11-07
_*1,订票很方便，刷二维码直接进园，人好多，后悔没有提前买快速票,2018-04-01
6*7,玩过好几个国家的环球影城，日本是最有本国特色的。这次去有美少女战士和名侦探柯南的专题游乐，很好玩,2018-04-01
e*9,去过新加坡的，个人觉得比新加坡的有特色，特别是哈利波特,2017-09-17
张*团,刺激，好玩，有趣，值得一去，就是人有点多，门票稍贵,2018-03-28
老*-,在日本购买的，使用时确实很方便。节省了不少的时间，建议去游玩的盆友在游玩前，一定要购买好再进去。,2018-03-28
E*6,我买了四个快速，蜘蛛侠，飞天翼龙，小黄人，哈利波特，感觉特别值，因为排队的人超级多。魔鬼终结者完全是个鸡肋。进去一个女的讲日语完全听不懂，又放了一个日语电影，都快睡着了。,2017-09-14
1*8,日本两大乐园，环球影城和迪士尼一定要来看看，环球影城有地铁可以直达，交通很方便。,2017-10-29
小*咖,很方便，把二维码打印出来门口扫码就可以了,2018-01-29
b*p,方便，直接刷二维码进园，不用换票，节省时间,2018-03-18
1*6,和迪斯尼媲美的环球影城不会让人失望，只是有几点需要吐槽下1.大多数游乐设施适合小学以上的孩子，小小孩还是去迪斯尼吧2.人实在是多，哈利波特和小黄人都需要排队3小时以上，不买快速票基本就别想玩3.好莱坞区的4D影片是日文的，中国人看多半会一脸懵逼,2017-09-03
d*h,宝宝还小，只能玩儿童乐园区的，但是光是看看小黄人就很高兴啦,2018-03-16
3*3,方便，发货快，扫二维码就进啦，UJ好玩！,2018-03-13
M*2,挺好玩的，大朋友也玩的非常开心就是门票太贵,2018-03-13
2*8,早点去，里面玩的很多，每个时间点的迅街表演很不错。孩子很喜欢下次还要去。,2018-03-13
蓝*台,亲子游必到打卡点，相对于其他城市的环球影城小。,2018-03-13
1*3,人也没有想象中的多，气氛很好。,2018-03-13
L*9,邮件发二维码，手机照片二维码扫描入园,2018-03-11
1*6,十分好～～～～～～～～～～～～～,2018-03-11
2*0,真的很值得去看一下。非常赞，比迪士尼好玩,2018-03-09
M*0,很方便，门口二维码一刷就能进去了，去usj前一天晚上买的，马上就收到了邮件！好评～,2018-03-07
1*1,非常好特别好超级好相当好无敌快,2018-03-07
2*5,超好玩，门票扫一下就给进了，很方便,2017-10-01
幸*殇,这次日本旅程最大的亮点肯定是大阪环球影城和东京的迪士尼了，大阪环球影城真的完美地还原了各个电影场景，作为一个电影迷真的不虚此行 因为是带孩子出行还特别找了不凡旅行定制工作室帮我们安排 有需要的亲可以联系他们 服务棒棒哒1375****249（v）,2017-08-11
2*6,大家都说环球影城最有性价比的项目就是哈利波特的魔法之旅，我们刚好赶上日本的公众假期，结果排队两个小时，游戏时间是15分钟左右。小朋友排队太辛苦了，不过玩完出来他还是很高兴的。,2017-11-13
E*8,超赞的，哈利波特太好玩了，一定还会再来！,2017-09-18
琥*牙,全家一起游玩了大阪环球影城，个人感觉比新加坡环球影城刚好玩。环球影城相对于迪士尼乐园来说，更适合青少年和成年人，因为每个项目都会让你参与到一个个电影的场景当中，更加身临其境。我们玩了蜘蛛侠探险和大白鲨水上项目，非常好玩。另外，哈利波特主题乐园人很多，因为没有买快速券，所以没有玩，就进去拍了些照片。,2017-03-02
1*2,个人觉得环球影城和迪斯尼类似，里面还有一个哈利波特城，我去了里面一个餐厅，里面的设计，还有食物都是做成海贼王的样子，非常有意思,2017-10-29
M*y,玩得很开心，挺方便的。但其实有些项目不太需要排队,2017-12-11
w*6,去过一次，这次选大阪就是冲着环球，上次侏罗纪没有玩到（维修），哈利波特排队20分钟就能玩到，侏罗纪3个多小时。。。,2017-11-07
2*8,不去环球影城，那来大阪干嘛呢？虽然价格有点贵，但还是觉得很值得。和迪斯尼比起来，算是升级版，项目更刺激，过山车类项目有好多个，晚上的僵尸派对很有意思。,2017-10-11
M*8,哈利波特和小黄人是热点。哈利波特城堡更赞一些，小黄人呼声很高但也就是4D电影的套路，并不觉得很特别。过山车比较推荐飞天翼龙和好莱坞美梦..,2017-10-07
_*9,环球影城人真的太多啦，门票只管一天，一定要规划好行程。哈利波特魔法学院很挤，建议早去。纪念品什么的可以出来的时候再买，一定要早点入园～,2017-10-04
_*0,日本的环球影视城在这里观看电影你可以感到超感觉的享受这里的听非常的大环境非常的干净卫生影响效果非常得好好号,2017-10-04
_*2,10月8日的环球影城标准四项，含哈利波特，2张，当日大门票成人和儿童各一张可转让。4号出游日本，昨天脚扭伤打石膏绝对卧床两周，很伤心。需要的可留言,2017-10-03
1*6,体验哈利波特馆里4d+4k 小黄人馆的裸眼3D 侏罗纪公园的超酷过山车，和蜘蛛侠馆里的4D+特效。很值得一去。,2017-10-01
3*6,绝对值得 适合大人大孩子 孩子太小 很多项目玩不了,2017-10-01
M*6,日本环球影城，是以美国好莱坞电影为主题的大型主题乐园。在这里，可以参观、乘坐各种惊险娱乐设施，参观十分精彩的表演秀。,2017-09-29
M*5,开始觉得USJ整体下来，门票加快速票价格挺高的，最后还是买了，去了之后完全没有后悔，很棒的游乐园，最喜欢哈利波特和蜘蛛侠，有机会的话还想再去一次。,2017-09-21
f*7,大门票，比统一价469便宜，刷二维码进很方便,2017-10-31
H*犬,邮件打印下来，直接入园扫码即可，很方便,2017-10-24
1*3,大阪影视城还是值得一去的，买的快速通道票，一天没有都玩到，玩一天的话有点累，像赶场子，准备再去玩一次，分二次会比较休闲，,2017-09-03
1*6,号称东方好莱坞，太棒了，很喜欢。,2017-11-26
_*4,很不错，值得去，下次有机会带孩子一起再去过,2017-11-26
_*4,值得去看看，壮观的场面，优质的服务,2017-11-25
3*9,影城环境很好，看电影很舒服，喜欢来这看电影。,2017-11-25
1*5,很愉快的游玩！方便快捷！游乐设施也很好，玩的开心愉快！,2017-10-06
1*6,这里无疑就是东方的好莱坞了，带孩子的不要错过哦。,2017-11-22
_*4,大阪最好玩的就是环球影城，可玩性很高。,2017-11-20
_*3,不错里面环境很好，设施刺激值得一去,2017-11-19
E*3,玩了整整一天地方比较好找但是哪一个项目都要排队很多项目看得人多就不想排队了,2017-11-19
1*7,好玩，刺激！不亚于迪士尼乐园的游玩去处！,2017-11-16
M*1,很值得一去，一定要买快速票！！,2017-11-14
1*8,环球影城超级好玩，一天完全不够,2017-11-10
1*7,非常值得去玩的地方，大人小孩都能找到适合自己的玩乐项目，快速票很值，方便，,2017-11-10
自*发,一早就收到票 方便 环球有时间的话还是必去项目的～哈利波特的噱头不光是回忆 真心觉得禁忌之旅的感受最棒 有情怀的项目！,2016-12-02
我*丽,幸亏有快通票，哈利波特和大白鲨都玩了两次！太好玩了！大白鲨很逼真啊，回来看了“鲨滩”更有感觉。哈利波特就像把你放在电影里一样，使劲飞，嗓子都喊冒烟了。其它也基本都玩了，蜘蛛侠，终结者，魔幻星空，侏罗纪…比较遗憾的是“回到未来”没开放，下次再玩吧。我是超级影迷，来到环球影城玩的很尽兴。,2016-09-20
r*1,这里不仅仅是我们想象中的适合孩子们的玩乐场所，实际上大人在这里也会玩的很开心。可以整整玩一天。,2017-11-07
E*7,服务超级好，去玩啦还想玩的地方。,2017-11-06
M*3,飞天翼龙no.1。看好天气再订票是必要的。,2017-11-03
1*8,ユニバーサルが意味することは、ちょうど世界金融センターに到着した、日本は大阪が経済中心であること、,2017-11-03
1*6,这里很好玩，小孩玩得很开心的。,2017-11-02
6*4,价格比较贵，环境很好，人很多，服务态度很好,2017-10-31
t*7,非常不错的景点，过山车很值得一玩,2017-10-31
2*2,特别震撼，以后还会带朋友在来的,2017-10-29
o*5,太方便了，入园直接扫二维码即可。节约不少时间，哈利波特太好玩了，必玩,2017-09-10
_*9,超好玩。喜欢小黄人 孩子很喜欢还安全。,2017-10-21
_*4,日本环球影城，游客到这里来感受影城的魅力,2017-10-21
x*i,确实很有特点，哈利波特专场很逼真，还有现场魔法学院学生合唱，大太阳底下很敬业了。,2017-10-21
_*7,可惜蜘蛛侠馆身高不够，宝贝留下委屈的泪水！,2017-10-17
e*8,里面太大了。自由行前往。跟团队参加不了的。,2017-10-15
M*7,景色宜人，趣味性强性价比高，值得推荐。,2017-10-15
2*5,好多人在这里，这里很受欢迎，太好玩了,2017-10-12
M*7,女儿很喜欢在这里，因为她喜欢看电影,2017-10-12
_*5,花车游行很欢乐，快速通关必买，不用排队。,2017-10-11
1*2,很好玩很方便，太棒啦☺☺☺,2017-10-11
_*9,乐园确实不错，玩的项目视觉感很震撼！,2017-10-10
M*4,还可以  vr比较刺激  以后带宝宝来玩,2017-10-09
_*1,大阪很有人气的游乐园，很好玩，人很多,2017-10-08
x*0,很好玩的地方，蜘蛛侠非常逼真，最喜欢哈利波特！惊险刺激。,2017-10-08
_*4,大阪得环球影城不错，我挺喜欢的，值得一去。,2017-10-08
2*2,超好玩的游乐场，对哈利波特意犹未尽，还有蜘蛛侠。值得再去的地方,2017-10-07
_*1,非常好玩的地方，人很多，气氛非常好,2017-10-05
E*3,这种主题乐园人多排队长一天玩不了几处地方一点意思都没有还不如去别的景点玩,2017-10-04
1*8,特别好的体验，各种服务一流，比,2017-10-04
m*9,以电影为主题的娱乐游玩场所，非常棒,2017-10-04
e*g,420太贵了，如果加上快速通道，要1000多,2017-09-30
M*6,整体来说感觉不错哟，可玩性高，就是排队人数超多,2017-09-30
m*9,超级好玩，超级吸引人，而且日本人的服务真的太到位了,2017-09-29
w*i,地理位置方便，地方环境不错，干净整洁，设备齐全，可以推荐。,2017-09-28
b*y,大阪的环球影城，不得不去啊！可花费一整天时间。,2017-09-27
s*3,值得一去的环球影视城，虽然很拥挤，但当天晚上我们还看到了烟火晚会，很棒！,2017-08-09
2*5,非常现代化，也很有趣味性，景色也不错，性价比还可以。,2017-10-05
2*1,游乐项目很多，可以体验很多电影场景。,2017-09-23
2*9,周末去日本本地人非常多，其实挺有趣的，但在洛杉矶都玩过了。,2017-10-01
1*8,值得去看一下啊，这里的影视城非常完美。,2017-09-21
_*1,环球新城非常好玩，人很多，秩序很好,2017-09-20
m*5,去环球影城一定要趁早，在开门的第一波就要进入，这样可以避免不必要的排队，然后快速票也是必要的。,2017-09-20
M*3,日本达坂影视作品成！很多小人物！,2017-09-19
1*0,趣味性强，小朋友特别喜欢！适合亲子游！,2017-09-19
M*7,比迪斯尼跟适合成人玩乐 还是很不错的,2017-09-19
l*9,非常有名，音效蛮好的！环境不错，价格小贵……,2017-09-17
1*0,大人小孩都适合的游乐场所，记得快速通行券,2017-09-17
M*0,日本环球非常不错  很干净很有趣,2017-09-15
M*3,大阪环球影城，独具一格的哈利波特主题乐园！很好玩！,2017-09-15
1*1,值得带小朋友去看一看，全球只有3个哦,2017-09-14
M*7,替亲戚买的，她玩的挺开心，性价比不错的,2017-09-10
_*9,好玩呀，值得去哦，不过要早点去，不然好多人,2017-09-09
M*6,日本环球影城，是一座大型主题乐园，以放映好莱坞电影为主。,2017-09-09
M*8,很好玩，設施商店都很有趣，很棒,2017-09-07
1*6,绝对是哈利波特迷的圣地，在里面玩的实在太开心了,2017-09-06
E*9,最喜欢哈利波特了，来这里绝对不后悔,2017-09-05
M*4,大阪必去打卡点！第二次去了！小黄人和飞天翼龙人气超高！,2017-09-04
M*9,哄小孩子的玩具，价格死贵！景色不佳……不想来第二趟,2017-09-04
M*3,环球影视作品！展览管好棒啊！厉害,2017-09-02
S*侠,取票方便，靠谱，值得购买，值得一去,2017-04-07
食*待,联系非常不方便，提前一天给票，日本时间都快11点了才给，让客服催，催了一天没有什么卵用！,2017-05-02
t*1,方便，地方不大，但是挺好玩,2017-03-15
y*5,"超级不靠谱的商家！！真的超级差！！买了两张大阪环球影城和两张东京迪士尼两日票都是在我不断的催要确认单的情况下还是都在使用日期的前一个晚上的十点才给。真的垃圾！！！害我不断得从日本打国际电话去商家还有去哪儿客服那里不断的催促。内容里面写着清清楚楚付款之后三天内将确认单发送给客户，加上我打电话确认是否可以尽快将确认单发送的情况下所以和商家买票。结果都是得要不断的打电话，发邮件催促，而且都还得在使用前一天晚上十点才给。我前一天一下午就在等你们的确认单，因为得打印，结果完全没消息。隔天早上8点得到那里，我六点就得出去为了打印你们的确认单。那么多通国际电话费你们赔偿吗？浪费我那么多时间你们赔偿吗？做不到就别骗客户能三天内给确认单，何况还电话里面很确定的说没问题。This is a really unreliable provider, do not trust them and buy anything from them! They stated on the description that tickets would be send to buyer within 3 days after payment. But for all the tickets i have purchased which were at least two weeks before the using date, They had to send the ticket through email only few hours before i used it. I had to make several international calls to make them send the tickets but still They did it only after 10pm on the night before due date for all th tickets i purchased. for the Tokyo Disney land tickets, i had to print out, so i waited for hours in the convinent store just for them to send the tickets through email.",2016-08-18
y*5,"超级不靠谱的商家！！真的超级差！！买了两张大阪环球影城和两张东京迪士尼两日票都是在我不断的催要确认单的情况下还是都在使用日期的前一个晚上的十点才给。真的垃圾！！！害我不断得从日本打国际电话去商家还有去哪儿客服那里不断的催促。内容里面写着清清楚楚付款之后三天内将确认单发送给客户，加上我打电话确认是否可以尽快将确认单发送的情况下所以和商家买票。结果都是得要不断的打电话，发邮件催促，而且都还得在使用前一天晚上十点才给。我前一天一下午就在等你们的确认单，因为得打印，结果完全没消息。隔天早上8点得到那里，我六点就得出去为了打印你们的确认单。那么多通国际电话费你们赔偿吗？浪费我那么多时间你们赔偿吗？做不到就别骗客户能三天内给确认单，何况还电话里面很确定的说没问题。This is a really unreliable provider, do not trust them and buy anything from them! They stated on the description that tickets would be send to buyer within 3 days after payment. But for all the tickets i have purchased which were at least two weeks before the using date, They had to send the ticket through email only few hours before i used it. I had to make several international calls to make them send the tickets but still They did it only after 10pm on the night before due date for all th tickets i purchased. for the Tokyo Disney land tickets, i had to print out, so i waited for hours in the convinent store just for them to send the tickets through email.",2016-08-18
逆*士,非常好，电子票方便，扫码进入。,2017-03-10
芳*6,入园4小时，凭借快五即预约哈利馆，没有浪费，玩得尽兴，只要将买的电子券打印出来即可,2015-08-04
p*5,方便又快捷 价格也优惠 推荐,2015-07-29
陳*儒,非常好的地方，太好玩了，蜘蛛俠哈利波特5D遊樂非常刺激,2017-02-26
s*7,玩的非常开心，人也不算多！,2016-02-06
v*2,最喜欢哈利波特，好逼真。不过里面的机动游戏挺刺激的。太小的小孩可能不适合，值得购买商品，便宜而且专属！,2015-11-12
h*7,非常方便 而且只要把票放在電話屏幕 已經可以使用 客服貼心 有問題第一時間回覆 出票快 使用時方便 購票時客易 一字記之便    你們可以必買 不買排隊排一小時以上 買了 排五分鐘以下 簡值簡單 舒服 不辛苦的可以玩不同遊戲 建議只買五張 因為過山車 不是很好玩 沒特色,2015-11-29
t*8,好棒 进门就可以用 都没等,2016-11-25
z*7,很方便，直接下载二维码入园时扫描就行了,2016-10-11
l*5,后悔没买快速票 排队排了一天 玩了四个项目 下次自由行再去玩 日本人的服务意识很强 很乐观 环球影城到处洋溢着微笑,2016-04-29
s*5,#大阪环球影城#真的超级好玩！和想象中完全不一样，每个馆都不一样完美融入电影漫画元素！裸眼3D绝对身临其境！特别是HP简直棒呆！排队排到吐也值！Hogwards完美还原，里面的ride简直就是4D+鬼屋，超刺激超惊险绝对值得再做一次～而且里面建筑都超美～tips：butterbeer千万不要尝试难喝到爆，在霓虹尝过最最难喝的东西！ps：又活捉一只阳光下的美貌小哥ƪ(•̃͡ε•̃͡)∫,2015-02-06
l*9,很好玩阿，比起国内主题乐园的同质化，环球影城确实与众不同，很多场景让人身临其境，希望国内快点开这样的体验式主题乐园啊！,2015-04-20
雁*8,订单早，发电子票太晚了，玩儿的前一晚十点才收到，可是担心了半天。下次请再早些。,2016-08-13
c*1,很好玩，最刺激的还是逆行世界，不过我们小朋友不敢玩，吓得脸色都变了，大的几个玩完了回来，也是一脸的惊惧后的放松，有孩子说，这真玩命，但是胆子大的说最好再去玩一次。其他的项目不是太吓人，都是模拟空间为主。,2015-10-25
寝*主,非常好玩！比迪斯尼有意思多了～,2016-08-09
m*e,很好玩的，以电影为主题的公园，集中了hello kitty、snoopy、jaws等等，去年又开了哈利波特，值得去玩,2015-04-03
h*0,好玩，太好玩了，还要去玩,2016-07-05
s*7,非常适合我和儿子一起玩,2016-02-06
i*4,太好玩了，取票方便，不耽误时间！,2016-06-09
z*5,配送快，使用方便，氛围好,2015-10-31
r*3,就还不错吧 个人原因没玩好,2016-06-01
l*7,订票仓促，因此告知客服马上就要出发，希望尽快得到票，客服就给出票了，很快～～进门时不用排长队买票或者换票，出示二维码就可以了。订了两张，都没有问题。相比别家，价格较低。环球影城也值得这个非常值得这个票价。,2015-08-06
s*R,非常好玩，取票也很方便,2016-05-11
h*n,票很方便，直接入园。园区很有特色，值得推荐，就是园区内人太多。,2016-04-25
p*2,司机是位老大哥，不是拼车，是专车，接我们的时候还算准时，送我们的时候等了不少时间，正好又是大阪开始降温，在USJ多逗留了1个多小时，一家都冻的不行，下次出游不会选择，自己往返的话，时间可以更好控制。,2016-03-18
q*9,很方便很好，让我节省了很多时间,2016-04-09
h*3,带着二维码直接扫码进园 很方便 但最好再买快速票人太多了,2015-08-30
g*0,非常好玩！快速票赞！建议去玩穿的奇装异服一些！,2015-11-02
j*2,很好，很方便，服务非常好，快递第二天就到了?,2016-01-06
c*3,很好玩，就是人太多，特意选了个周一，没想到还是那么多的人，排队基本要一个小时左右，后悔没买快速券。不过也把好玩的全都玩了，到晚上游园结束才回家。,2015-08-11
e*8,挺简单的 打印出来 直接扫码就可以进去了 方便,2015-08-10
H*n,棒！！！！！！！！！,2016-03-13
a*2,昨天已经去了，玩儿的很好！,2016-02-20
k*6,哈利波特太好玩了，黄油啤酒好喝～,2016-02-18
l*5,世界一流的乐园，绝对顶级的游玩体验,2016-02-17
f*3,门票很快就寄到了，另外订票时有电话咨询，解答也非常认真,2016-02-16
b*0,不用到现场取票，付款后会将电子门票发到邮箱，直接打印出来到了环球影城出示即可，非常方便！环球影城真的非常好玩，非常热闹，哈利波特实在太震撼，点个大赞！！！,2015-09-20
p*7,拿票方便，价钱不太多差,2016-02-12
g*o,很方便，门口排队的人很多，凭券直接进,2016-02-07
E*o,发货很快，已经收到。送的哈利波特的单片夹和环球影城资料很好，很喜欢。可是为什么要送我一堆东京的地图和交通图？？真是醉了，不是应该送我大阪的图比较合理吗？,2015-09-14
v*9,不错，大人孩子玩的很开心,2015-09-09
喂*炜,直接打印 进园方便 就是 发门票邮件较慢 不像介绍中那样最晚隔天发邮件 而是打电话给去哪儿客服催促之后才发的邮件 当时有点心塞塞,2015-09-02
b*n,很不错，但一定提前买好优先票，一定一定，不然排死你，这个不像新加坡可以当天可以现场买。,2016-01-22
t*a,提前购买门票，节省时间，快捷方便！,2015-08-28
x*4,发货蛮快的~赞一个！还有送优惠券,2016-01-21
R*y,人非常多，排队久，不过值得去。,2016-01-17
f*9,很方便，到了直接在入口刷二维码就可以。但是环球影城需要买快速票比较方便。哈利波特很棒。过山车逆转的喜欢,2015-08-21
高*n,太爽啦！！！玩儿了四个过山车和男票,2016-01-12
涂*6,确认邮件发的有些晚，所以如果是提前购买的一定要提前通知他们何时出发离开，否则到了日本收到邮件还要找地方打印,2015-08-15
s*R,转让给别人了，对方说可以使用！,2016-01-04
t*1,非常满意，还送了很多有用的东西，值得够买！,2015-12-27
a*g,好玩，好吃，非常开心！,2015-12-27
f*2,使用後才來評的，現票，不需要再換，可以直接入園的,2015-08-01
E*n,5分，很好玩，很好玩，很好玩，重要的事情要说三遍,2015-12-10
t*3,大阪环球影城推荐大家一定要去 特别是两个场馆蜘蛛侠和哈利波特，尤其哈利波特我感动得都要流泪了 场景做得太好了 身临其境，感觉无与伦比～这一点超过迪斯尼～,2015-02-21
拿*手,整体感觉不错，下次继续选择,2015-12-21
c*a,相当棒，太刺激了，下次还要去,2015-12-01
b*5,东西收到了很精致！还赠了东京的地图和地铁图！这次虽然不去，可以下次用！希望到那里用的时候一切顺利！,2015-09-18
p*0,特别推荐的地方，适合所有年龄段的游乐园！,2016-01-11
渔*1,如画般景色。哈里波特的魔幻。快捷卷的便利。一切很美,2015-12-07
v*9,不错，大人孩子玩的都很开心,2015-09-09
b*6,整体不好玩，语言也是日语，听不懂啊，为啥不是英语。唯一好玩的是是哈利波特主题乐园，其他的都一般。,2015-12-18
古*兽,非常方便 比现场买便宜,2015-11-14
随*逍,出票方便，一切顺利。价格便宜,2015-11-13
u*8,还是快速票比较好用，虽然贵但是值得,2015-11-08
u*8,太赞了，值得一去，买票方便,2015-11-08
u*8,玩好回来评价，太赞了,2015-11-08
g*a,非常方便，收到东西也很快。直接来了就进去,2015-11-04
d*o,5分，环球影城海外第一家，哈利波特主题园确实赞,2015-10-29
d*c,实体票收到了，一定要能用啊,2015-10-28
四*人,实体票，非常方便，还可以做纪念,2015-10-27
落*2,相当的赞 直接发的邮件 都不用打印就进去了,2015-08-11
u*0,环球影城还不错，进去方便,2015-10-22
E*l,取票很方便又便宜，买家服务好,2015-10-16
y*i,很好很好用卖家也很好,2015-08-04
芳*6,买了快5包括预约的哈利，入园后4小时，都玩了一遍，将买的电子票打印出来带身边，超级方便,2015-08-04
t*y,好，发货快捷，使用方便,2015-08-04
m*n,去过国内外很多游乐场，就属日本这个小了，但绝对经典，这符合日本人的做事风格,2015-10-14
f*8,5分，还没去比官网买便宜呢,2015-10-13
q*e,不用排队取票很重要，很好用,2015-10-11
h*3,很方便，可以直接扫码入园，不需要外换票。,2015-10-09
h*3,很方便，可以直接扫码入园，不需要换票，,2015-10-09
o*3,很好用，发货快，价格不算最低,2015-10-08
k*9,好玩，超赞！有了快速券各种优先啊?,2015-10-07
楼*殇,环球影城很好玩啊！！！,2015-10-06
h*1,不错，值得去，下次有机会一定再去。,2015-10-05
箫*灵,很好，出行方便，还送了哈利波特文件夹，票可以直接进园区。,2015-10-04
1*4,不要換票，直接郵寄門票，方便！,2015-10-04
a*8,非常好，邮寄速度也快，省去买票时间,2015-10-03
x*6,玩的刺激 快速通关卷方便好用不排队,2015-10-01
t*5,很好玩，现在才评价，不好意思,2015-09-30
f*4,人太多了，比国内的人还多，太夸张,2015-09-30
皮*腻,购票方便，景区排队时间太长,2015-09-29
皮*腻,购票方便，但景区排队时间过长，不如去日本其他地方逛逛,2015-09-29
i*e,不错 玩得蛮好 买家发货挺快 收到及时,2015-09-28
j*7,很赞！商家服务也好，景区非常值得去玩！,2015-09-28
f*3,5，很新奇，很开心。,2015-09-28
d*5,环球很好玩 推荐去哦 更适合成人,2015-09-28
v*g,超值好用，惊险刺激，孩子玩美了，从开馆到闭馆还是不想走。,2015-07-17
n*9,东西很好 方便实用 而且便捷 当天就可以使用 省了不少钱和时间哦,2015-09-27
h*3,值得玩，不错，和迪士尼另外个风格,2015-07-11
h*7,使用非常方便，省去了排队,2015-09-20
c*y,服务态度很好，门票很快到,2015-09-19
t*4,很方便，打印好直接扫码入园就行，不用再排队换票！,2015-09-18
e*8,非常方便哦，直接寄到了公司，太好了！已经去了。以后还是网上订票比较好，不用排队。,2015-09-16
z*8,方便，不用排长长的队，节省时间,2015-09-15
y*1,挺方便的，如果无需打印直接手机扫描进园就更好了！,2015-09-14
b*4,很方便快捷，信用度高！,2015-09-13
n*8,很方便，可惜去的时候下雨,2015-09-11
s*8,太好玩了。买了快速通票，不用排队,2015-09-10
s*8,一定要买这个票，不怎么要排队了,2015-09-10
t*8,订票简单，取票方便，价格合适。,2015-09-09
n*w,赶在走之前收到了电子票，花了15块打印了三张～不过票子很便宜进门刷一下炒鸡方便,2015-09-05
t*1,不用排队，直接拿着门票进场，真好！,2015-09-03
e*8,直接拿打印的纸张进去就可以了。,2015-09-02
t*0,5分，票还没有收到，下个月才去，好莱坞环球影城很好玩，所以还想去日本这个看看。,2015-08-30
j*1,4分，项目多比较先进，但是人太多排队时间长,2015-08-25
e*6,非常方便，价钱跟日本价钱差不多,2015-08-25
y*1,5分，非常精彩，玩一天时间不够，可以在影城的酒店住一晚，两天正好。,2015-08-24
w*a,门票可直接入场很方便,2015-08-24
妖*言,Perfect    Its a wonderful park.,2015-08-24
s*6,方便，不用排队买票。,2015-08-24
n*7,非常方便，比现场买票便宜，以后还在这儿定,2015-08-23
单*子,值得一去！就是人超多！联系买快速票。,2015-08-22
单*子,玩得不错，尤其是哈利波特！孩子很喜欢。,2015-08-22
j*7,建议大家买之前最好打个电话问问，若来不及及时自取也是一个好办法的，祝大家玩的开心,2015-08-22
t*y,非常好发货速度快，便宜,2015-08-22
I*h,玩的很开心，风景宜人，值得再去,2015-08-21
h*w,蛮好的，还可以，可以用！,2015-08-19
h*w,蛮好的，还可以，可以用！,2015-08-19
w*3,很不错的体验，实现买票很方便,2015-08-18
k*h,电子票，直发有限。可直接入园，不错，省去排队的时间,2015-08-17
y*9,环球影城很值得一玩！,2015-08-16
z*0,提前买好去了不用排队买票直接进去，节省时间而且方便,2015-03-23
f*7,票领取很方便。好玩！,2015-08-15
c*5,很方便快捷，直接入园，免去排队买票,2015-08-15
恐*0,非常好玩特别喜欢哈利波特城堡！和电影里一样,2015-08-14
d*3,挺方便的，快速，便宜,2015-08-13
k*7,3，因为物流问题还需要十几天才能到货,2015-08-27
t*6,5.景色很美，很好玩。,2015-08-10
冷*春,很好玩，就是过山车太多了。。。,2015-08-10
她*它,购票很方便，值得去体验的游乐场，,2015-08-10
f*2,不錯，可以直接拿現票入園,2015-08-08
偶*乱,快递送票，非常方便，实体票也有纪念意义,2015-05-25
冷*春,很好玩，不过太刺激了，受不了啊。。。,2015-08-02
s*o,不错 取票方便 很开心,2015-08-02
s*o,不错 取票方便 很开心,2015-08-02
f*1,门票好用，直接入园，只是拍下后一直不好货，去哪儿网多次协调才发出来，废了很多话。总之结果是好的,2015-07-30
s*5,票价比其他网站都便宜，直接寄送到家，方便快捷！,2015-07-30
s*5,实体票寄到家方便快捷！,2015-07-30
s*5,实体票寄到家，凭票在开园前半小时就进去排队取哈利波特的预约券，超快捷，超方便！,2015-07-30
E*H,提前买票还是必要的 不然到时候买票也要排队 而且也没优惠,2015-07-28
欢*妈,订票方便，下午还会光顾。好好看看吧,2015-07-26
j*2,不用兑换实体票，直接扫码入园，很方便,2015-07-26
d*0,取票又快又方便，比現场购票還便宜，工作人員的服務很周道，態度也很熱情！,2015-07-25
d*0,取票又快又方便，比現场购票還便宜，工作人員的服務很周道，態度也很熱情！,2015-07-25
l*2,很方便，买的是实体票直接入游园,2015-07-21
j*4,玩的很开心，电子票很方便,2015-07-20
r*7,挺好的，日本国内的航空只要提早一个小时到就够了。,2015-07-10
n*8,很方便！大部队都在门口排队买票，我直接进园了,2015-04-25
J*O,不錯的體驗，哈利波特排了2小時也值得,2015-07-03
a*8,5分，超级贵，但制回票价！,2015-07-02
c*2,5分，哈利波特太好玩,2015-06-28
z*3,很好玩过两年带我儿子再去次！,2015-06-28
E*r,项目很刺激， 哈利波特和蜘蛛侠太赞了,2015-06-26
f*8,服务不错，价格也比较合理，还送了东京游览图。可惜我们是去大阪。,2015-06-21
f*8,挺方便的，价格也比**合理，基本不加价,2015-06-20
z*4,票票到的非常快，所有項目都很快就玩了，好萊塢美夢玩了兩次，一次排隊也很快，下次還會繼續光顧！,2015-06-20
y*3,超级方便不用排队！超好,2015-06-09
z*1,不错不错，价格十分便宜，很好玩,2015-06-05
f*6,不错 超好玩！还有返现的～,2015-03-20
凌*苒,很快就到了，很好哦。可以做收藏啦～期待去哦,2015-03-10
j*1,不错。就是讲解都是日语。,2015-05-04
z*n,非常方便，园区的服务超棒，工作人员都态度超好，热情感染了我们,2015-05-01
k*s,方便.快捷.性价比高,2015-04-29
w*g,孩子玩的开心。好好好,2015-04-27
h*i,很好，第二天收到票，省着日本再买票了,2015-04-19
d*0,还没去，感觉上很有意思，票很快就收到了，希望入园顺利,2015-04-16
n*g,出票速度很快 票价也很便宜了 赞一个！,2015-04-14
u*0,很方便，免去了排队买票的时间,2015-04-09
s*0,比某宝买还要便宜～而且更可信，物流也挺快！,2015-04-05
C*y,便宜哦，也很方便哦，值得再次买,2015-04-03
蓝*咪,省去排队买票的时间了。,2015-03-27
k*s,方便快捷.性价比高.很好,2015-03-24
秦*囡,一天玩不够，每个项目一次玩不够啊！,2015-03-18
l*5,门票很快寄到。凭票直接入园，省去排队买票的时间，乐园特别好玩，一天玩不够,2015-03-16
q*4,很快就收倒票了，还未去使用应该没问题，全网最便宜,2015-03-08
恐*0,环影非常好玩，哈利波特太赞了，最好先买express5，人太多，队伍太长,2015-03-01
b*6,实体票，很快就寄到了！是哈利波特的面，超级喜欢～省去排队买票的时间～而且比官网价格还便宜～,2015-02-24
z*6,排队的人不多，可以直接在日本买,2015-02-17
美*瓜,还是很方便的，不然门口排队要排很久,2015-02-08
b*3,用户未点评，系统默认好评。,2020-03-07
S*儿,用户未点评，系统默认好评。,2020-03-07
w*9,用户未点评，系统默认好评。,2020-03-07
w*9,用户未点评，系统默认好评。,2020-03-07
a*4,用户未点评，系统默认好评。,2020-03-07
h*8,用户未点评，系统默认好评。,2020-03-07
m*2,用户未点评，系统默认好评。,2020-03-06
V*o,用户未点评，系统默认好评。,2020-03-06
l*3,用户未点评，系统默认好评。,2020-03-06
q*g,用户未点评，系统默认好评。,2020-03-06
q*g,用户未点评，系统默认好评。,2020-03-06
h*3,用户未点评，系统默认好评。,2020-03-06
b*4,用户未点评，系统默认好评。,2020-03-05
m*6,用户未点评，系统默认好评。,2020-03-05
m*6,用户未点评，系统默认好评。,2020-03-05
c*9,用户未点评，系统默认好评。,2020-03-05
c*9,用户未点评，系统默认好评。,2020-03-05
i*3,用户未点评，系统默认好评。,2020-03-05
b*4,用户未点评，系统默认好评。,2020-03-05
b*4,用户未点评，系统默认好评。,2020-03-05
E*x,用户未点评，系统默认好评。,2020-03-05
r*5,用户未点评，系统默认好评。,2020-03-05
x*8,用户未点评，系统默认好评。,2020-03-04
b*4,用户未点评，系统默认好评。,2020-03-04
b*4,用户未点评，系统默认好评。,2020-03-04
w*7,用户未点评，系统默认好评。,2020-03-04
e*5,用户未点评，系统默认好评。,2020-03-03
e*5,用户未点评，系统默认好评。,2020-03-03
j*4,用户未点评，系统默认好评。,2020-03-03
j*4,用户未点评，系统默认好评。,2020-03-03
j*4,用户未点评，系统默认好评。,2020-03-03
n*8,用户未点评，系统默认好评。,2020-03-03
美*i,用户未点评，系统默认好评。,2020-03-03
美*i,用户未点评，系统默认好评。,2020-03-03
u*9,用户未点评，系统默认好评。,2020-03-03
弱*8,用户未点评，系统默认好评。,2020-03-03
k*9,用户未点评，系统默认好评。,2020-03-02
嘉*尔,用户未点评，系统默认好评。,2020-03-02
j*励,用户未点评，系统默认好评。,2020-03-02
j*励,用户未点评，系统默认好评。,2020-03-02
m*9,用户未点评，系统默认好评。,2020-03-02
f*1,用户未点评，系统默认好评。,2020-03-02
d*6,用户未点评，系统默认好评。,2020-03-02
d*6,用户未点评，系统默认好评。,2020-03-02
s*5,用户未点评，系统默认好评。,2020-03-02
f*9,用户未点评，系统默认好评。,2020-03-01
葵*a,用户未点评，系统默认好评。,2020-03-01
d*2,用户未点评，系统默认好评。,2020-03-01
a*1,用户未点评，系统默认好评。,2020-03-01
v*5,用户未点评，系统默认好评。,2020-03-01
v*5,用户未点评，系统默认好评。,2020-03-01
c*i,用户未点评，系统默认好评。,2020-03-01
n*x,用户未点评，系统默认好评。,2020-03-01
j*6,用户未点评，系统默认好评。,2020-03-01
i*9,用户未点评，系统默认好评。,2020-03-01
i*9,用户未点评，系统默认好评。,2020-03-01
i*9,用户未点评，系统默认好评。,2020-03-01
n*x,用户未点评，系统默认好评。,2020-03-01
小*奇,用户未点评，系统默认好评。,2020-03-01
w*7,用户未点评，系统默认好评。,2020-03-01
c*1,用户未点评，系统默认好评。,2020-02-29
c*1,用户未点评，系统默认好评。,2020-02-29
k*哈,用户未点评，系统默认好评。,2020-02-29
k*哈,用户未点评，系统默认好评。,2020-02-29
m*3,用户未点评，系统默认好评。,2020-02-29
甘*鱼,用户未点评，系统默认好评。,2020-02-29
m*3,用户未点评，系统默认好评。,2020-02-29
i*0,用户未点评，系统默认好评。,2020-02-29
p*2,用户未点评，系统默认好评。,2020-02-29
浪*郎,用户未点评，系统默认好评。,2020-02-29
m*6,用户未点评，系统默认好评。,2020-02-29
m*6,用户未点评，系统默认好评。,2020-02-29
a*4,用户未点评，系统默认好评。,2020-02-29
麦*子,用户未点评，系统默认好评。,2020-02-29
o*2,用户未点评，系统默认好评。,2020-02-29
麦*子,用户未点评，系统默认好评。,2020-02-29
l*9,用户未点评，系统默认好评。,2020-02-29
c*y,用户未点评，系统默认好评。,2020-02-29
一*学,用户未点评，系统默认好评。,2020-02-29
v*w,用户未点评，系统默认好评。,2020-02-29
a*8,用户未点评，系统默认好评。,2020-02-29
Q*e,用户未点评，系统默认好评。,2020-02-29
p*6,用户未点评，系统默认好评。,2020-02-29
i*3,用户未点评，系统默认好评。,2020-02-28
o*4,用户未点评，系统默认好评。,2020-02-28
o*4,用户未点评，系统默认好评。,2020-02-28
E*i,用户未点评，系统默认好评。,2020-02-28
E*i,用户未点评，系统默认好评。,2020-02-28
z*3,用户未点评，系统默认好评。,2020-02-28
z*3,用户未点评，系统默认好评。,2020-02-28
T*霆,用户未点评，系统默认好评。,2020-02-28
T*霆,用户未点评，系统默认好评。,2020-02-28
T*霆,用户未点评，系统默认好评。,2020-02-28
y*4,用户未点评，系统默认好评。,2020-02-28
y*4,用户未点评，系统默认好评。,2020-02-28
y*4,用户未点评，系统默认好评。,2020-02-28
c*3,用户未点评，系统默认好评。,2020-02-28
s*9,用户未点评，系统默认好评。,2020-02-28
k*7,用户未点评，系统默认好评。,2020-02-28
s*9,用户未点评，系统默认好评。,2020-02-28
v*9,用户未点评，系统默认好评。,2020-02-28
微*白,用户未点评，系统默认好评。,2020-02-28
k*2,用户未点评，系统默认好评。,2020-02-28
v*3,用户未点评，系统默认好评。,2020-02-28
e*8,用户未点评，系统默认好评。,2020-02-27
r*4,用户未点评，系统默认好评。,2020-02-27
f*1,用户未点评，系统默认好评。,2020-02-27
t*z,用户未点评，系统默认好评。,2020-02-27
k*2,用户未点评，系统默认好评。,2020-02-27
v*2,用户未点评，系统默认好评。,2020-02-27
i*2,用户未点评，系统默认好评。,2020-02-27
R*e,用户未点评，系统默认好评。,2020-02-27
v*7,用户未点评，系统默认好评。,2020-02-27
s*5,用户未点评，系统默认好评。,2020-02-27
宅*贝,用户未点评，系统默认好评。,2020-02-27
n*4,用户未点评，系统默认好评。,2020-02-27
o*7,用户未点评，系统默认好评。,2020-02-27
o*7,用户未点评，系统默认好评。,2020-02-27
o*7,用户未点评，系统默认好评。,2020-02-27
O*O,用户未点评，系统默认好评。,2020-02-27
O*O,用户未点评，系统默认好评。,2020-02-27
h*6,用户未点评，系统默认好评。,2020-02-27
h*6,用户未点评，系统默认好评。,2020-02-27
p*7,用户未点评，系统默认好评。,2020-02-27
p*7,用户未点评，系统默认好评。,2020-02-27
p*7,用户未点评，系统默认好评。,2020-02-27
o*o,用户未点评，系统默认好评。,2020-02-27
紫*7,用户未点评，系统默认好评。,2020-02-27
f*u,用户未点评，系统默认好评。,2020-02-26
f*u,用户未点评，系统默认好评。,2020-02-26
f*u,用户未点评，系统默认好评。,2020-02-26
b*2,用户未点评，系统默认好评。,2020-02-26
h*4,用户未点评，系统默认好评。,2020-02-26
h*4,用户未点评，系统默认好评。,2020-02-26
4*6,用户未点评，系统默认好评。,2020-02-26
J*n,用户未点评，系统默认好评。,2020-02-26
J*n,用户未点评，系统默认好评。,2020-02-26
J*n,用户未点评，系统默认好评。,2020-02-26
J*n,用户未点评，系统默认好评。,2020-02-26
m*1,用户未点评，系统默认好评。,2020-02-26
笨*使,用户未点评，系统默认好评。,2020-02-26
笨*使,用户未点评，系统默认好评。,2020-02-26
r*9,用户未点评，系统默认好评。,2020-02-26
l*6,用户未点评，系统默认好评。,2020-02-26
l*6,用户未点评，系统默认好评。,2020-02-26
p*9,用户未点评，系统默认好评。,2020-02-26
x*7,用户未点评，系统默认好评。,2020-02-26
草*帽,用户未点评，系统默认好评。,2020-02-26
叶*哲,用户未点评，系统默认好评。,2020-02-26
j*7,用户未点评，系统默认好评。,2020-02-26
p*0,用户未点评，系统默认好评。,2020-02-25
t*g,用户未点评，系统默认好评。,2020-02-25
t*g,用户未点评，系统默认好评。,2020-02-25
o*9,用户未点评，系统默认好评。,2020-02-25
s*3,用户未点评，系统默认好评。,2020-02-25
s*3,用户未点评，系统默认好评。,2020-02-25
y*g,用户未点评，系统默认好评。,2020-02-25
y*g,用户未点评，系统默认好评。,2020-02-25
y*g,用户未点评，系统默认好评。,2020-02-25
u*1,用户未点评，系统默认好评。,2020-02-25
伊*拉,用户未点评，系统默认好评。,2020-02-25
伊*拉,用户未点评，系统默认好评。,2020-02-25
A*呀,用户未点评，系统默认好评。,2020-02-25
p*5,用户未点评，系统默认好评。,2020-02-25
p*5,用户未点评，系统默认好评。,2020-02-25
夕*闇,用户未点评，系统默认好评。,2020-02-25
去*的,用户未点评，系统默认好评。,2020-02-25
u*2,用户未点评，系统默认好评。,2020-02-25
r*9,用户未点评，系统默认好评。,2020-02-25
文*嗖,用户未点评，系统默认好评。,2020-02-25
r*1,用户未点评，系统默认好评。,2020-02-25
z*2,用户未点评，系统默认好评。,2020-02-25
u*6,用户未点评，系统默认好评。,2020-02-25
u*6,用户未点评，系统默认好评。,2020-02-25
d*0,用户未点评，系统默认好评。,2020-02-25
x*8,用户未点评，系统默认好评。,2020-02-25
o*1,用户未点评，系统默认好评。,2020-02-25
L*s,用户未点评，系统默认好评。,2020-02-25
兰*我,用户未点评，系统默认好评。,2020-02-25
小*L,用户未点评，系统默认好评。,2020-02-25
e*8,用户未点评，系统默认好评。,2020-02-24
b*1,用户未点评，系统默认好评。,2020-02-24
c*2,用户未点评，系统默认好评。,2020-02-24
r*3,用户未点评，系统默认好评。,2020-02-24
r*3,用户未点评，系统默认好评。,2020-02-24
r*4,用户未点评，系统默认好评。,2020-02-24
d*9,用户未点评，系统默认好评。,2020-02-24
y*8,用户未点评，系统默认好评。,2020-02-24
y*8,用户未点评，系统默认好评。,2020-02-24
y*8,用户未点评，系统默认好评。,2020-02-24
r*2,用户未点评，系统默认好评。,2020-02-24
r*2,用户未点评，系统默认好评。,2020-02-24
h*9,用户未点评，系统默认好评。,2020-02-24
k*a,用户未点评，系统默认好评。,2020-02-24
k*a,用户未点评，系统默认好评。,2020-02-24
陳*蚊,用户未点评，系统默认好评。,2020-02-24
陳*蚊,用户未点评，系统默认好评。,2020-02-24
y*8,用户未点评，系统默认好评。,2020-02-24
R*a,用户未点评，系统默认好评。,2020-02-24
j*5,用户未点评，系统默认好评。,2020-02-24
j*5,用户未点评，系统默认好评。,2020-02-24
金*遵,用户未点评，系统默认好评。,2020-02-24
k*1,用户未点评，系统默认好评。,2020-02-24
f*2,用户未点评，系统默认好评。,2020-02-24
我*梦,用户未点评，系统默认好评。,2020-02-24
y*7,用户未点评，系统默认好评。,2020-02-24
j*4,用户未点评，系统默认好评。,2020-02-24
d*2,用户未点评，系统默认好评。,2020-02-23
d*2,用户未点评，系统默认好评。,2020-02-23
a*4,用户未点评，系统默认好评。,2020-02-23
t*7,用户未点评，系统默认好评。,2020-02-23
小*c,用户未点评，系统默认好评。,2020-02-23
小*沐,用户未点评，系统默认好评。,2020-02-23
v*6,用户未点评，系统默认好评。,2020-02-23
智*智,用户未点评，系统默认好评。,2020-02-23
y*9,用户未点评，系统默认好评。,2020-02-23
黄*利,用户未点评，系统默认好评。,2020-02-23
h*7,用户未点评，系统默认好评。,2020-02-23
h*7,用户未点评，系统默认好评。,2020-02-23
p*0,用户未点评，系统默认好评。,2020-02-23
t*8,用户未点评，系统默认好评。,2020-02-23
t*8,用户未点评，系统默认好评。,2020-02-23
x*3,用户未点评，系统默认好评。,2020-02-23
j*2,用户未点评，系统默认好评。,2020-02-23
勤*宝,用户未点评，系统默认好评。,2020-02-23
l*6,用户未点评，系统默认好评。,2020-02-23
l*6,用户未点评，系统默认好评。,2020-02-23
g*9,用户未点评，系统默认好评。,2020-02-23
g*9,用户未点评，系统默认好评。,2020-02-23
q*5,用户未点评，系统默认好评。,2020-02-22
j*0,用户未点评，系统默认好评。,2020-02-22
r*6,用户未点评，系统默认好评。,2020-02-22
r*6,用户未点评，系统默认好评。,2020-02-22
r*6,用户未点评，系统默认好评。,2020-02-22
s*n,用户未点评，系统默认好评。,2020-02-22
s*n,用户未点评，系统默认好评。,2020-02-22
乐*茵,用户未点评，系统默认好评。,2020-02-22
z*e,用户未点评，系统默认好评。,2020-02-22
f*5,用户未点评，系统默认好评。,2020-02-22
e*s,用户未点评，系统默认好评。,2020-02-22
y*8,用户未点评，系统默认好评。,2020-02-22
y*8,用户未点评，系统默认好评。,2020-02-22
三*孩,用户未点评，系统默认好评。,2020-02-22
弯*弯,用户未点评，系统默认好评。,2020-02-22
昊*子,用户未点评，系统默认好评。,2020-02-22
h*1,用户未点评，系统默认好评。,2020-02-22
h*1,用户未点评，系统默认好评。,2020-02-22
u*0,用户未点评，系统默认好评。,2020-02-22
0*山,用户未点评，系统默认好评。,2020-02-22
s*2,用户未点评，系统默认好评。,2020-02-22
s*2,用户未点评，系统默认好评。,2020-02-22
g*d,用户未点评，系统默认好评。,2020-02-22
g*d,用户未点评，系统默认好评。,2020-02-22
g*d,用户未点评，系统默认好评。,2020-02-22
v*7,用户未点评，系统默认好评。,2020-02-22
a*o,用户未点评，系统默认好评。,2020-02-22
e*3,用户未点评，系统默认好评。,2020-02-22
y*2,用户未点评，系统默认好评。,2020-02-22
w*4,用户未点评，系统默认好评。,2020-02-22
x*0,用户未点评，系统默认好评。,2020-02-21
x*0,用户未点评，系统默认好评。,2020-02-21
o*6,用户未点评，系统默认好评。,2020-02-21
o*6,用户未点评，系统默认好评。,2020-02-21
x*8,用户未点评，系统默认好评。,2020-02-21
h*3,用户未点评，系统默认好评。,2020-02-21
s*g,用户未点评，系统默认好评。,2020-02-21
s*g,用户未点评，系统默认好评。,2020-02-21
i*s,用户未点评，系统默认好评。,2020-02-21
d*5,用户未点评，系统默认好评。,2020-02-21
h*7,用户未点评，系统默认好评。,2020-02-21
r*5,用户未点评，系统默认好评。,2020-02-21
y*1,用户未点评，系统默认好评。,2020-02-21
y*1,用户未点评，系统默认好评。,2020-02-21
z*3,用户未点评，系统默认好评。,2020-02-21
m*6,用户未点评，系统默认好评。,2020-02-21
d*6,用户未点评，系统默认好评。,2020-02-21
s*y,用户未点评，系统默认好评。,2020-02-21
R*强,用户未点评，系统默认好评。,2020-02-21
R*强,用户未点评，系统默认好评。,2020-02-21
了*爸,用户未点评，系统默认好评。,2020-02-21
y*9,用户未点评，系统默认好评。,2020-02-21
d*0,用户未点评，系统默认好评。,2020-02-21
y*9,用户未点评，系统默认好评。,2020-02-21
y*9,用户未点评，系统默认好评。,2020-02-21
y*9,用户未点评，系统默认好评。,2020-02-21
y*9,用户未点评，系统默认好评。,2020-02-21
z*8,用户未点评，系统默认好评。,2020-02-21
z*8,用户未点评，系统默认好评。,2020-02-21
了*爸,用户未点评，系统默认好评。,2020-02-21
c*9,用户未点评，系统默认好评。,2020-02-21
c*9,用户未点评，系统默认好评。,2020-02-21
c*9,用户未点评，系统默认好评。,2020-02-21
x*6,用户未点评，系统默认好评。,2020-02-21
x*6,用户未点评，系统默认好评。,2020-02-21
l*e,用户未点评，系统默认好评。,2020-02-20
k*0,用户未点评，系统默认好评。,2020-02-20
k*0,用户未点评，系统默认好评。,2020-02-20
y*y,用户未点评，系统默认好评。,2020-02-20
y*y,用户未点评，系统默认好评。,2020-02-20
y*y,用户未点评，系统默认好评。,2020-02-20
g*9,用户未点评，系统默认好评。,2020-02-20
f*0,用户未点评，系统默认好评。,2020-02-20
f*0,用户未点评，系统默认好评。,2020-02-20
L*n,用户未点评，系统默认好评。,2020-02-20
h*5,用户未点评，系统默认好评。,2020-02-20
w*2,用户未点评，系统默认好评。,2020-02-20
u*5,用户未点评，系统默认好评。,2020-02-20
j*5,用户未点评，系统默认好评。,2020-02-20
j*5,用户未点评，系统默认好评。,2020-02-20
e*1,用户未点评，系统默认好评。,2020-02-20
L*0,用户未点评，系统默认好评。,2020-02-20
满*1,用户未点评，系统默认好评。,2020-02-20
c*g,用户未点评，系统默认好评。,2020-02-20
n*a,用户未点评，系统默认好评。,2020-02-20
l*w,用户未点评，系统默认好评。,2020-02-20
i*1,用户未点评，系统默认好评。,2020-02-20
k*4,用户未点评，系统默认好评。,2020-02-20
k*7,用户未点评，系统默认好评。,2020-02-20
I*3,用户未点评，系统默认好评。,2020-02-20
I*3,用户未点评，系统默认好评。,2020-02-20
y*8,用户未点评，系统默认好评。,2020-02-20
y*8,用户未点评，系统默认好评。,2020-02-20
禹*涵,用户未点评，系统默认好评。,2020-02-19
g*3,用户未点评，系统默认好评。,2020-02-19
大*7,用户未点评，系统默认好评。,2020-02-19
f*4,用户未点评，系统默认好评。,2020-02-19
明*墨,用户未点评，系统默认好评。,2020-02-19
明*墨,用户未点评，系统默认好评。,2020-02-19
b*2,用户未点评，系统默认好评。,2020-02-19
b*2,用户未点评，系统默认好评。,2020-02-19
b*2,用户未点评，系统默认好评。,2020-02-19
深*鹿,用户未点评，系统默认好评。,2020-02-19
s*2,用户未点评，系统默认好评。,2020-02-19
s*2,用户未点评，系统默认好评。,2020-02-19
k*2,用户未点评，系统默认好评。,2020-02-19
J*7,用户未点评，系统默认好评。,2020-02-19
i*3,用户未点评，系统默认好评。,2020-02-19
i*3,用户未点评，系统默认好评。,2020-02-19
o*0,用户未点评，系统默认好评。,2020-02-18
a*7,用户未点评，系统默认好评。,2020-02-18
a*7,用户未点评，系统默认好评。,2020-02-18
r*3,用户未点评，系统默认好评。,2020-02-18
z*9,用户未点评，系统默认好评。,2020-02-18
i*6,用户未点评，系统默认好评。,2020-02-18
r*3,用户未点评，系统默认好评。,2020-02-18
r*3,用户未点评，系统默认好评。,2020-02-18
k*1,用户未点评，系统默认好评。,2020-02-18
c*3,用户未点评，系统默认好评。,2020-02-18
z*5,用户未点评，系统默认好评。,2020-02-18
n*0,用户未点评，系统默认好评。,2020-02-18
w*0,用户未点评，系统默认好评。,2020-02-17
e*5,用户未点评，系统默认好评。,2020-02-17
e*5,用户未点评，系统默认好评。,2020-02-17
浪*龙,用户未点评，系统默认好评。,2020-02-17
r*0,用户未点评，系统默认好评。,2020-02-17
q*3,用户未点评，系统默认好评。,2020-02-17
q*3,用户未点评，系统默认好评。,2020-02-17
q*3,用户未点评，系统默认好评。,2020-02-17
q*3,用户未点评，系统默认好评。,2020-02-17
g*8,用户未点评，系统默认好评。,2020-02-17
g*8,用户未点评，系统默认好评。,2020-02-17
一*菌,用户未点评，系统默认好评。,2020-02-17
一*菌,用户未点评，系统默认好评。,2020-02-17
l*9,用户未点评，系统默认好评。,2020-02-17
l*9,用户未点评，系统默认好评。,2020-02-17
l*9,用户未点评，系统默认好评。,2020-02-17
穿*乙,用户未点评，系统默认好评。,2020-02-17
m*s,用户未点评，系统默认好评。,2020-02-17
m*s,用户未点评，系统默认好评。,2020-02-17
b*5,用户未点评，系统默认好评。,2020-02-17
n*2,用户未点评，系统默认好评。,2020-02-17
g*5,用户未点评，系统默认好评。,2020-02-17
k*8,用户未点评，系统默认好评。,2020-02-17
g*4,用户未点评，系统默认好评。,2020-02-17
g*4,用户未点评，系统默认好评。,2020-02-17
k*4,用户未点评，系统默认好评。,2020-02-17
k*4,用户未点评，系统默认好评。,2020-02-17
o*6,用户未点评，系统默认好评。,2020-02-17
c*q,用户未点评，系统默认好评。,2020-02-17
b*8,用户未点评，系统默认好评。,2020-02-17
N*s,用户未点评，系统默认好评。,2020-02-17
g*4,用户未点评，系统默认好评。,2020-02-17
C*6,用户未点评，系统默认好评。,2020-02-16
c*y,用户未点评，系统默认好评。,2020-02-16
o*9,用户未点评，系统默认好评。,2020-02-16
o*9,用户未点评，系统默认好评。,2020-02-16
时*恩,用户未点评，系统默认好评。,2020-02-16
蓝*0,用户未点评，系统默认好评。,2020-02-16
马*丁,用户未点评，系统默认好评。,2020-02-16
小*予,用户未点评，系统默认好评。,2020-02-16
边*慈,用户未点评，系统默认好评。,2020-02-16
边*慈,用户未点评，系统默认好评。,2020-02-16
g*1,用户未点评，系统默认好评。,2020-02-16
s*o,用户未点评，系统默认好评。,2020-02-16
s*o,用户未点评，系统默认好评。,2020-02-16
x*0,用户未点评，系统默认好评。,2020-02-16
x*0,用户未点评，系统默认好评。,2020-02-16
f*0,用户未点评，系统默认好评。,2020-02-16
f*0,用户未点评，系统默认好评。,2020-02-16
f*0,用户未点评，系统默认好评。,2020-02-16
x*0,用户未点评，系统默认好评。,2020-02-16
j*2,用户未点评，系统默认好评。,2020-02-16
f*8,用户未点评，系统默认好评。,2020-02-16
o*0,用户未点评，系统默认好评。,2020-02-16
d*8,用户未点评，系统默认好评。,2020-02-16
l*0,用户未点评，系统默认好评。,2020-02-16
x*6,用户未点评，系统默认好评。,2020-02-16
z*8,用户未点评，系统默认好评。,2020-02-16
t*3,用户未点评，系统默认好评。,2020-02-16
t*3,用户未点评，系统默认好评。,2020-02-16
Q*o,用户未点评，系统默认好评。,2020-02-16
Q*o,用户未点评，系统默认好评。,2020-02-16
i*9,用户未点评，系统默认好评。,2020-02-16
t*u,用户未点评，系统默认好评。,2020-02-15
b*y,用户未点评，系统默认好评。,2020-02-15
b*y,用户未点评，系统默认好评。,2020-02-15
q*1,用户未点评，系统默认好评。,2020-02-15
q*1,用户未点评，系统默认好评。,2020-02-15
s*9,用户未点评，系统默认好评。,2020-02-15
s*9,用户未点评，系统默认好评。,2020-02-15
s*9,用户未点评，系统默认好评。,2020-02-15
h*2,用户未点评，系统默认好评。,2020-02-15
s*n,用户未点评，系统默认好评。,2020-02-15
d*3,用户未点评，系统默认好评。,2020-02-15
v*6,用户未点评，系统默认好评。,2020-02-15
月*0,用户未点评，系统默认好评。,2020-02-15
n*9,用户未点评，系统默认好评。,2020-02-15
月*0,用户未点评，系统默认好评。,2020-02-15
z*7,用户未点评，系统默认好评。,2020-02-15
d*5,用户未点评，系统默认好评。,2020-02-15
q*9,用户未点评，系统默认好评。,2020-02-15
q*9,用户未点评，系统默认好评。,2020-02-15
a*2,用户未点评，系统默认好评。,2020-02-14
d*1,用户未点评，系统默认好评。,2020-02-14
a*n,用户未点评，系统默认好评。,2020-02-14
i*1,用户未点评，系统默认好评。,2020-02-14
i*1,用户未点评，系统默认好评。,2020-02-14
陆*寒,用户未点评，系统默认好评。,2020-02-14
u*0,用户未点评，系统默认好评。,2020-02-14
u*0,用户未点评，系统默认好评。,2020-02-14
Y*婷,用户未点评，系统默认好评。,2020-02-14
m*8,用户未点评，系统默认好评。,2020-02-14
m*8,用户未点评，系统默认好评。,2020-02-14
n*5,用户未点评，系统默认好评。,2020-02-14
r*1,用户未点评，系统默认好评。,2020-02-14
c*6,用户未点评，系统默认好评。,2020-02-14
c*4,用户未点评，系统默认好评。,2020-02-14
j*4,用户未点评，系统默认好评。,2020-02-14
l*1,用户未点评，系统默认好评。,2020-02-14
J*金,用户未点评，系统默认好评。,2020-02-14
J*金,用户未点评，系统默认好评。,2020-02-14
e*3,用户未点评，系统默认好评。,2020-02-13
a*4,用户未点评，系统默认好评。,2020-02-13
m*0,用户未点评，系统默认好评。,2020-02-13
t*7,用户未点评，系统默认好评。,2020-02-13
t*7,用户未点评，系统默认好评。,2020-02-13
w*8,用户未点评，系统默认好评。,2020-02-13
k*l,用户未点评，系统默认好评。,2020-02-13
k*l,用户未点评，系统默认好评。,2020-02-13
n*s,用户未点评，系统默认好评。,2020-02-13
k*1,用户未点评，系统默认好评。,2020-02-13
b*9,用户未点评，系统默认好评。,2020-02-13
k*7,用户未点评，系统默认好评。,2020-02-13
下*别,用户未点评，系统默认好评。,2020-02-13
z*8,用户未点评，系统默认好评。,2020-02-12
可*主,用户未点评，系统默认好评。,2020-02-12
e*7,用户未点评，系统默认好评。,2020-02-12
p*3,用户未点评，系统默认好评。,2020-02-11
p*3,用户未点评，系统默认好评。,2020-02-11
c*7,用户未点评，系统默认好评。,2020-02-11
b*5,用户未点评，系统默认好评。,2020-02-11
u*5,用户未点评，系统默认好评。,2020-02-11
z*0,用户未点评，系统默认好评。,2020-02-11
e*2,用户未点评，系统默认好评。,2020-02-11
a*n,用户未点评，系统默认好评。,2020-02-10
呆*-,用户未点评，系统默认好评。,2020-02-10
c*2,用户未点评，系统默认好评。,2020-02-10
c*2,用户未点评，系统默认好评。,2020-02-10
c*2,用户未点评，系统默认好评。,2020-02-10
L*-,用户未点评，系统默认好评。,2020-02-10
s*3,用户未点评，系统默认好评。,2020-02-10
k*1,用户未点评，系统默认好评。,2020-02-10
搓*-,用户未点评，系统默认好评。,2020-02-10
L*7,用户未点评，系统默认好评。,2020-02-10
吕*吕,用户未点评，系统默认好评。,2020-02-10
A*8,用户未点评，系统默认好评。,2020-02-10
j*a,用户未点评，系统默认好评。,2020-02-09
d*2,用户未点评，系统默认好评。,2020-02-09
z*7,用户未点评，系统默认好评。,2020-02-09
s*e,用户未点评，系统默认好评。,2020-02-09
i*5,用户未点评，系统默认好评。,2020-02-08
y*2,用户未点评，系统默认好评。,2020-02-08
m*h,用户未点评，系统默认好评。,2020-02-08
好*瘦,用户未点评，系统默认好评。,2020-02-08
e*8,用户未点评，系统默认好评。,2020-02-08
p*3,用户未点评，系统默认好评。,2020-02-07
p*3,用户未点评，系统默认好评。,2020-02-07
i*6,用户未点评，系统默认好评。,2020-02-07
i*6,用户未点评，系统默认好评。,2020-02-07
e*3,用户未点评，系统默认好评。,2020-02-07
q*3,用户未点评，系统默认好评。,2020-02-07
q*3,用户未点评，系统默认好评。,2020-02-07
k*9,用户未点评，系统默认好评。,2020-02-07
q*3,用户未点评，系统默认好评。,2020-02-07
y*2,用户未点评，系统默认好评。,2020-02-06
l*l,用户未点评，系统默认好评。,2020-02-06
n*8,用户未点评，系统默认好评。,2020-02-06
l*0,用户未点评，系统默认好评。,2020-02-06
祢*罗,用户未点评，系统默认好评。,2020-02-06
q*0,用户未点评，系统默认好评。,2020-02-05
i*7,用户未点评，系统默认好评。,2020-02-04
D*3,用户未点评，系统默认好评。,2020-02-04
y*0,用户未点评，系统默认好评。,2020-02-03
文*京,用户未点评，系统默认好评。,2020-02-03
文*京,用户未点评，系统默认好评。,2020-02-03
文*京,用户未点评，系统默认好评。,2020-02-03
江*楼,用户未点评，系统默认好评。,2020-02-03
江*楼,用户未点评，系统默认好评。,2020-02-03
吉*螺,用户未点评，系统默认好评。,2020-02-03
吉*螺,用户未点评，系统默认好评。,2020-02-03
吉*螺,用户未点评，系统默认好评。,2020-02-03
b*4,用户未点评，系统默认好评。,2020-02-03
b*4,用户未点评，系统默认好评。,2020-02-03
l*g,用户未点评，系统默认好评。,2020-02-03
v*阳,用户未点评，系统默认好评。,2020-02-03
想*下,用户未点评，系统默认好评。,2020-02-03
想*下,用户未点评，系统默认好评。,2020-02-03
a*4,用户未点评，系统默认好评。,2020-02-02
a*4,用户未点评，系统默认好评。,2020-02-02
s*1,用户未点评，系统默认好评。,2020-02-02
j*r,用户未点评，系统默认好评。,2020-02-02
t*5,用户未点评，系统默认好评。,2020-02-01
驴*子,用户未点评，系统默认好评。,2020-02-01
d*0,用户未点评，系统默认好评。,2020-02-01
l*9,用户未点评，系统默认好评。,2020-02-01
l*9,用户未点评，系统默认好评。,2020-02-01
巴*王,用户未点评，系统默认好评。,2020-02-01
u*9,用户未点评，系统默认好评。,2020-02-01
H*y,用户未点评，系统默认好评。,2020-02-01
u*9,用户未点评，系统默认好评。,2020-02-01
e*6,用户未点评，系统默认好评。,2020-02-01
K*n,用户未点评，系统默认好评。,2020-01-31
w*6,用户未点评，系统默认好评。,2020-01-31
k*7,用户未点评，系统默认好评。,2020-01-31
f*6,用户未点评，系统默认好评。,2020-01-31
蓝*步,用户未点评，系统默认好评。,2020-01-31
萌*盼,用户未点评，系统默认好评。,2020-01-31
M*z,用户未点评，系统默认好评。,2020-01-31
A*N,用户未点评，系统默认好评。,2020-01-31
瞐*啊,用户未点评，系统默认好评。,2020-01-31
t*5,用户未点评，系统默认好评。,2020-01-31
共*帜,用户未点评，系统默认好评。,2020-01-31
l*3,用户未点评，系统默认好评。,2020-01-31
七*W,用户未点评，系统默认好评。,2020-01-30
七*W,用户未点评，系统默认好评。,2020-01-30
q*0,用户未点评，系统默认好评。,2020-01-30
e*1,用户未点评，系统默认好评。,2020-01-30
g*3,用户未点评，系统默认好评。,2020-01-30
一*文,用户未点评，系统默认好评。,2020-01-30
y*5,用户未点评，系统默认好评。,2020-01-30
y*5,用户未点评，系统默认好评。,2020-01-30
g*0,用户未点评，系统默认好评。,2020-01-30
d*1,用户未点评，系统默认好评。,2020-01-30
d*1,用户未点评，系统默认好评。,2020-01-30
Y*U,用户未点评，系统默认好评。,2020-01-30
迷*5,用户未点评，系统默认好评。,2020-01-30
j*4,用户未点评，系统默认好评。,2020-01-30
廷*井,用户未点评，系统默认好评。,2020-01-30
y*n,用户未点评，系统默认好评。,2020-01-30
u*5,用户未点评，系统默认好评。,2020-01-30
j*2,用户未点评，系统默认好评。,2020-01-30
u*2,用户未点评，系统默认好评。,2020-01-30
c*-,用户未点评，系统默认好评。,2020-01-30
黄*伟,用户未点评，系统默认好评。,2020-01-30
m*0,用户未点评，系统默认好评。,2020-01-30
z*l,用户未点评，系统默认好评。,2020-01-30
z*l,用户未点评，系统默认好评。,2020-01-30
o*7,用户未点评，系统默认好评。,2020-01-30
S*g,用户未点评，系统默认好评。,2020-01-30
G*雅,用户未点评，系统默认好评。,2020-01-30
S*s,用户未点评，系统默认好评。,2020-01-29
n*3,用户未点评，系统默认好评。,2020-01-29
慧*o,用户未点评，系统默认好评。,2020-01-29
k*7,用户未点评，系统默认好评。,2020-01-29
小*7,用户未点评，系统默认好评。,2020-01-29
l*o,用户未点评，系统默认好评。,2020-01-29
l*o,用户未点评，系统默认好评。,2020-01-29
螃*1,用户未点评，系统默认好评。,2020-01-29
f*1,用户未点评，系统默认好评。,2020-01-29
s*6,用户未点评，系统默认好评。,2020-01-29
e*1,用户未点评，系统默认好评。,2020-01-29
v*6,用户未点评，系统默认好评。,2020-01-28
y*i,用户未点评，系统默认好评。,2020-01-28
A*杨,用户未点评，系统默认好评。,2020-01-28
t*1,用户未点评，系统默认好评。,2020-01-28
z*y,用户未点评，系统默认好评。,2020-01-28
y*4,用户未点评，系统默认好评。,2020-01-28
z*l,用户未点评，系统默认好评。,2020-01-28
e*3,用户未点评，系统默认好评。,2020-01-28
e*3,用户未点评，系统默认好评。,2020-01-28
e*3,用户未点评，系统默认好评。,2020-01-28
c*k,用户未点评，系统默认好评。,2020-01-28
c*k,用户未点评，系统默认好评。,2020-01-28
u*9,用户未点评，系统默认好评。,2020-01-28
n*9,用户未点评，系统默认好评。,2020-01-28
r*9,用户未点评，系统默认好评。,2020-01-28
n*1,用户未点评，系统默认好评。,2020-01-28
j*3,用户未点评，系统默认好评。,2020-01-28
思*酱,用户未点评，系统默认好评。,2020-01-27
y*0,用户未点评，系统默认好评。,2020-01-27
幸*6,用户未点评，系统默认好评。,2020-01-27
幸*6,用户未点评，系统默认好评。,2020-01-27
-*-,用户未点评，系统默认好评。,2020-01-27
w*c,用户未点评，系统默认好评。,2020-01-27
b*1,用户未点评，系统默认好评。,2020-01-27
木*期,用户未点评，系统默认好评。,2020-01-27
g*4,用户未点评，系统默认好评。,2020-01-27
g*4,用户未点评，系统默认好评。,2020-01-27
n*9,用户未点评，系统默认好评。,2020-01-26
w*8,用户未点评，系统默认好评。,2020-01-26
l*5,用户未点评，系统默认好评。,2020-01-26
l*7,用户未点评，系统默认好评。,2020-01-25
s*h,用户未点评，系统默认好评。,2020-01-25
e*0,用户未点评，系统默认好评。,2020-01-25
c*3,用户未点评，系统默认好评。,2020-01-25
D*r,用户未点评，系统默认好评。,2020-01-25
u*9,用户未点评，系统默认好评。,2020-01-25
u*9,用户未点评，系统默认好评。,2020-01-25
q*0,用户未点评，系统默认好评。,2020-01-24
d*1,用户未点评，系统默认好评。,2020-01-24
p*n,用户未点评，系统默认好评。,2020-01-24
周*害,用户未点评，系统默认好评。,2020-01-24
y*8,用户未点评，系统默认好评。,2020-01-24
y*a,用户未点评，系统默认好评。,2020-01-24
i*9,用户未点评，系统默认好评。,2020-01-24
i*9,用户未点评，系统默认好评。,2020-01-24
i*9,用户未点评，系统默认好评。,2020-01-24
曹*顺,用户未点评，系统默认好评。,2020-01-24
a*4,用户未点评，系统默认好评。,2020-01-23
g*1,用户未点评，系统默认好评。,2020-01-23
d*1,用户未点评，系统默认好评。,2020-01-23
志*椭,用户未点评，系统默认好评。,2020-01-23
o*8,用户未点评，系统默认好评。,2020-01-23
j*7,用户未点评，系统默认好评。,2020-01-23
r*3,用户未点评，系统默认好评。,2020-01-23
l*l,用户未点评，系统默认好评。,2020-01-23
b*1,用户未点评，系统默认好评。,2020-01-23
b*1,用户未点评，系统默认好评。,2020-01-23
k*5,用户未点评，系统默认好评。,2020-01-23
k*5,用户未点评，系统默认好评。,2020-01-23
a*4,用户未点评，系统默认好评。,2020-01-23
y*e,用户未点评，系统默认好评。,2020-01-23
n*爷,用户未点评，系统默认好评。,2020-01-23
小*儿,用户未点评，系统默认好评。,2020-01-22
w*1,用户未点评，系统默认好评。,2020-01-22
f*8,用户未点评，系统默认好评。,2020-01-22
纠*子,用户未点评，系统默认好评。,2020-01-22
z*9,用户未点评，系统默认好评。,2020-01-22
z*9,用户未点评，系统默认好评。,2020-01-22
s*3,用户未点评，系统默认好评。,2020-01-22
s*3,用户未点评，系统默认好评。,2020-01-22
y*1,用户未点评，系统默认好评。,2020-01-22
朴*u,用户未点评，系统默认好评。,2020-01-22
X*u,用户未点评，系统默认好评。,2020-01-22
X*u,用户未点评，系统默认好评。,2020-01-22
y*4,用户未点评，系统默认好评。,2020-01-21
E*庄,用户未点评，系统默认好评。,2020-01-21
w*3,用户未点评，系统默认好评。,2020-01-21
w*1,用户未点评，系统默认好评。,2020-01-21
w*1,用户未点评，系统默认好评。,2020-01-21
z*n,用户未点评，系统默认好评。,2020-01-21
b*3,用户未点评，系统默认好评。,2020-01-21
o*5,用户未点评，系统默认好评。,2020-01-21
r*2,用户未点评，系统默认好评。,2020-01-21
l*7,用户未点评，系统默认好评。,2020-01-21
x*2,用户未点评，系统默认好评。,2020-01-21
h*7,用户未点评，系统默认好评。,2020-01-21
a*8,用户未点评，系统默认好评。,2020-01-21
y*7,用户未点评，系统默认好评。,2020-01-21
l*0,用户未点评，系统默认好评。,2020-01-21
c*5,用户未点评，系统默认好评。,2020-01-21
l*8,用户未点评，系统默认好评。,2020-01-21
n*6,用户未点评，系统默认好评。,2020-01-21
n*3,用户未点评，系统默认好评。,2020-01-20
l*8,用户未点评，系统默认好评。,2020-01-20
a*4,用户未点评，系统默认好评。,2020-01-20
x*3,用户未点评，系统默认好评。,2020-01-20
柠*生,用户未点评，系统默认好评。,2020-01-20
柠*生,用户未点评，系统默认好评。,2020-01-20
a*7,用户未点评，系统默认好评。,2020-01-20
d*2,用户未点评，系统默认好评。,2020-01-20
q*g,用户未点评，系统默认好评。,2020-01-20
e*0,用户未点评，系统默认好评。,2020-01-20
g*4,用户未点评，系统默认好评。,2020-01-20
H*g,用户未点评，系统默认好评。,2020-01-19
阿*发,用户未点评，系统默认好评。,2020-01-19
q*2,用户未点评，系统默认好评。,2020-01-19
A*9,用户未点评，系统默认好评。,2020-01-19
h*1,用户未点评，系统默认好评。,2020-01-19
h*1,用户未点评，系统默认好评。,2020-01-19
s*3,用户未点评，系统默认好评。,2020-01-19
s*3,用户未点评，系统默认好评。,2020-01-19
豹*w,用户未点评，系统默认好评。,2020-01-19
q*4,用户未点评，系统默认好评。,2020-01-19
q*4,用户未点评，系统默认好评。,2020-01-19
r*9,用户未点评，系统默认好评。,2020-01-19
轩*8,用户未点评，系统默认好评。,2020-01-19
轩*8,用户未点评，系统默认好评。,2020-01-19
f*9,用户未点评，系统默认好评。,2020-01-18
m*y,用户未点评，系统默认好评。,2020-01-18
m*0,用户未点评，系统默认好评。,2020-01-18
m*0,用户未点评，系统默认好评。,2020-01-18
x*5,用户未点评，系统默认好评。,2020-01-18
爱*瓜,用户未点评，系统默认好评。,2020-01-18
袁*得,用户未点评，系统默认好评。,2020-01-18
h*5,用户未点评，系统默认好评。,2020-01-17
r*5,用户未点评，系统默认好评。,2020-01-17
f*8,用户未点评，系统默认好评。,2020-01-17
f*8,用户未点评，系统默认好评。,2020-01-17
I*琳,用户未点评，系统默认好评。,2020-01-17
l*p,用户未点评，系统默认好评。,2020-01-17
j*6,用户未点评，系统默认好评。,2020-01-16
i*2,用户未点评，系统默认好评。,2020-01-16
i*2,用户未点评，系统默认好评。,2020-01-16
b*0,用户未点评，系统默认好评。,2020-01-16
Y*柏,用户未点评，系统默认好评。,2020-01-16
p*7,用户未点评，系统默认好评。,2020-01-16
p*7,用户未点评，系统默认好评。,2020-01-16
q*4,用户未点评，系统默认好评。,2020-01-16
w*5,用户未点评，系统默认好评。,2020-01-16
迷*九,用户未点评，系统默认好评。,2020-01-16
h*0,用户未点评，系统默认好评。,2020-01-16
h*0,用户未点评，系统默认好评。,2020-01-16
x*5,用户未点评，系统默认好评。,2020-01-16
a*9,用户未点评，系统默认好评。,2020-01-16
i*0,用户未点评，系统默认好评。,2020-01-16
l*n,用户未点评，系统默认好评。,2020-01-16
t*4,用户未点评，系统默认好评。,2020-01-16
u*5,用户未点评，系统默认好评。,2020-01-16
x*9,用户未点评，系统默认好评。,2020-01-16
h*1,用户未点评，系统默认好评。,2020-01-16
h*1,用户未点评，系统默认好评。,2020-01-16
d*4,用户未点评，系统默认好评。,2020-01-15
m*4,用户未点评，系统默认好评。,2020-01-15
T*J,用户未点评，系统默认好评。,2020-01-15
f*2,用户未点评，系统默认好评。,2020-01-15
f*2,用户未点评，系统默认好评。,2020-01-15
r*0,用户未点评，系统默认好评。,2020-01-15
r*0,用户未点评，系统默认好评。,2020-01-15
哈*呀,用户未点评，系统默认好评。,2020-01-15
e*6,用户未点评，系统默认好评。,2020-01-15
e*6,用户未点评，系统默认好评。,2020-01-15
r*8,用户未点评，系统默认好评。,2020-01-15
r*8,用户未点评，系统默认好评。,2020-01-15
h*2,用户未点评，系统默认好评。,2020-01-15
i*4,用户未点评，系统默认好评。,2020-01-15
i*4,用户未点评，系统默认好评。,2020-01-15
c*2,用户未点评，系统默认好评。,2020-01-15
w*3,用户未点评，系统默认好评。,2020-01-15
h*6,用户未点评，系统默认好评。,2020-01-15
h*5,用户未点评，系统默认好评。,2020-01-15
n*9,用户未点评，系统默认好评。,2020-01-15
t*5,用户未点评，系统默认好评。,2020-01-14
l*9,用户未点评，系统默认好评。,2020-01-14
t*5,用户未点评，系统默认好评。,2020-01-14
p*7,用户未点评，系统默认好评。,2020-01-14
c*3,用户未点评，系统默认好评。,2020-01-14
c*3,用户未点评，系统默认好评。,2020-01-14
i*9,用户未点评，系统默认好评。,2020-01-14
v*6,用户未点评，系统默认好评。,2020-01-14
y*7,用户未点评，系统默认好评。,2020-01-14
n*4,用户未点评，系统默认好评。,2020-01-14
f*4,用户未点评，系统默认好评。,2020-01-14
t*5,用户未点评，系统默认好评。,2020-01-14
佳*长,用户未点评，系统默认好评。,2020-01-14
佳*长,用户未点评，系统默认好评。,2020-01-14
d*8,用户未点评，系统默认好评。,2020-01-13
m*8,用户未点评，系统默认好评。,2020-01-13
m*8,用户未点评，系统默认好评。,2020-01-13
y*6,用户未点评，系统默认好评。,2020-01-13
r*8,用户未点评，系统默认好评。,2020-01-13
老*子,用户未点评，系统默认好评。,2020-01-13
e*9,用户未点评，系统默认好评。,2020-01-13
x*9,用户未点评，系统默认好评。,2020-01-12
b*9,用户未点评，系统默认好评。,2020-01-11
y*3,用户未点评，系统默认好评。,2020-01-10
s*5,用户未点评，系统默认好评。,2020-01-10
i*9,用户未点评，系统默认好评。,2020-01-10
i*9,用户未点评，系统默认好评。,2020-01-10
o*9,用户未点评，系统默认好评。,2020-01-10
初*棉,用户未点评，系统默认好评。,2020-01-09
d*6,用户未点评，系统默认好评。,2020-01-09
q*4,用户未点评，系统默认好评。,2020-01-09
q*4,用户未点评，系统默认好评。,2020-01-09
m*9,用户未点评，系统默认好评。,2020-01-09
j*3,用户未点评，系统默认好评。,2020-01-09
o*4,用户未点评，系统默认好评。,2020-01-09
z*9,用户未点评，系统默认好评。,2020-01-09
s*3,用户未点评，系统默认好评。,2020-01-09
z*5,用户未点评，系统默认好评。,2020-01-09
j*g,用户未点评，系统默认好评。,2020-01-09
王*喱,用户未点评，系统默认好评。,2020-01-09
小*4,用户未点评，系统默认好评。,2020-01-08
o*7,用户未点评，系统默认好评。,2020-01-08
t*9,用户未点评，系统默认好评。,2020-01-08
t*9,用户未点评，系统默认好评。,2020-01-08
少*明,用户未点评，系统默认好评。,2020-01-08
少*明,用户未点评，系统默认好评。,2020-01-08
少*明,用户未点评，系统默认好评。,2020-01-08
l*6,用户未点评，系统默认好评。,2020-01-08
啊*茴,用户未点评，系统默认好评。,2020-01-08
n*9,用户未点评，系统默认好评。,2020-01-08
s*g,用户未点评，系统默认好评。,2020-01-08
唐*不,用户未点评，系统默认好评。,2020-01-08
跳*蒙,用户未点评，系统默认好评。,2020-01-07
跳*蒙,用户未点评，系统默认好评。,2020-01-07
x*0,用户未点评，系统默认好评。,2020-01-07
q*0,用户未点评，系统默认好评。,2020-01-07
w*5,用户未点评，系统默认好评。,2020-01-07
A*5,用户未点评，系统默认好评。,2020-01-07
d*咕,用户未点评，系统默认好评。,2020-01-07
d*咕,用户未点评，系统默认好评。,2020-01-07
t*7,用户未点评，系统默认好评。,2020-01-07
t*7,用户未点评，系统默认好评。,2020-01-07
u*7,用户未点评，系统默认好评。,2020-01-07
u*6,用户未点评，系统默认好评。,2020-01-07
c*8,用户未点评，系统默认好评。,2020-01-07
t*2,用户未点评，系统默认好评。,2020-01-07
邱*y,用户未点评，系统默认好评。,2020-01-06
e*3,用户未点评，系统默认好评。,2020-01-06
o*4,用户未点评，系统默认好评。,2020-01-06
大*赛,用户未点评，系统默认好评。,2020-01-06
i*4,用户未点评，系统默认好评。,2020-01-06
o*3,用户未点评，系统默认好评。,2020-01-06
m*4,用户未点评，系统默认好评。,2020-01-05
每*好,用户未点评，系统默认好评。,2020-01-05
t*3,用户未点评，系统默认好评。,2020-01-05
t*3,用户未点评，系统默认好评。,2020-01-05
t*3,用户未点评，系统默认好评。,2020-01-05
t*3,用户未点评，系统默认好评。,2020-01-05
l*9,用户未点评，系统默认好评。,2020-01-05
s*8,用户未点评，系统默认好评。,2020-01-05
q*3,用户未点评，系统默认好评。,2020-01-05
s*3,用户未点评，系统默认好评。,2020-01-04
1*0,用户未点评，系统默认好评。,2020-01-04
z*9,用户未点评，系统默认好评。,2020-01-04
c*9,用户未点评，系统默认好评。,2020-01-04
w*0,用户未点评，系统默认好评。,2020-01-03
s*g,用户未点评，系统默认好评。,2020-01-03
v*6,用户未点评，系统默认好评。,2020-01-03
a*3,用户未点评，系统默认好评。,2020-01-03
a*3,用户未点评，系统默认好评。,2020-01-03
i*7,用户未点评，系统默认好评。,2020-01-03
f*6,用户未点评，系统默认好评。,2020-01-03
w*9,用户未点评，系统默认好评。,2020-01-03
n*7,用户未点评，系统默认好评。,2020-01-03
f*2,用户未点评，系统默认好评。,2020-01-03
芥*爱,用户未点评，系统默认好评。,2020-01-03
懒*枝,用户未点评，系统默认好评。,2020-01-03
x*6,用户未点评，系统默认好评。,2020-01-02
k*9,用户未点评，系统默认好评。,2020-01-02
晚*衣,用户未点评，系统默认好评。,2020-01-02
t*l,用户未点评，系统默认好评。,2020-01-02
e*5,用户未点评，系统默认好评。,2020-01-02
简*p,用户未点评，系统默认好评。,2020-01-02
S*3,用户未点评，系统默认好评。,2020-01-02
h*7,用户未点评，系统默认好评。,2020-01-02
h*7,用户未点评，系统默认好评。,2020-01-02
h*7,用户未点评，系统默认好评。,2020-01-02
c*0,用户未点评，系统默认好评。,2020-01-02
q*y,用户未点评，系统默认好评。,2020-01-02
k*1,用户未点评，系统默认好评。,2020-01-02
j*8,用户未点评，系统默认好评。,2020-01-02
吃*包,用户未点评，系统默认好评。,2020-01-02
s*1,用户未点评，系统默认好评。,2020-01-02
y*4,用户未点评，系统默认好评。,2020-01-02
q*7,用户未点评，系统默认好评。,2020-01-02
i*6,用户未点评，系统默认好评。,2020-01-02
玛*子,用户未点评，系统默认好评。,2020-01-02
玛*子,用户未点评，系统默认好评。,2020-01-02
放*孩,用户未点评，系统默认好评。,2020-01-02
b*9,用户未点评，系统默认好评。,2020-01-01
p*5,用户未点评，系统默认好评。,2020-01-01
p*5,用户未点评，系统默认好评。,2020-01-01
l*8,用户未点评，系统默认好评。,2020-01-01
林*i,用户未点评，系统默认好评。,2020-01-01
h*c,用户未点评，系统默认好评。,2020-01-01
R*8,用户未点评，系统默认好评。,2020-01-01
o*4,用户未点评，系统默认好评。,2020-01-01
v*4,用户未点评，系统默认好评。,2020-01-01
沉*厚,用户未点评，系统默认好评。,2020-01-01
b*9,用户未点评，系统默认好评。,2020-01-01
x*6,用户未点评，系统默认好评。,2019-12-31
东*a,用户未点评，系统默认好评。,2019-12-31
丁*丁,用户未点评，系统默认好评。,2019-12-31
d*1,用户未点评，系统默认好评。,2019-12-31
d*9,用户未点评，系统默认好评。,2019-12-31
S*3,用户未点评，系统默认好评。,2019-12-31
f*5,用户未点评，系统默认好评。,2019-12-31
i*7,用户未点评，系统默认好评。,2019-12-31
c*9,用户未点评，系统默认好评。,2019-12-31
q*3,用户未点评，系统默认好评。,2019-12-30
q*3,用户未点评，系统默认好评。,2019-12-30
是*啊,用户未点评，系统默认好评。,2019-12-30
是*啊,用户未点评，系统默认好评。,2019-12-30
b*1,用户未点评，系统默认好评。,2019-12-30
c*1,用户未点评，系统默认好评。,2019-12-30
h*0,用户未点评，系统默认好评。,2019-12-30
a*9,用户未点评，系统默认好评。,2019-12-30
a*9,用户未点评，系统默认好评。,2019-12-30
h*0,用户未点评，系统默认好评。,2019-12-30
M*s,用户未点评，系统默认好评。,2019-12-30
w*5,用户未点评，系统默认好评。,2019-12-30
小*冻,用户未点评，系统默认好评。,2019-12-29
b*2,用户未点评，系统默认好评。,2019-12-29
我*琼,用户未点评，系统默认好评。,2019-12-29
A*0,用户未点评，系统默认好评。,2019-12-29
q*3,用户未点评，系统默认好评。,2019-12-29
d*莫,用户未点评，系统默认好评。,2019-12-29
n*s,用户未点评，系统默认好评。,2019-12-29
s*0,用户未点评，系统默认好评。,2019-12-29
s*0,用户未点评，系统默认好评。,2019-12-29
b*8,用户未点评，系统默认好评。,2019-12-29
A*诺,用户未点评，系统默认好评。,2019-12-29
t*3,用户未点评，系统默认好评。,2019-12-29
t*3,用户未点评，系统默认好评。,2019-12-29
o*3,用户未点评，系统默认好评。,2019-12-29
小*3,用户未点评，系统默认好评。,2019-12-28
w*1,用户未点评，系统默认好评。,2019-12-27
g*1,用户未点评，系统默认好评。,2019-12-27
烤*儿,用户未点评，系统默认好评。,2019-12-27
o*3,用户未点评，系统默认好评。,2019-12-27
n*9,用户未点评，系统默认好评。,2019-12-27
i*1,用户未点评，系统默认好评。,2019-12-27
i*1,用户未点评，系统默认好评。,2019-12-27
d*8,用户未点评，系统默认好评。,2019-12-27
_*婉,用户未点评，系统默认好评。,2019-12-27
_*婉,用户未点评，系统默认好评。,2019-12-27
s*8,用户未点评，系统默认好评。,2019-12-27
l*2,用户未点评，系统默认好评。,2019-12-27
k*7,用户未点评，系统默认好评。,2019-12-26
d*1,用户未点评，系统默认好评。,2019-12-26
a*u,用户未点评，系统默认好评。,2019-12-26
m*9,用户未点评，系统默认好评。,2019-12-26
m*d,用户未点评，系统默认好评。,2019-12-26
i*1,用户未点评，系统默认好评。,2019-12-26
b*n,用户未点评，系统默认好评。,2019-12-26
b*n,用户未点评，系统默认好评。,2019-12-26
l*-,用户未点评，系统默认好评。,2019-12-26
安*安,用户未点评，系统默认好评。,2019-12-26
j*0,用户未点评，系统默认好评。,2019-12-26
r*1,用户未点评，系统默认好评。,2019-12-26
南*5,用户未点评，系统默认好评。,2019-12-26
果*抖,用户未点评，系统默认好评。,2019-12-26
s*9,用户未点评，系统默认好评。,2019-12-26
我*那,用户未点评，系统默认好评。,2019-12-26
我*那,用户未点评，系统默认好评。,2019-12-26
v*4,用户未点评，系统默认好评。,2019-12-26
b*7,用户未点评，系统默认好评。,2019-12-26
b*7,用户未点评，系统默认好评。,2019-12-26
w*1,用户未点评，系统默认好评。,2019-12-26
z*0,用户未点评，系统默认好评。,2019-12-26
i*8,用户未点评，系统默认好评。,2019-12-26
w*9,用户未点评，系统默认好评。,2019-12-26
y*3,用户未点评，系统默认好评。,2019-12-26
n*8,用户未点评，系统默认好评。,2019-12-26
t*0,用户未点评，系统默认好评。,2019-12-26
t*9,用户未点评，系统默认好评。,2019-12-26
s*6,用户未点评，系统默认好评。,2019-12-26
w*0,用户未点评，系统默认好评。,2019-12-25
q*2,用户未点评，系统默认好评。,2019-12-25
h*9,用户未点评，系统默认好评。,2019-12-25
h*9,用户未点评，系统默认好评。,2019-12-25
b*1,用户未点评，系统默认好评。,2019-12-25
p*3,用户未点评，系统默认好评。,2019-12-25
s*o,用户未点评，系统默认好评。,2019-12-25
糕*G,用户未点评，系统默认好评。,2019-12-25
g*3,用户未点评，系统默认好评。,2019-12-25
o*5,用户未点评，系统默认好评。,2019-12-24
姜*汁,用户未点评，系统默认好评。,2019-12-24
m*9,用户未点评，系统默认好评。,2019-12-24
h*2,用户未点评，系统默认好评。,2019-12-24
p*6,用户未点评，系统默认好评。,2019-12-24
s*1,用户未点评，系统默认好评。,2019-12-24
o*9,用户未点评，系统默认好评。,2019-12-24
m*9,用户未点评，系统默认好评。,2019-12-24
q*3,用户未点评，系统默认好评。,2019-12-24
l*7,用户未点评，系统默认好评。,2019-12-24
w*0,用户未点评，系统默认好评。,2019-12-24
I*M,用户未点评，系统默认好评。,2019-12-24
b*3,用户未点评，系统默认好评。,2019-12-24
c*4,用户未点评，系统默认好评。,2019-12-23
m*2,用户未点评，系统默认好评。,2019-12-23
r*4,用户未点评，系统默认好评。,2019-12-23
m*2,用户未点评，系统默认好评。,2019-12-23
l*擘,用户未点评，系统默认好评。,2019-12-23
j*2,用户未点评，系统默认好评。,2019-12-23
s*a,用户未点评，系统默认好评。,2019-12-23
R*强,用户未点评，系统默认好评。,2019-12-23
m*6,用户未点评，系统默认好评。,2019-12-23
T*U,用户未点评，系统默认好评。,2019-12-23
依*幽,用户未点评，系统默认好评。,2019-12-23
t*8,用户未点评，系统默认好评。,2019-12-23
z*4,用户未点评，系统默认好评。,2019-12-23
S*0,用户未点评，系统默认好评。,2019-12-22
o*7,用户未点评，系统默认好评。,2019-12-22
麻*冰,用户未点评，系统默认好评。,2019-12-22
l*0,用户未点评，系统默认好评。,2019-12-22
卖*的,用户未点评，系统默认好评。,2019-12-22
M*u,用户未点评，系统默认好评。,2019-12-22
M*u,用户未点评，系统默认好评。,2019-12-22
小*儿,用户未点评，系统默认好评。,2019-12-22
j*8,用户未点评，系统默认好评。,2019-12-22
浅*菊,用户未点评，系统默认好评。,2019-12-22
p*1,用户未点评，系统默认好评。,2019-12-22
w*r,用户未点评，系统默认好评。,2019-12-21
x*6,用户未点评，系统默认好评。,2019-12-21
j*叶,用户未点评，系统默认好评。,2019-12-21
h*7,用户未点评，系统默认好评。,2019-12-21
c*5,用户未点评，系统默认好评。,2019-12-21
u*7,用户未点评，系统默认好评。,2019-12-21
s*5,用户未点评，系统默认好评。,2019-12-20
h*6,用户未点评，系统默认好评。,2019-12-20
t*1,用户未点评，系统默认好评。,2019-12-20
m*i,用户未点评，系统默认好评。,2019-12-20
b*u,用户未点评，系统默认好评。,2019-12-20
i*8,用户未点评，系统默认好评。,2019-12-20
d*0,用户未点评，系统默认好评。,2019-12-20
b*8,用户未点评，系统默认好评。,2019-12-20
旅*a,用户未点评，系统默认好评。,2019-12-20
风*1,用户未点评，系统默认好评。,2019-12-19
t*4,用户未点评，系统默认好评。,2019-12-19
y*1,用户未点评，系统默认好评。,2019-12-19
小*5,用户未点评，系统默认好评。,2019-12-19
r*8,用户未点评，系统默认好评。,2019-12-19
风*1,用户未点评，系统默认好评。,2019-12-19
v*8,用户未点评，系统默认好评。,2019-12-19
甜*甜,用户未点评，系统默认好评。,2019-12-19
朱*开,用户未点评，系统默认好评。,2019-12-19
q*3,用户未点评，系统默认好评。,2019-12-19
o*0,用户未点评，系统默认好评。,2019-12-18
w*8,用户未点评，系统默认好评。,2019-12-18
d*a,用户未点评，系统默认好评。,2019-12-18
x*h,用户未点评，系统默认好评。,2019-12-18
j*3,用户未点评，系统默认好评。,2019-12-17
j*8,用户未点评，系统默认好评。,2019-12-17
O*e,用户未点评，系统默认好评。,2019-12-17
m*5,用户未点评，系统默认好评。,2019-12-17
h*9,用户未点评，系统默认好评。,2019-12-17
毛*事,用户未点评，系统默认好评。,2019-12-17
m*1,用户未点评，系统默认好评。,2019-12-16
c*8,用户未点评，系统默认好评。,2019-12-16
罗*婷,用户未点评，系统默认好评。,2019-12-16
R*c,用户未点评，系统默认好评。,2019-12-16
R*c,用户未点评，系统默认好评。,2019-12-16
N*i,用户未点评，系统默认好评。,2019-12-16
y*2,用户未点评，系统默认好评。,2019-12-16
n*8,用户未点评，系统默认好评。,2019-12-16
p*3,用户未点评，系统默认好评。,2019-12-15
芥*爱,用户未点评，系统默认好评。,2019-12-15
m*6,用户未点评，系统默认好评。,2019-12-14
s*2,用户未点评，系统默认好评。,2019-12-14
文*久,用户未点评，系统默认好评。,2019-12-14
米*0,用户未点评，系统默认好评。,2019-12-14
年*子,用户未点评，系统默认好评。,2019-12-14
1*0,用户未点评，系统默认好评。,2019-12-14
p*8,用户未点评，系统默认好评。,2019-12-14
p*8,用户未点评，系统默认好评。,2019-12-14
o*1,用户未点评，系统默认好评。,2019-12-13
e*5,用户未点评，系统默认好评。,2019-12-13
r*i,用户未点评，系统默认好评。,2019-12-13
h*0,用户未点评，系统默认好评。,2019-12-12
p*8,用户未点评，系统默认好评。,2019-12-12
j*9,用户未点评，系统默认好评。,2019-12-12
木*陌,用户未点评，系统默认好评。,2019-12-12
大*8,用户未点评，系统默认好评。,2019-12-12
l*5,用户未点评，系统默认好评。,2019-12-12
大*8,用户未点评，系统默认好评。,2019-12-12
年*子,用户未点评，系统默认好评。,2019-12-12
q*0,用户未点评，系统默认好评。,2019-12-12
q*0,用户未点评，系统默认好评。,2019-12-12
哈*孩,用户未点评，系统默认好评。,2019-12-12
t*4,用户未点评，系统默认好评。,2019-12-11
彦*3,用户未点评，系统默认好评。,2019-12-11
l*8,用户未点评，系统默认好评。,2019-12-11
k*4,用户未点评，系统默认好评。,2019-12-11
开*Y,用户未点评，系统默认好评。,2019-12-11
p*4,用户未点评，系统默认好评。,2019-12-11
q*5,用户未点评，系统默认好评。,2019-12-10
k*1,用户未点评，系统默认好评。,2019-12-10
e*3,用户未点评，系统默认好评。,2019-12-10
e*3,用户未点评，系统默认好评。,2019-12-10
d*3,用户未点评，系统默认好评。,2019-12-10
d*3,用户未点评，系统默认好评。,2019-12-10
y*6,用户未点评，系统默认好评。,2019-12-09
l*o,用户未点评，系统默认好评。,2019-12-09
c*6,用户未点评，系统默认好评。,2019-12-09
a*1,用户未点评，系统默认好评。,2019-12-09
郑*中,用户未点评，系统默认好评。,2019-12-09
k*5,用户未点评，系统默认好评。,2019-12-09
u*6,用户未点评，系统默认好评。,2019-12-09
m*1,用户未点评，系统默认好评。,2019-12-09
x*3,用户未点评，系统默认好评。,2019-12-09
大*界,用户未点评，系统默认好评。,2019-12-09
徐*卯,用户未点评，系统默认好评。,2019-12-08
徐*卯,用户未点评，系统默认好评。,2019-12-08
x*7,用户未点评，系统默认好评。,2019-12-08
J*y,用户未点评，系统默认好评。,2019-12-08
z*8,用户未点评，系统默认好评。,2019-12-08
话*没,用户未点评，系统默认好评。,2019-12-08
话*没,用户未点评，系统默认好评。,2019-12-08
陳*人,用户未点评，系统默认好评。,2019-12-08
陳*人,用户未点评，系统默认好评。,2019-12-08
b*9,用户未点评，系统默认好评。,2019-12-08
A*7,用户未点评，系统默认好评。,2019-12-07
V*8,用户未点评，系统默认好评。,2019-12-07
q*4,用户未点评，系统默认好评。,2019-12-07
y*1,用户未点评，系统默认好评。,2019-12-07
p*3,用户未点评，系统默认好评。,2019-12-07
f*8,用户未点评，系统默认好评。,2019-12-06
依*媣,用户未点评，系统默认好评。,2019-12-06
c*d,用户未点评，系统默认好评。,2019-12-06
o*8,用户未点评，系统默认好评。,2019-12-06
l*e,用户未点评，系统默认好评。,2019-12-06
v*a,用户未点评，系统默认好评。,2019-12-05
E*a,用户未点评，系统默认好评。,2019-12-05
D*s,用户未点评，系统默认好评。,2019-12-05
苏*羽,用户未点评，系统默认好评。,2019-12-05
o*8,用户未点评，系统默认好评。,2019-12-05
成*成,用户未点评，系统默认好评。,2019-12-05
q*e,用户未点评，系统默认好评。,2019-12-04
q*e,用户未点评，系统默认好评。,2019-12-04
q*e,用户未点评，系统默认好评。,2019-12-04
q*e,用户未点评，系统默认好评。,2019-12-04
q*e,用户未点评，系统默认好评。,2019-12-04
c*2,用户未点评，系统默认好评。,2019-12-03
p*7,用户未点评，系统默认好评。,2019-12-03
z*7,用户未点评，系统默认好评。,2019-12-03
z*7,用户未点评，系统默认好评。,2019-12-03
q*4,用户未点评，系统默认好评。,2019-12-03
小*5,用户未点评，系统默认好评。,2019-12-02
i*8,用户未点评，系统默认好评。,2019-12-02
z*1,用户未点评，系统默认好评。,2019-12-01
q*3,用户未点评，系统默认好评。,2019-12-01
l*3,用户未点评，系统默认好评。,2019-12-01
s*r,用户未点评，系统默认好评。,2019-12-01
j*1,用户未点评，系统默认好评。,2019-12-01
k*6,用户未点评，系统默认好评。,2019-12-01
m*6,用户未点评，系统默认好评。,2019-12-01
q*9,用户未点评，系统默认好评。,2019-12-01
b*a,用户未点评，系统默认好评。,2019-12-01
h*6,用户未点评，系统默认好评。,2019-12-01
M*Q,用户未点评，系统默认好评。,2019-12-01
W*驹,用户未点评，系统默认好评。,2019-11-30
L*k,用户未点评，系统默认好评。,2019-11-30
e*7,用户未点评，系统默认好评。,2019-11-30
廖*宁,用户未点评，系统默认好评。,2019-11-30
l*e,用户未点评，系统默认好评。,2019-11-30
t*7,用户未点评，系统默认好评。,2019-11-30
6*9,用户未点评，系统默认好评。,2019-11-30
l*9,用户未点评，系统默认好评。,2019-11-30
l*9,用户未点评，系统默认好评。,2019-11-30
w*1,用户未点评，系统默认好评。,2019-11-30
w*1,用户未点评，系统默认好评。,2019-11-30
扫*9,用户未点评，系统默认好评。,2019-11-30
u*6,用户未点评，系统默认好评。,2019-11-29
h*3,用户未点评，系统默认好评。,2019-11-29
乖*嘻,用户未点评，系统默认好评。,2019-11-29
乖*嘻,用户未点评，系统默认好评。,2019-11-29
b*5,用户未点评，系统默认好评。,2019-11-29
b*5,用户未点评，系统默认好评。,2019-11-29
任*铎,用户未点评，系统默认好评。,2019-11-29
b*8,用户未点评，系统默认好评。,2019-11-29
z*4,用户未点评，系统默认好评。,2019-11-28
k*4,用户未点评，系统默认好评。,2019-11-28
o*4,用户未点评，系统默认好评。,2019-11-28
x*2,用户未点评，系统默认好评。,2019-11-28
k*m,用户未点评，系统默认好评。,2019-11-28
浣*_,用户未点评，系统默认好评。,2019-11-28
i*4,用户未点评，系统默认好评。,2019-11-28
柚*剑,用户未点评，系统默认好评。,2019-11-28
x*2,用户未点评，系统默认好评。,2019-11-28
A*1,用户未点评，系统默认好评。,2019-11-28
a*4,用户未点评，系统默认好评。,2019-11-28
x*5,用户未点评，系统默认好评。,2019-11-28
o*4,用户未点评，系统默认好评。,2019-11-28
j*8,用户未点评，系统默认好评。,2019-11-28
q*m,用户未点评，系统默认好评。,2019-11-28
o*5,用户未点评，系统默认好评。,2019-11-28
c*4,用户未点评，系统默认好评。,2019-11-28
r*r,用户未点评，系统默认好评。,2019-11-28
r*r,用户未点评，系统默认好评。,2019-11-28
d*e,用户未点评，系统默认好评。,2019-11-28
X*2,用户未点评，系统默认好评。,2019-11-28
都*宙,用户未点评，系统默认好评。,2019-11-28
g*i,用户未点评，系统默认好评。,2019-11-28
h*9,用户未点评，系统默认好评。,2019-11-28
z*y,用户未点评，系统默认好评。,2019-11-28
h*1,用户未点评，系统默认好评。,2019-11-27
M*丶,用户未点评，系统默认好评。,2019-11-27
x*5,用户未点评，系统默认好评。,2019-11-27
g*3,用户未点评，系统默认好评。,2019-11-27
g*3,用户未点评，系统默认好评。,2019-11-27
w*1,用户未点评，系统默认好评。,2019-11-27
n*9,用户未点评，系统默认好评。,2019-11-27
永*戀,用户未点评，系统默认好评。,2019-11-27
l*0,用户未点评，系统默认好评。,2019-11-27
l*0,用户未点评，系统默认好评。,2019-11-27
k*5,用户未点评，系统默认好评。,2019-11-27
k*5,用户未点评，系统默认好评。,2019-11-27
j*3,用户未点评，系统默认好评。,2019-11-27
w*1,用户未点评，系统默认好评。,2019-11-27
x*z,用户未点评，系统默认好评。,2019-11-27
x*9,用户未点评，系统默认好评。,2019-11-27
x*5,用户未点评，系统默认好评。,2019-11-27
u*7,用户未点评，系统默认好评。,2019-11-27
r*6,用户未点评，系统默认好评。,2019-11-26
r*9,用户未点评，系统默认好评。,2019-11-26
水*货,用户未点评，系统默认好评。,2019-11-26
水*货,用户未点评，系统默认好评。,2019-11-26
b*9,用户未点评，系统默认好评。,2019-11-26
b*4,用户未点评，系统默认好评。,2019-11-26
b*4,用户未点评，系统默认好评。,2019-11-26
C*3,用户未点评，系统默认好评。,2019-11-26
E*t,用户未点评，系统默认好评。,2019-11-26
g*6,用户未点评，系统默认好评。,2019-11-26
o*2,用户未点评，系统默认好评。,2019-11-26
o*4,用户未点评，系统默认好评。,2019-11-26
X*G,用户未点评，系统默认好评。,2019-11-25
X*G,用户未点评，系统默认好评。,2019-11-25
E*t,用户未点评，系统默认好评。,2019-11-25
f*6,用户未点评，系统默认好评。,2019-11-25
l*6,用户未点评，系统默认好评。,2019-11-25
h*e,用户未点评，系统默认好评。,2019-11-25
j*8,用户未点评，系统默认好评。,2019-11-25
二*o,用户未点评，系统默认好评。,2019-11-25
p*8,用户未点评，系统默认好评。,2019-11-25
p*8,用户未点评，系统默认好评。,2019-11-25
p*8,用户未点评，系统默认好评。,2019-11-25
小*6,用户未点评，系统默认好评。,2019-11-25
a*1,用户未点评，系统默认好评。,2019-11-25
彭*彦,用户未点评，系统默认好评。,2019-11-25
h*9,用户未点评，系统默认好评。,2019-11-25
s*1,用户未点评，系统默认好评。,2019-11-25
p*1,用户未点评，系统默认好评。,2019-11-25
a*6,用户未点评，系统默认好评。,2019-11-25
a*2,用户未点评，系统默认好评。,2019-11-25
c*0,用户未点评，系统默认好评。,2019-11-25
u*1,用户未点评，系统默认好评。,2019-11-25
n*7,用户未点评，系统默认好评。,2019-11-25
阿*0,用户未点评，系统默认好评。,2019-11-25
R*9,用户未点评，系统默认好评。,2019-11-24
s*1,用户未点评，系统默认好评。,2019-11-24
s*9,用户未点评，系统默认好评。,2019-11-24
I*3,用户未点评，系统默认好评。,2019-11-24
r*7,用户未点评，系统默认好评。,2019-11-24
f*2,用户未点评，系统默认好评。,2019-11-24
f*5,用户未点评，系统默认好评。,2019-11-24
r*9,用户未点评，系统默认好评。,2019-11-24
b*7,用户未点评，系统默认好评。,2019-11-24
h*D,用户未点评，系统默认好评。,2019-11-24
h*D,用户未点评，系统默认好评。,2019-11-24
z*5,用户未点评，系统默认好评。,2019-11-24
z*5,用户未点评，系统默认好评。,2019-11-24
a*8,用户未点评，系统默认好评。,2019-11-24
u*1,用户未点评，系统默认好评。,2019-11-24
u*1,用户未点评，系统默认好评。,2019-11-24
t*1,用户未点评，系统默认好评。,2019-11-24
d*2,用户未点评，系统默认好评。,2019-11-24
l*e,用户未点评，系统默认好评。,2019-11-24
s*5,用户未点评，系统默认好评。,2019-11-24
o*4,用户未点评，系统默认好评。,2019-11-24
c*3,用户未点评，系统默认好评。,2019-11-24
l*z,用户未点评，系统默认好评。,2019-11-23
薛*蓝,用户未点评，系统默认好评。,2019-11-23
v*1,用户未点评，系统默认好评。,2019-11-23
f*3,用户未点评，系统默认好评。,2019-11-23
u*4,用户未点评，系统默认好评。,2019-11-23
d*6,用户未点评，系统默认好评。,2019-11-23
电*生,用户未点评，系统默认好评。,2019-11-22
小*r,用户未点评，系统默认好评。,2019-11-22
e*0,用户未点评，系统默认好评。,2019-11-22
r*4,用户未点评，系统默认好评。,2019-11-21
r*4,用户未点评，系统默认好评。,2019-11-21
v*0,用户未点评，系统默认好评。,2019-11-21
璐*了,用户未点评，系统默认好评。,2019-11-21
s*7,用户未点评，系统默认好评。,2019-11-21
s*7,用户未点评，系统默认好评。,2019-11-21
v*4,用户未点评，系统默认好评。,2019-11-21
v*4,用户未点评，系统默认好评。,2019-11-21
y*5,用户未点评，系统默认好评。,2019-11-21
m*9,用户未点评，系统默认好评。,2019-11-21
r*1,用户未点评，系统默认好评。,2019-11-21
李*2,用户未点评，系统默认好评。,2019-11-21
z*z,用户未点评，系统默认好评。,2019-11-20
v*o,用户未点评，系统默认好评。,2019-11-19
熙*咪,用户未点评，系统默认好评。,2019-11-19
a*l,用户未点评，系统默认好评。,2019-11-19
x*5,用户未点评，系统默认好评。,2019-11-19
d*8,用户未点评，系统默认好评。,2019-11-18
媚*贝,用户未点评，系统默认好评。,2019-11-18
媚*贝,用户未点评，系统默认好评。,2019-11-18
v*6,用户未点评，系统默认好评。,2019-11-18
c*0,用户未点评，系统默认好评。,2019-11-18
i*g,用户未点评，系统默认好评。,2019-11-18
c*0,用户未点评，系统默认好评。,2019-11-18
c*0,用户未点评，系统默认好评。,2019-11-18
卷*菜,用户未点评，系统默认好评。,2019-11-18
v*9,用户未点评，系统默认好评。,2019-11-17
t*1,用户未点评，系统默认好评。,2019-11-17
s*2,用户未点评，系统默认好评。,2019-11-17
r*7,用户未点评，系统默认好评。,2019-11-17
深*c,用户未点评，系统默认好评。,2019-11-17
m*9,用户未点评，系统默认好评。,2019-11-17
細*g,用户未点评，系统默认好评。,2019-11-16
P*e,用户未点评，系统默认好评。,2019-11-16
w*9,用户未点评，系统默认好评。,2019-11-16
_*5,用户未点评，系统默认好评。,2019-11-15
_*5,用户未点评，系统默认好评。,2019-11-15
j*1,用户未点评，系统默认好评。,2019-11-15
小*3,用户未点评，系统默认好评。,2019-11-15
E*惠,用户未点评，系统默认好评。,2019-11-14
u*1,用户未点评，系统默认好评。,2019-11-14
烟*步,用户未点评，系统默认好评。,2019-11-14
V*9,用户未点评，系统默认好评。,2019-11-13
n*6,用户未点评，系统默认好评。,2019-11-13
e*0,用户未点评，系统默认好评。,2019-11-12
e*0,用户未点评，系统默认好评。,2019-11-12
p*7,用户未点评，系统默认好评。,2019-11-12
四*笼,用户未点评，系统默认好评。,2019-11-12
m*0,用户未点评，系统默认好评。,2019-11-12
a*0,用户未点评，系统默认好评。,2019-11-11
a*0,用户未点评，系统默认好评。,2019-11-11
仙*娜,用户未点评，系统默认好评。,2019-11-11
b*1,用户未点评，系统默认好评。,2019-11-11
言*娘,用户未点评，系统默认好评。,2019-11-11
g*0,用户未点评，系统默认好评。,2019-11-11
h*2,用户未点评，系统默认好评。,2019-11-11
b*1,用户未点评，系统默认好评。,2019-11-11
i*0,用户未点评，系统默认好评。,2019-11-11
蜡*心,用户未点评，系统默认好评。,2019-11-10
蜡*心,用户未点评，系统默认好评。,2019-11-10
j*6,用户未点评，系统默认好评。,2019-11-10
v*3,用户未点评，系统默认好评。,2019-11-10
f*3,用户未点评，系统默认好评。,2019-11-10
周*惠,用户未点评，系统默认好评。,2019-11-10
m*a,用户未点评，系统默认好评。,2019-11-10
k*6,用户未点评，系统默认好评。,2019-11-09
m*1,用户未点评，系统默认好评。,2019-11-09
w*4,用户未点评，系统默认好评。,2019-11-09
f*4,用户未点评，系统默认好评。,2019-11-09
q*9,用户未点评，系统默认好评。,2019-11-09
q*9,用户未点评，系统默认好评。,2019-11-09
皓*G,用户未点评，系统默认好评。,2019-11-09
c*5,用户未点评，系统默认好评。,2019-11-09
a*6,用户未点评，系统默认好评。,2019-11-09
l*y,用户未点评，系统默认好评。,2019-11-09
b*2,用户未点评，系统默认好评。,2019-11-09
h*0,用户未点评，系统默认好评。,2019-11-09
h*n,用户未点评，系统默认好评。,2019-11-09
h*0,用户未点评，系统默认好评。,2019-11-09
深*渊,用户未点评，系统默认好评。,2019-11-09
p*y,用户未点评，系统默认好评。,2019-11-08
v*9,用户未点评，系统默认好评。,2019-11-08
n*i,用户未点评，系统默认好评。,2019-11-08
n*i,用户未点评，系统默认好评。,2019-11-08
o*0,用户未点评，系统默认好评。,2019-11-08
j*1,用户未点评，系统默认好评。,2019-11-08
t*6,用户未点评，系统默认好评。,2019-11-08
l*6,用户未点评，系统默认好评。,2019-11-08
p*1,用户未点评，系统默认好评。,2019-11-08
拖*奔,用户未点评，系统默认好评。,2019-11-08
f*4,用户未点评，系统默认好评。,2019-11-08
t*4,用户未点评，系统默认好评。,2019-11-08
我*诺,用户未点评，系统默认好评。,2019-11-07
l*煜,用户未点评，系统默认好评。,2019-11-07
爵*士,用户未点评，系统默认好评。,2019-11-07
h*y,用户未点评，系统默认好评。,2019-11-07
h*y,用户未点评，系统默认好评。,2019-11-07
m*g,用户未点评，系统默认好评。,2019-11-07
l*r,用户未点评，系统默认好评。,2019-11-07
w*5,用户未点评，系统默认好评。,2019-11-07
w*5,用户未点评，系统默认好评。,2019-11-07
w*5,用户未点评，系统默认好评。,2019-11-07
遗*儿,用户未点评，系统默认好评。,2019-11-07
t*5,用户未点评，系统默认好评。,2019-11-07
d*7,用户未点评，系统默认好评。,2019-11-07
d*7,用户未点评，系统默认好评。,2019-11-07
g*y,用户未点评，系统默认好评。,2019-11-07
g*y,用户未点评，系统默认好评。,2019-11-07
m*8,用户未点评，系统默认好评。,2019-11-07
m*8,用户未点评，系统默认好评。,2019-11-07
呜*啦,用户未点评，系统默认好评。,2019-11-07
f*1,用户未点评，系统默认好评。,2019-11-07
w*i,用户未点评，系统默认好评。,2019-11-07
f*1,用户未点评，系统默认好评。,2019-11-07
f*1,用户未点评，系统默认好评。,2019-11-07
z*2,用户未点评，系统默认好评。,2019-11-07
b*3,用户未点评，系统默认好评。,2019-11-06
l*莉,用户未点评，系统默认好评。,2019-11-06
q*5,用户未点评，系统默认好评。,2019-11-06
b*9,用户未点评，系统默认好评。,2019-11-06
o*5,用户未点评，系统默认好评。,2019-11-05
e*r,用户未点评，系统默认好评。,2019-11-05
佳*N,用户未点评，系统默认好评。,2019-11-05
T*哥,用户未点评，系统默认好评。,2019-11-05
T*哥,用户未点评，系统默认好评。,2019-11-05
钻*包,用户未点评，系统默认好评。,2019-11-05
s*l,用户未点评，系统默认好评。,2019-11-05
t*8,用户未点评，系统默认好评。,2019-11-05
h*7,用户未点评，系统默认好评。,2019-11-05
h*e,用户未点评，系统默认好评。,2019-11-05
c*4,用户未点评，系统默认好评。,2019-11-05
f*1,用户未点评，系统默认好评。,2019-11-05
c*4,用户未点评，系统默认好评。,2019-11-05
北*军,用户未点评，系统默认好评。,2019-11-04
d*0,用户未点评，系统默认好评。,2019-11-04
贝*贝,用户未点评，系统默认好评。,2019-11-04
t*4,用户未点评，系统默认好评。,2019-11-04
敢*方,用户未点评，系统默认好评。,2019-11-04
敢*方,用户未点评，系统默认好评。,2019-11-04
h*g,用户未点评，系统默认好评。,2019-11-04
g*5,用户未点评，系统默认好评。,2019-11-04
g*5,用户未点评，系统默认好评。,2019-11-04
l*8,用户未点评，系统默认好评。,2019-11-04
l*8,用户未点评，系统默认好评。,2019-11-04
x*0,用户未点评，系统默认好评。,2019-11-04
王*学,用户未点评，系统默认好评。,2019-11-04
老*圳,用户未点评，系统默认好评。,2019-11-04
s*5,用户未点评，系统默认好评。,2019-11-04
s*5,用户未点评，系统默认好评。,2019-11-04
r*3,用户未点评，系统默认好评。,2019-11-04
d*0,用户未点评，系统默认好评。,2019-11-04
a*2,用户未点评，系统默认好评。,2019-11-03
熙*2,用户未点评，系统默认好评。,2019-11-03
h*0,用户未点评，系统默认好评。,2019-11-03
h*0,用户未点评，系统默认好评。,2019-11-03
a*0,用户未点评，系统默认好评。,2019-11-03
b*5,用户未点评，系统默认好评。,2019-11-03
f*2,用户未点评，系统默认好评。,2019-11-03
x*o,用户未点评，系统默认好评。,2019-11-03
f*y,用户未点评，系统默认好评。,2019-11-03
f*y,用户未点评，系统默认好评。,2019-11-03
Z*5,用户未点评，系统默认好评。,2019-11-02
Z*5,用户未点评，系统默认好评。,2019-11-02
o*6,用户未点评，系统默认好评。,2019-11-02
o*6,用户未点评，系统默认好评。,2019-11-02
d*7,用户未点评，系统默认好评。,2019-11-02
u*1,用户未点评，系统默认好评。,2019-11-02
v*5,用户未点评，系统默认好评。,2019-11-02
i*2,用户未点评，系统默认好评。,2019-11-02
包*王,用户未点评，系统默认好评。,2019-11-02
叶*L,用户未点评，系统默认好评。,2019-11-02
l*6,用户未点评，系统默认好评。,2019-11-02
r*0,用户未点评，系统默认好评。,2019-11-02
m*5,用户未点评，系统默认好评。,2019-11-02
冰*4,用户未点评，系统默认好评。,2019-11-01
x*o,用户未点评，系统默认好评。,2019-11-01
z*6,用户未点评，系统默认好评。,2019-11-01
c*0,用户未点评，系统默认好评。,2019-11-01
v*4,用户未点评，系统默认好评。,2019-11-01
d*1,用户未点评，系统默认好评。,2019-11-01
巴*2,用户未点评，系统默认好评。,2019-11-01
s*t,用户未点评，系统默认好评。,2019-11-01
k*2,用户未点评，系统默认好评。,2019-11-01
d*7,用户未点评，系统默认好评。,2019-11-01
A*s,用户未点评，系统默认好评。,2019-11-01
A*s,用户未点评，系统默认好评。,2019-11-01
j*7,用户未点评，系统默认好评。,2019-10-31
o*1,用户未点评，系统默认好评。,2019-10-31
k*2,用户未点评，系统默认好评。,2019-10-31
k*2,用户未点评，系统默认好评。,2019-10-31
c*o,用户未点评，系统默认好评。,2019-10-31
m*2,用户未点评，系统默认好评。,2019-10-31
j*5,用户未点评，系统默认好评。,2019-10-31
j*5,用户未点评，系统默认好评。,2019-10-31
z*8,用户未点评，系统默认好评。,2019-10-31
m*2,用户未点评，系统默认好评。,2019-10-31
m*6,用户未点评，系统默认好评。,2019-10-31
s*n,用户未点评，系统默认好评。,2019-10-31
s*n,用户未点评，系统默认好评。,2019-10-31
h*1,用户未点评，系统默认好评。,2019-10-31
v*3,用户未点评，系统默认好评。,2019-10-31
l*9,用户未点评，系统默认好评。,2019-10-31
k*9,用户未点评，系统默认好评。,2019-10-31
k*9,用户未点评，系统默认好评。,2019-10-31
o*6,用户未点评，系统默认好评。,2019-10-31
o*6,用户未点评，系统默认好评。,2019-10-31
我*你,用户未点评，系统默认好评。,2019-10-30
r*9,用户未点评，系统默认好评。,2019-10-30
s*5,用户未点评，系统默认好评。,2019-10-30
i*4,用户未点评，系统默认好评。,2019-10-30
v*9,用户未点评，系统默认好评。,2019-10-30
r*0,用户未点评，系统默认好评。,2019-10-30
s*6,用户未点评，系统默认好评。,2019-10-30
l*3,用户未点评，系统默认好评。,2019-10-30
f*0,用户未点评，系统默认好评。,2019-10-30
田*3,用户未点评，系统默认好评。,2019-10-30
q*0,用户未点评，系统默认好评。,2019-10-30
q*0,用户未点评，系统默认好评。,2019-10-30
s*2,用户未点评，系统默认好评。,2019-10-30
s*2,用户未点评，系统默认好评。,2019-10-30
h*7,用户未点评，系统默认好评。,2019-10-30
b*4,用户未点评，系统默认好评。,2019-10-29
b*4,用户未点评，系统默认好评。,2019-10-29
A*g,用户未点评，系统默认好评。,2019-10-29
n*o,用户未点评，系统默认好评。,2019-10-29
x*0,用户未点评，系统默认好评。,2019-10-29
x*0,用户未点评，系统默认好评。,2019-10-29
4*9,用户未点评，系统默认好评。,2019-10-28
o*1,用户未点评，系统默认好评。,2019-10-28
C*a,用户未点评，系统默认好评。,2019-10-28
木*示,用户未点评，系统默认好评。,2019-10-27
v*5,用户未点评，系统默认好评。,2019-10-27
a*1,用户未点评，系统默认好评。,2019-10-27
l*7,用户未点评，系统默认好评。,2019-10-27
u*a,用户未点评，系统默认好评。,2019-10-27
c*3,用户未点评，系统默认好评。,2019-10-27
r*7,用户未点评，系统默认好评。,2019-10-27
g*n,用户未点评，系统默认好评。,2019-10-26
多*r,用户未点评，系统默认好评。,2019-10-26
F*e,用户未点评，系统默认好评。,2019-10-26
p*3,用户未点评，系统默认好评。,2019-10-26
r*8,用户未点评，系统默认好评。,2019-10-26
r*8,用户未点评，系统默认好评。,2019-10-26
m*e,用户未点评，系统默认好评。,2019-10-26
徐*罡,用户未点评，系统默认好评。,2019-10-26
阿*3,用户未点评，系统默认好评。,2019-10-26
阿*3,用户未点评，系统默认好评。,2019-10-26
刘*基,用户未点评，系统默认好评。,2019-10-25
p*9,用户未点评，系统默认好评。,2019-10-25
v*4,用户未点评，系统默认好评。,2019-10-25
k*0,用户未点评，系统默认好评。,2019-10-25
沫*友,用户未点评，系统默认好评。,2019-10-25
r*7,用户未点评，系统默认好评。,2019-10-25
t*3,用户未点评，系统默认好评。,2019-10-25
w*7,用户未点评，系统默认好评。,2019-10-25
雨*6,用户未点评，系统默认好评。,2019-10-25
i*2,用户未点评，系统默认好评。,2019-10-24
o*0,用户未点评，系统默认好评。,2019-10-24
o*0,用户未点评，系统默认好评。,2019-10-24
q*6,用户未点评，系统默认好评。,2019-10-24
g*n,用户未点评，系统默认好评。,2019-10-23
g*n,用户未点评，系统默认好评。,2019-10-23
似*4,用户未点评，系统默认好评。,2019-10-23
w*9,用户未点评，系统默认好评。,2019-10-23
小*_,用户未点评，系统默认好评。,2019-10-23
艾*0,用户未点评，系统默认好评。,2019-10-22
l*0,用户未点评，系统默认好评。,2019-10-22
k*8,用户未点评，系统默认好评。,2019-10-22
王*千,用户未点评，系统默认好评。,2019-10-22
n*1,用户未点评，系统默认好评。,2019-10-22
B*3,用户未点评，系统默认好评。,2019-10-21
y*8,用户未点评，系统默认好评。,2019-10-21
g*6,用户未点评，系统默认好评。,2019-10-21
k*4,用户未点评，系统默认好评。,2019-10-21
C*m,用户未点评，系统默认好评。,2019-10-21
薛*超,用户未点评，系统默认好评。,2019-10-21
薛*超,用户未点评，系统默认好评。,2019-10-21
z*5,用户未点评，系统默认好评。,2019-10-20
k*j,用户未点评，系统默认好评。,2019-10-20
g*2,用户未点评，系统默认好评。,2019-10-20
j*0,用户未点评，系统默认好评。,2019-10-20
j*0,用户未点评，系统默认好评。,2019-10-20
j*0,用户未点评，系统默认好评。,2019-10-20
小*灰,用户未点评，系统默认好评。,2019-10-20
小*灰,用户未点评，系统默认好评。,2019-10-20
l*e,用户未点评，系统默认好评。,2019-10-20
上*乖,用户未点评，系统默认好评。,2019-10-20
阿*i,用户未点评，系统默认好评。,2019-10-20
d*1,用户未点评，系统默认好评。,2019-10-20
l*a,用户未点评，系统默认好评。,2019-10-19
韩*溪,用户未点评，系统默认好评。,2019-10-19
i*o,用户未点评，系统默认好评。,2019-10-19
i*o,用户未点评，系统默认好评。,2019-10-19
g*0,用户未点评，系统默认好评。,2019-10-19
g*6,用户未点评，系统默认好评。,2019-10-19
g*6,用户未点评，系统默认好评。,2019-10-19
坏*林,用户未点评，系统默认好评。,2019-10-19
f*1,用户未点评，系统默认好评。,2019-10-19
h*6,用户未点评，系统默认好评。,2019-10-19
f*1,用户未点评，系统默认好评。,2019-10-19
c*9,用户未点评，系统默认好评。,2019-10-19
l*6,用户未点评，系统默认好评。,2019-10-19
m*d,用户未点评，系统默认好评。,2019-10-18
v*1,用户未点评，系统默认好评。,2019-10-18
s*王,用户未点评，系统默认好评。,2019-10-18
w*2,用户未点评，系统默认好评。,2019-10-18
柯*-,用户未点评，系统默认好评。,2019-10-18
h*e,用户未点评，系统默认好评。,2019-10-18
c*2,用户未点评，系统默认好评。,2019-10-18
a*1,用户未点评，系统默认好评。,2019-10-18
欣*呀,用户未点评，系统默认好评。,2019-10-18
n*8,用户未点评，系统默认好评。,2019-10-17
潇*涛,用户未点评，系统默认好评。,2019-10-17
l*8,用户未点评，系统默认好评。,2019-10-17
史*媛,用户未点评，系统默认好评。,2019-10-17
a*h,用户未点评，系统默认好评。,2019-10-17
u*4,用户未点评，系统默认好评。,2019-10-17
p*8,用户未点评，系统默认好评。,2019-10-17
秋*月,用户未点评，系统默认好评。,2019-10-17
眸*宝,用户未点评，系统默认好评。,2019-10-17
n*5,用户未点评，系统默认好评。,2019-10-16
f*4,用户未点评，系统默认好评。,2019-10-16
b*7,用户未点评，系统默认好评。,2019-10-16
m*3,用户未点评，系统默认好评。,2019-10-16
C*g,用户未点评，系统默认好评。,2019-10-16
佳*的,用户未点评，系统默认好评。,2019-10-16
很*钾,用户未点评，系统默认好评。,2019-10-16
b*0,用户未点评，系统默认好评。,2019-10-16
c*1,用户未点评，系统默认好评。,2019-10-16
g*1,用户未点评，系统默认好评。,2019-10-15
栩*L,用户未点评，系统默认好评。,2019-10-15
a*j,用户未点评，系统默认好评。,2019-10-15
o*7,用户未点评，系统默认好评。,2019-10-15
w*0,用户未点评，系统默认好评。,2019-10-14
y*1,用户未点评，系统默认好评。,2019-10-14
九*二,用户未点评，系统默认好评。,2019-10-14
k*5,用户未点评，系统默认好评。,2019-10-14
k*g,用户未点评，系统默认好评。,2019-10-14
w*o,用户未点评，系统默认好评。,2019-10-14
y*8,用户未点评，系统默认好评。,2019-10-14
若*仨,用户未点评，系统默认好评。,2019-10-14
若*仨,用户未点评，系统默认好评。,2019-10-14
m*2,用户未点评，系统默认好评。,2019-10-14
小*呦,用户未点评，系统默认好评。,2019-10-14
m*7,用户未点评，系统默认好评。,2019-10-14
m*7,用户未点评，系统默认好评。,2019-10-14
a*5,用户未点评，系统默认好评。,2019-10-13
q*6,用户未点评，系统默认好评。,2019-10-13
w*o,用户未点评，系统默认好评。,2019-10-13
y*7,用户未点评，系统默认好评。,2019-10-13
f*3,用户未点评，系统默认好评。,2019-10-13
f*1,用户未点评，系统默认好评。,2019-10-13
f*1,用户未点评，系统默认好评。,2019-10-13
h*g,用户未点评，系统默认好评。,2019-10-13
l*4,用户未点评，系统默认好评。,2019-10-13
w*o,用户未点评，系统默认好评。,2019-10-13
a*0,用户未点评，系统默认好评。,2019-10-12
c*8,用户未点评，系统默认好评。,2019-10-12
山*呀,用户未点评，系统默认好评。,2019-10-12
许*前,用户未点评，系统默认好评。,2019-10-12
y*4,用户未点评，系统默认好评。,2019-10-12
i*2,用户未点评，系统默认好评。,2019-10-12
w*7,用户未点评，系统默认好评。,2019-10-12
A*2,用户未点评，系统默认好评。,2019-10-12
q*3,用户未点评，系统默认好评。,2019-10-11
n*2,用户未点评，系统默认好评。,2019-10-11
h*0,用户未点评，系统默认好评。,2019-10-11
n*9,用户未点评，系统默认好评。,2019-10-11
n*2,用户未点评，系统默认好评。,2019-10-11
j*6,用户未点评，系统默认好评。,2019-10-11
l*2,用户未点评，系统默认好评。,2019-10-11
j*9,用户未点评，系统默认好评。,2019-10-11
s*0,用户未点评，系统默认好评。,2019-10-10
z*l,用户未点评，系统默认好评。,2019-10-10
哟*南,用户未点评，系统默认好评。,2019-10-10
l*酱,用户未点评，系统默认好评。,2019-10-10
l*酱,用户未点评，系统默认好评。,2019-10-10
傻*嘅,用户未点评，系统默认好评。,2019-10-10
熊*r,用户未点评，系统默认好评。,2019-10-10
众*闲,用户未点评，系统默认好评。,2019-10-10
m*7,用户未点评，系统默认好评。,2019-10-10
h*0,用户未点评，系统默认好评。,2019-10-09
i*9,用户未点评，系统默认好评。,2019-10-09
f*3,用户未点评，系统默认好评。,2019-10-09
o*6,用户未点评，系统默认好评。,2019-10-08
h*0,用户未点评，系统默认好评。,2019-10-08
S*Q,用户未点评，系统默认好评。,2019-10-08
大*8,用户未点评，系统默认好评。,2019-10-08
w*4,用户未点评，系统默认好评。,2019-10-07
k*7,用户未点评，系统默认好评。,2019-10-07
z*o,用户未点评，系统默认好评。,2019-10-07
z*o,用户未点评，系统默认好评。,2019-10-07
z*o,用户未点评，系统默认好评。,2019-10-07
范*焦,用户未点评，系统默认好评。,2019-10-07
b*5,用户未点评，系统默认好评。,2019-10-07
小*_,用户未点评，系统默认好评。,2019-10-06
u*0,用户未点评，系统默认好评。,2019-10-06
n*8,用户未点评，系统默认好评。,2019-10-06
h*2,用户未点评，系统默认好评。,2019-10-06
C*y,用户未点评，系统默认好评。,2019-10-06
h*2,用户未点评，系统默认好评。,2019-10-06
c*5,用户未点评，系统默认好评。,2019-10-06
发*妹,用户未点评，系统默认好评。,2019-10-06
h*-,用户未点评，系统默认好评。,2019-10-05
l*g,用户未点评，系统默认好评。,2019-10-05
s*6,用户未点评，系统默认好评。,2019-10-05
c*1,用户未点评，系统默认好评。,2019-10-05
n*5,用户未点评，系统默认好评。,2019-10-04
a*0,用户未点评，系统默认好评。,2019-10-04
a*0,用户未点评，系统默认好评。,2019-10-04
g*4,用户未点评，系统默认好评。,2019-10-04
z*7,用户未点评，系统默认好评。,2019-10-04
z*7,用户未点评，系统默认好评。,2019-10-04
z*7,用户未点评，系统默认好评。,2019-10-04
e*9,用户未点评，系统默认好评。,2019-10-03
y*9,用户未点评，系统默认好评。,2019-10-03
b*5,用户未点评，系统默认好评。,2019-10-03
西*馆,用户未点评，系统默认好评。,2019-10-03
y*8,用户未点评，系统默认好评。,2019-10-03
爱*猫,用户未点评，系统默认好评。,2019-10-03
y*8,用户未点评，系统默认好评。,2019-10-03
m*8,用户未点评，系统默认好评。,2019-10-03
j*8,用户未点评，系统默认好评。,2019-10-02
j*5,用户未点评，系统默认好评。,2019-10-02
M*D,用户未点评，系统默认好评。,2019-10-02
e*2,用户未点评，系统默认好评。,2019-10-02
A*0,用户未点评，系统默认好评。,2019-10-02
o*7,用户未点评，系统默认好评。,2019-10-02
g*3,用户未点评，系统默认好评。,2019-10-02
f*1,用户未点评，系统默认好评。,2019-10-01
e*0,用户未点评，系统默认好评。,2019-09-30
e*0,用户未点评，系统默认好评。,2019-09-30
r*8,用户未点评，系统默认好评。,2019-09-30
u*3,用户未点评，系统默认好评。,2019-09-30
h*4,用户未点评，系统默认好评。,2019-09-30
h*4,用户未点评，系统默认好评。,2019-09-30
g*0,用户未点评，系统默认好评。,2019-09-30
n*7,用户未点评，系统默认好评。,2019-09-30
n*7,用户未点评，系统默认好评。,2019-09-30
l*r,用户未点评，系统默认好评。,2019-09-30
v*7,用户未点评，系统默认好评。,2019-09-30
e*6,用户未点评，系统默认好评。,2019-09-30
十*g,用户未点评，系统默认好评。,2019-09-30
l*3,用户未点评，系统默认好评。,2019-09-29
m*1,用户未点评，系统默认好评。,2019-09-29
m*1,用户未点评，系统默认好评。,2019-09-29
j*9,用户未点评，系统默认好评。,2019-09-29
f*1,用户未点评，系统默认好评。,2019-09-28
z*a,用户未点评，系统默认好评。,2019-09-28
q*L,用户未点评，系统默认好评。,2019-09-28
d*i,用户未点评，系统默认好评。,2019-09-28
p*7,用户未点评，系统默认好评。,2019-09-28
p*7,用户未点评，系统默认好评。,2019-09-28
q*4,用户未点评，系统默认好评。,2019-09-28
l*4,用户未点评，系统默认好评。,2019-09-28
n*6,用户未点评，系统默认好评。,2019-09-28
x*9,用户未点评，系统默认好评。,2019-09-28
d*1,用户未点评，系统默认好评。,2019-09-27
d*1,用户未点评，系统默认好评。,2019-09-27
S*n,用户未点评，系统默认好评。,2019-09-27
q*3,用户未点评，系统默认好评。,2019-09-27
q*3,用户未点评，系统默认好评。,2019-09-27
蛇*父,用户未点评，系统默认好评。,2019-09-27
a*8,用户未点评，系统默认好评。,2019-09-27
a*8,用户未点评，系统默认好评。,2019-09-27
a*8,用户未点评，系统默认好评。,2019-09-27
G*4,用户未点评，系统默认好评。,2019-09-27
m*8,用户未点评，系统默认好评。,2019-09-27
蛇*父,用户未点评，系统默认好评。,2019-09-27
蛇*父,用户未点评，系统默认好评。,2019-09-27
奇*珠,用户未点评，系统默认好评。,2019-09-27
u*7,用户未点评，系统默认好评。,2019-09-27
d*9,用户未点评，系统默认好评。,2019-09-26
u*5,用户未点评，系统默认好评。,2019-09-26
l*5,用户未点评，系统默认好评。,2019-09-26
l*5,用户未点评，系统默认好评。,2019-09-26
y*8,用户未点评，系统默认好评。,2019-09-26
霏*静,用户未点评，系统默认好评。,2019-09-26
霏*静,用户未点评，系统默认好评。,2019-09-26
1*0,用户未点评，系统默认好评。,2019-09-26
1*0,用户未点评，系统默认好评。,2019-09-26
i*1,用户未点评，系统默认好评。,2019-09-26
i*1,用户未点评，系统默认好评。,2019-09-26
z*3,用户未点评，系统默认好评。,2019-09-26
v*4,用户未点评，系统默认好评。,2019-09-26
v*4,用户未点评，系统默认好评。,2019-09-26
爱*东,用户未点评，系统默认好评。,2019-09-26
l*o,用户未点评，系统默认好评。,2019-09-26
c*7,用户未点评，系统默认好评。,2019-09-26
f*3,用户未点评，系统默认好评。,2019-09-26
T*i,用户未点评，系统默认好评。,2019-09-26
初*i,用户未点评，系统默认好评。,2019-09-25
h*9,用户未点评，系统默认好评。,2019-09-25
h*9,用户未点评，系统默认好评。,2019-09-25
h*9,用户未点评，系统默认好评。,2019-09-25
r*1,用户未点评，系统默认好评。,2019-09-25
h*4,用户未点评，系统默认好评。,2019-09-25
k*7,用户未点评，系统默认好评。,2019-09-25
j*0,用户未点评，系统默认好评。,2019-09-25
q*6,用户未点评，系统默认好评。,2019-09-25
q*6,用户未点评，系统默认好评。,2019-09-25
v*1,用户未点评，系统默认好评。,2019-09-25
e*6,用户未点评，系统默认好评。,2019-09-24
v*3,用户未点评，系统默认好评。,2019-09-24
l*3,用户未点评，系统默认好评。,2019-09-24
c*h,用户未点评，系统默认好评。,2019-09-24
o*9,用户未点评，系统默认好评。,2019-09-24
o*9,用户未点评，系统默认好评。,2019-09-24
v*3,用户未点评，系统默认好评。,2019-09-24
a*2,用户未点评，系统默认好评。,2019-09-23
K*大,用户未点评，系统默认好评。,2019-09-23
爱*贝,用户未点评，系统默认好评。,2019-09-23
爱*贝,用户未点评，系统默认好评。,2019-09-23
t*9,用户未点评，系统默认好评。,2019-09-23
J*x,用户未点评，系统默认好评。,2019-09-23
J*x,用户未点评，系统默认好评。,2019-09-23
f*s,用户未点评，系统默认好评。,2019-09-23
f*s,用户未点评，系统默认好评。,2019-09-23
f*s,用户未点评，系统默认好评。,2019-09-23
c*8,用户未点评，系统默认好评。,2019-09-23
c*8,用户未点评，系统默认好评。,2019-09-23
x*1,用户未点评，系统默认好评。,2019-09-23
q*9,用户未点评，系统默认好评。,2019-09-23
f*3,用户未点评，系统默认好评。,2019-09-23
s*n,用户未点评，系统默认好评。,2019-09-23
b*5,用户未点评，系统默认好评。,2019-09-23
时*月,用户未点评，系统默认好评。,2019-09-22
z*3,用户未点评，系统默认好评。,2019-09-22
b*1,用户未点评，系统默认好评。,2019-09-22
q*0,用户未点评，系统默认好评。,2019-09-22
g*6,用户未点评，系统默认好评。,2019-09-22
t*9,用户未点评，系统默认好评。,2019-09-22
o*1,用户未点评，系统默认好评。,2019-09-22
o*1,用户未点评，系统默认好评。,2019-09-22
b*G,用户未点评，系统默认好评。,2019-09-22
d*6,用户未点评，系统默认好评。,2019-09-21
幻*梦,用户未点评，系统默认好评。,2019-09-21
幻*梦,用户未点评，系统默认好评。,2019-09-21
z*0,用户未点评，系统默认好评。,2019-09-21
t*9,用户未点评，系统默认好评。,2019-09-21
z*0,用户未点评，系统默认好评。,2019-09-21
l*9,用户未点评，系统默认好评。,2019-09-21
l*1,用户未点评，系统默认好评。,2019-09-21
p*3,用户未点评，系统默认好评。,2019-09-21
y*3,用户未点评，系统默认好评。,2019-09-20
v*6,用户未点评，系统默认好评。,2019-09-20
t*2,用户未点评，系统默认好评。,2019-09-20
b*妹,用户未点评，系统默认好评。,2019-09-20
w*8,用户未点评，系统默认好评。,2019-09-20
小*7,用户未点评，系统默认好评。,2019-09-20
悠*珉,用户未点评，系统默认好评。,2019-09-20
w*5,用户未点评，系统默认好评。,2019-09-20
w*5,用户未点评，系统默认好评。,2019-09-20
w*5,用户未点评，系统默认好评。,2019-09-20
w*5,用户未点评，系统默认好评。,2019-09-20
s*9,用户未点评，系统默认好评。,2019-09-20
e*e,用户未点评，系统默认好评。,2019-09-20
e*e,用户未点评，系统默认好评。,2019-09-20
e*8,用户未点评，系统默认好评。,2019-09-20
e*8,用户未点评，系统默认好评。,2019-09-20
p*7,用户未点评，系统默认好评。,2019-09-20
w*6,用户未点评，系统默认好评。,2019-09-20
一*凌,用户未点评，系统默认好评。,2019-09-20
一*凌,用户未点评，系统默认好评。,2019-09-20
一*凌,用户未点评，系统默认好评。,2019-09-20
鑫*动,用户未点评，系统默认好评。,2019-09-20
v*4,用户未点评，系统默认好评。,2019-09-20
p*8,用户未点评，系统默认好评。,2019-09-20
傻*雪,用户未点评，系统默认好评。,2019-09-20
无*3,用户未点评，系统默认好评。,2019-09-20
坏*0,用户未点评，系统默认好评。,2019-09-19
坏*0,用户未点评，系统默认好评。,2019-09-19
T*Y,用户未点评，系统默认好评。,2019-09-19
F*g,用户未点评，系统默认好评。,2019-09-19
F*g,用户未点评，系统默认好评。,2019-09-19
u*8,用户未点评，系统默认好评。,2019-09-19
e*i,用户未点评，系统默认好评。,2019-09-19
e*i,用户未点评，系统默认好评。,2019-09-19
y*s,用户未点评，系统默认好评。,2019-09-19
v*3,用户未点评，系统默认好评。,2019-09-19
v*3,用户未点评，系统默认好评。,2019-09-19
x*6,用户未点评，系统默认好评。,2019-09-19
L*佳,用户未点评，系统默认好评。,2019-09-19
c*1,用户未点评，系统默认好评。,2019-09-19
S*n,用户未点评，系统默认好评。,2019-09-19
S*n,用户未点评，系统默认好评。,2019-09-19
i*5,用户未点评，系统默认好评。,2019-09-19
x*8,用户未点评，系统默认好评。,2019-09-19
l*4,用户未点评，系统默认好评。,2019-09-19
张*t,用户未点评，系统默认好评。,2019-09-19
b*7,用户未点评，系统默认好评。,2019-09-19
b*7,用户未点评，系统默认好评。,2019-09-19
玉*r,用户未点评，系统默认好评。,2019-09-19
x*2,用户未点评，系统默认好评。,2019-09-18
x*2,用户未点评，系统默认好评。,2019-09-18
g*5,用户未点评，系统默认好评。,2019-09-18
q*7,用户未点评，系统默认好评。,2019-09-18
q*7,用户未点评，系统默认好评。,2019-09-18
5*0,用户未点评，系统默认好评。,2019-09-18
x*2,用户未点评，系统默认好评。,2019-09-18
B*g,用户未点评，系统默认好评。,2019-09-17
S*g,用户未点评，系统默认好评。,2019-09-17
z*7,用户未点评，系统默认好评。,2019-09-17
o*6,用户未点评，系统默认好评。,2019-09-17
o*6,用户未点评，系统默认好评。,2019-09-17
v*3,用户未点评，系统默认好评。,2019-09-17
华*5,用户未点评，系统默认好评。,2019-09-17
k*9,用户未点评，系统默认好评。,2019-09-17
p*4,用户未点评，系统默认好评。,2019-09-17
j*1,用户未点评，系统默认好评。,2019-09-17
-*-,用户未点评，系统默认好评。,2019-09-17
k*r,用户未点评，系统默认好评。,2019-09-17
n*9,用户未点评，系统默认好评。,2019-09-17
p*4,用户未点评，系统默认好评。,2019-09-17
p*4,用户未点评，系统默认好评。,2019-09-17
i*6,用户未点评，系统默认好评。,2019-09-17
u*9,用户未点评，系统默认好评。,2019-09-17
o*0,用户未点评，系统默认好评。,2019-09-16
巴*士,用户未点评，系统默认好评。,2019-09-16
l*2,用户未点评，系统默认好评。,2019-09-16
c*4,用户未点评，系统默认好评。,2019-09-16
k*4,用户未点评，系统默认好评。,2019-09-16
w*3,用户未点评，系统默认好评。,2019-09-16
t*2,用户未点评，系统默认好评。,2019-09-16
t*2,用户未点评，系统默认好评。,2019-09-16
富*根,用户未点评，系统默认好评。,2019-09-16
l*g,用户未点评，系统默认好评。,2019-09-16
l*g,用户未点评，系统默认好评。,2019-09-16
l*g,用户未点评，系统默认好评。,2019-09-16
l*g,用户未点评，系统默认好评。,2019-09-16
l*g,用户未点评，系统默认好评。,2019-09-16
l*g,用户未点评，系统默认好评。,2019-09-16
珠*者,用户未点评，系统默认好评。,2019-09-16
r*9,用户未点评，系统默认好评。,2019-09-16
k*7,用户未点评，系统默认好评。,2019-09-16
j*d,用户未点评，系统默认好评。,2019-09-16
k*7,用户未点评，系统默认好评。,2019-09-16
j*9,用户未点评，系统默认好评。,2019-09-16
m*4,用户未点评，系统默认好评。,2019-09-16
g*3,用户未点评，系统默认好评。,2019-09-16
q*5,用户未点评，系统默认好评。,2019-09-15
f*2,用户未点评，系统默认好评。,2019-09-15
K*1,用户未点评，系统默认好评。,2019-09-15
l*e,用户未点评，系统默认好评。,2019-09-15
l*0,用户未点评，系统默认好评。,2019-09-15
s*0,用户未点评，系统默认好评。,2019-09-15
i*3,用户未点评，系统默认好评。,2019-09-15
s*2,用户未点评，系统默认好评。,2019-09-15
s*2,用户未点评，系统默认好评。,2019-09-15
p*4,用户未点评，系统默认好评。,2019-09-15
w*8,用户未点评，系统默认好评。,2019-09-15
p*4,用户未点评，系统默认好评。,2019-09-15
w*8,用户未点评，系统默认好评。,2019-09-15
m*0,用户未点评，系统默认好评。,2019-09-15
小*勋,用户未点评，系统默认好评。,2019-09-15
r*6,用户未点评，系统默认好评。,2019-09-14
u*7,用户未点评，系统默认好评。,2019-09-14
w*9,用户未点评，系统默认好评。,2019-09-14
L*A,用户未点评，系统默认好评。,2019-09-14
b*4,用户未点评，系统默认好评。,2019-09-14
q*1,用户未点评，系统默认好评。,2019-09-14
a*5,用户未点评，系统默认好评。,2019-09-14
c*a,用户未点评，系统默认好评。,2019-09-14
c*a,用户未点评，系统默认好评。,2019-09-14
c*a,用户未点评，系统默认好评。,2019-09-14
o*6,用户未点评，系统默认好评。,2019-09-14
o*8,用户未点评，系统默认好评。,2019-09-14
j*2,用户未点评，系统默认好评。,2019-09-14
b*5,用户未点评，系统默认好评。,2019-09-14
j*2,用户未点评，系统默认好评。,2019-09-14
g*6,用户未点评，系统默认好评。,2019-09-14
q*6,用户未点评，系统默认好评。,2019-09-14
c*3,用户未点评，系统默认好评。,2019-09-14
c*3,用户未点评，系统默认好评。,2019-09-14
a*5,用户未点评，系统默认好评。,2019-09-14
p*8,用户未点评，系统默认好评。,2019-09-14
z*1,用户未点评，系统默认好评。,2019-09-14
闲*6,用户未点评，系统默认好评。,2019-09-14
g*6,用户未点评，系统默认好评。,2019-09-13
长*中,用户未点评，系统默认好评。,2019-09-13
k*4,用户未点评，系统默认好评。,2019-09-13
k*4,用户未点评，系统默认好评。,2019-09-13
r*2,用户未点评，系统默认好评。,2019-09-13
h*2,用户未点评，系统默认好评。,2019-09-13
z*7,用户未点评，系统默认好评。,2019-09-13
i*6,用户未点评，系统默认好评。,2019-09-13
旅*蟹,用户未点评，系统默认好评。,2019-09-13
l*7,用户未点评，系统默认好评。,2019-09-13
p*0,用户未点评，系统默认好评。,2019-09-13
n*9,用户未点评，系统默认好评。,2019-09-13
n*9,用户未点评，系统默认好评。,2019-09-13
f*1,用户未点评，系统默认好评。,2019-09-13
f*1,用户未点评，系统默认好评。,2019-09-13
h*4,用户未点评，系统默认好评。,2019-09-13
y*2,用户未点评，系统默认好评。,2019-09-13
t*9,用户未点评，系统默认好评。,2019-09-12
m*2,用户未点评，系统默认好评。,2019-09-12
q*2,用户未点评，系统默认好评。,2019-09-12
c*9,用户未点评，系统默认好评。,2019-09-12
c*9,用户未点评，系统默认好评。,2019-09-12
f*7,用户未点评，系统默认好评。,2019-09-12
k*1,用户未点评，系统默认好评。,2019-09-12
k*1,用户未点评，系统默认好评。,2019-09-12
A*s,用户未点评，系统默认好评。,2019-09-12
A*s,用户未点评，系统默认好评。,2019-09-12
q*6,用户未点评，系统默认好评。,2019-09-12
q*6,用户未点评，系统默认好评。,2019-09-12
港*德,用户未点评，系统默认好评。,2019-09-12
港*德,用户未点评，系统默认好评。,2019-09-12
港*德,用户未点评，系统默认好评。,2019-09-12
x*7,用户未点评，系统默认好评。,2019-09-12
j*4,用户未点评，系统默认好评。,2019-09-12
j*4,用户未点评，系统默认好评。,2019-09-12
柚*茶,用户未点评，系统默认好评。,2019-09-12
j*1,用户未点评，系统默认好评。,2019-09-12
j*1,用户未点评，系统默认好评。,2019-09-12
i*2,用户未点评，系统默认好评。,2019-09-12
k*2,用户未点评，系统默认好评。,2019-09-12
g*7,用户未点评，系统默认好评。,2019-09-12
s*7,用户未点评，系统默认好评。,2019-09-12
守*2,用户未点评，系统默认好评。,2019-09-12
旖*旖,用户未点评，系统默认好评。,2019-09-12
n*0,用户未点评，系统默认好评。,2019-09-12
旖*旖,用户未点评，系统默认好评。,2019-09-12
y*2,用户未点评，系统默认好评。,2019-09-12
q*0,用户未点评，系统默认好评。,2019-09-12
s*0,用户未点评，系统默认好评。,2019-09-11
r*7,用户未点评，系统默认好评。,2019-09-11
l*n,用户未点评，系统默认好评。,2019-09-11
m*m,用户未点评，系统默认好评。,2019-09-11
m*m,用户未点评，系统默认好评。,2019-09-11
i*2,用户未点评，系统默认好评。,2019-09-11
a*6,用户未点评，系统默认好评。,2019-09-11
晴*朗,用户未点评，系统默认好评。,2019-09-11
