用户ID,用户名,平均价,评论,回复
117199813,蓝凤绫,43,●位置~在美食城入口直入出个门到最里面“楼背后”向右转就看到了₍ᐢ •⌄• ᐢ₎，（再直走上完小坡就是庭轩超市那里），刚开始没找到，百度导航好久也都没找到。打老板电话问的。●炭烤~到了就不知道老板去哪里了，原来是赶紧去发炭了₍₍Ϡ(੭•̀ω•́)੭✧⃛。是要炭烤的香些。烟子不多。●老板~教烤豆腐，专业！技术！烤出了爆浆的特效，很饱满，像小馒头好吃到爆。看之前的评论就是奔这个爆浆豆腐来的୧(⁎˃ ◡˂⁎)୨ꔛ。●学会烤了~但是烤来没弹性，黑黑的，还发苦(๑•ૅૄ•๑)。●烤了很多菜~个人觉得鱿鱼最好吃，可能生蚝扇贝吃不来，但是鸡皮鸡块不错。猪肉片切得很完美像牛羊肉片（๑ `▽´๑)۶。●太划算了~果汁点心都随便吃。走的时候来了一瓶矿泉水都免费。太赞了♪⸜(๑ ॑꒳ ॑๑)⸝♪✰。●吃得很饱，下次又来☜(`o´)。,感恩有您！愿这个重大的节日里，你天天开开心心！下次您有机会一定再来咱家哈，感恩有您！下次来会有更多惊喜等您
1043996787,大凤啊97,43,"老板人超级超级的好，对人很热情哦～接下来说说菜品  菜品种类很多  荤菜类更不好要说  感觉自从猪肉涨价后就没有吃肉吃得这么爽啦☺ 还有很多的水果  饮料  零食   ～
【环境】环境感觉相对于其他家也是很不懒哦  地方宽敞  卫生挺好的
【服务】不管是老板还是服务员 态度都好好哟 期间还会来问我们吃得怎么样  超赞",感恩有您妹妹，愿好人好梦！毕竟认识就是缘分，更何况您又是我们家的恩人！哈哈😄，有很多不到位的时候，您多多包涵哈！祝您和您的好姐妹们开心每一天！心想事成！哈哈😄
1748157367,hye966195477,43,超级超级划算。味道也很好吃，极力推荐，下回带闺蜜去狂吃,
500669888,蓝莓小墨,43,"1.老板超级热情。因为我第一次来大学城的美食街，所以找不到还打了个电话，指的挺准的，很快找到，同时也多亏了评论里的照片。
走的时候还和我打招呼，真的巨棒哈哈😃，有机会再来啦~

2.我不是贵州人，不知道大家一般喜欢啥，我的话，觉得鸡皮巨好吃!!!!强烈推荐。
哎呀忘了拍照。

3.走的时候我问饮料要不要付钱，说是不用嘻嘻",特别感谢您的支持与照顾与认可！我们深表感谢！祝您在未来的日子里生活愉快开心每一天！我们会更加努力！我们会做的更好，我是河南的哈哈！也是外地人啊！您是哪的？
0,匿名用户,43,在大学城，学生多，果然搜索量第一，但是不适合家庭去，里面东西太粗犷了，学生们的食量果然不是一般的厉害😄种类还是多少的，桌子小了点，豆腐不错，大块的爆浆豆腐，还是很少见的，其他的东西都是比较常规的，总的还可以吧,
0,匿名用户,43,嗯ヽ(○^㉨^)ﾉ♪这天冷了他家真的好暖、边吃边烤、还是我喜欢的味道、经常来他家、强烈推荐我们402的专属聚餐据点哈哈,谢谢您的支持与认可！我们会更加努力的，感谢402全体恩人朋友，祝您们生活愉快！圣诞节快乐！我们会继续更加努力！
0,匿名用户,43,菜品口味如何？很好，服务周到吗？叔叔阿姨很热情，环境如何？不懂什么意思，妈妈说环境不能吃，好吧就按这个提纲写日记啦，妈妈带我和弟弟一起来过的第三次，每次吃的饱饱的饮料很多，下次来换另外一个饮料，嗯周末我和弟弟又要去啦哈哈。,感谢！为您的妈妈感到骄傲，我们很羡慕你妈妈有这么好的宝贵，祝您生活愉快开心活泼！
366900739,小乞丐的帆布袋,43,老板特别热情，人也超级好，本来是应该买晚餐的，买成中餐的了，想给他补差价老板也没要，包浆豆腐绝对是一绝，吃了超级多的生蚝和虾，菜的种类还是比较丰富的，吃完了老板还问了一下我们的建议，很认真，也很好，下次还带人来吃，祝老板生意兴隆（ps:第一次在美团上打那么多的字，哈哈哈，真心推荐）,妹妹感恩有您的支持与赞扬，烧烤不是咱们一家，而您和您的好姐妹偏偏来咱家，我们什么也不在乎，只在乎您给我们机会，让我们为您服务，哈哈😄！以后没事的时候多来做哈，您们的心❤也好！我们好感动的！随时随地欢迎您和您的小伙伴好姐妹多来照顾哈！
288367154,gaX555336548,43,味道好，毕竟是炭火考的，有那种感觉，老板太热情了，菜品丰富！要是配个火锅就真的无法无天的感觉，在大学城这片土地上，别提了，鸡皮五花肉好吃😊,
987801569,自此流年各天涯,43,这是我吃过最便宜的自助餐，也是最差的。所有肉类不是冻肉就是合成肉。这些东西，老板你卖这些东西，真的不怕有人吃出事吗？ 以前我在一家自助餐兼职，人家的合成肉至少是边角料合成，你家的估计是粉来做的。真的，这些东西我不知道会不会吃出事。 还有，我只是一个学生，不是同行。,兄弟！很开心很荣幸您会把我们家当个人物，全城第一名的成绩，也不是我能左右的，是根据咱家销量和认可度高，是那么多恩人的照顾与支持捧场认可！才有今天的成就的，是黑是白，大家的眼睛是雪亮的，不是颠倒黑白就把活干完了，哈哈！难道真的是那句话嘛？树大招风吗？你就忍不住狗血喷头了，我今天很累了，你就不能让我明天再洗头吗？我今天作为诤友好好给您上一课！不然我怕您将来吃亏，到时候您的父母会很伤心的，
60997384,尛优雅,43,国庆期间去的，因为带小孩，所以选择人少的时候去，美团推荐的花溪排名第一的烧烤，开了20多公里车过来吃的，果然没有失望，老板很热情，菜品也很丰富，重点是新鲜，饮料不是杂牌，喝着也放心些，还有水果供应，好像还看见有啤酒，年轻人些聚餐是个不错的选择，重点推荐他家爆浆小豆腐，个个爆浆，冲老板热情的态度有机会还会再去，祝老板生意兴隆。,其实哈！我们抛开一切不讲哈！您是上层社会的，可以说什么像海底捞啦很多高档餐厅，您都去过，那种天堂的感觉，身心愉悦的感觉，结果您来到我们这里哈，说真心话哈！掉范啊！一点也不高档，但是您还是热心的给我们那么高的赞扬！这不仅仅是简单的吃顿烧烤的事情了，已经上升到了胸怀和心肠好的高度了，无论我们们何时混到您的阶乘，我们都会记得，向您学习，学习您的热心与大度，我们很感恩有您这样的榜样，哪怕有一天我们改行或者干别的了，我们都会铭记在心，心态放宽，感恩面对生活面对一切，祝您生活愉快开心每一天！
0,匿名用户,43,半夜饿难熬呀，逛美团也没送吃的了，烤到干的冒泡的鸡皮奥尔良味的我的最爱又脆又香，烤的金黄的小馒头安逸的很，粉丝蒜蓉烤扇贝，洋芋也很安逸啊😭控制不住了不行了，不能想了，明天喊起大象跟我吃去，我都能吃一头大象啦感觉，好吧大象别看到我了，感觉不妙,感恩有您！没想到事隔了大半年，恩人还记得咱家，以后您饿了打我们电话，15519712166，你就说要吃烧烤，我会想尽一切办法为您服务！感恩有您！祝您生活愉快开心每一天！
288367154,gaX555336548,43,就是我们聚餐的时候，坐满了，等了快半个小时了，我男朋友都不耐烦了，下次提前订好(✪▽✪)，给我们留着位置！还有问哈寒假你们招人吗？,
307222332,DpH602572762,43,味道不错😊！老板热情，很亲切╮（╯＿╰）╭，最主要是牛肉🐮是新鲜的！正和我的口味！😄，下次聚餐再来,
2499986539,Kal166328350,43,爆浆小豆腐超级好吃，五花肉很好吃，是没有被腌制过的，原汁原味。菜品种类非常多，水果少了点。给老板一个建议，可以搞点整蘸水的佐料，比如折耳根，放在小豆腐上简直绝了。,感恩您的照顾与认可与支持与理解祝您生活愉快！愿您多多关照！多多光临！您的宝贵意见我们会铭记在心的，祝您未来的日子里吃嘛嘛香！
288367154,gaX555336548,43,人超级多，老板服务很好，菜品多，又新鲜，价格实惠，那种感觉太刺激了,谢谢您的照顾与理解与认可！感恩这些恩人的照顾与支持，我们会更加努力！还有就是有时候恩人来的太多了，哈哈！照顾不到位的地方，还请您和其他恩人些多多包涵哈！欢迎您下次光临！
783786946,小尼莫君,43,看到评价才从金阳开车过去试试的，结果找半天找不到，打电话问店家也是敷衍了事，还是问路过的才知道在背后的巷子里面，要是没来过的人估计也是要找很久，不问人根本不知道，店家服务也是绝了，再忙也不是这么敷衍人的，再说说菜品，几个冰柜全是重复的菜，然后饮料跟评价里面的完全不一样，来到店里面站半天也没有人接待，反正不会再去了，服务真的太差，跟图片相差大！,大哥，我心里特难受，让您跑这么远来一趟，真心不容易啊！咱家位置偏，确实不好找！我们真心对不住，我们深深的反省，深深的自责，其实你不批评我们，我们心里也不好受，怠慢哥哥了，我们会认识到您给我们的批评！对我们的成长很重要，我们深表感谢！
0,匿名用户,43,吃的很棒,
0,匿名用户,43,非常棒，种类齐全，量多，味道好吃。有饮料水果，还有零食。服务也特别好，亲切，热情。环境氛围也比较好。大学城的一家好店，推荐.,感谢您对我们那么高的评价！我们发自肺腑的感谢您！您的理解，大度，支持与体谅，我们都是报一颗感恩的心❤回报每一位顾客恩人些，以后得路很长啊！您们的心❤眼也好，我们要向您学习！将心比心！我们的付出受到了恩人您的支持与认可，在我们心里，没有比什么更重要了，生意是一时的，人是一辈子的，我们很感谢您！祝您吃嘛嘛香，开心😊😊开心再开心😊
872214114,炮炮要抱抱,43,首先，我第一次吃到这么便宜又特好吃的自助烧烤，尤其是他们家包浆豆腐，而且真的是想吃多少就吃多少，真的特管饱，还有那个海鲜，新鲜又美味。总之，是一次很愉快的吃餐体验，强烈推荐大家来吃！！！,感恩有您！祝您开心每一天！我家还有很多不到位的地方，还请恩人您多多海涵！我们会更加努力！做的更好！
135326026,SYc452034230,43,组织班级聚餐去的，大家一致好评，本来想晚上去的，但计划改变，很有氛围，来了南方觉得这种炭火烤来烤去的露天烧烤很有氛围，反正四五个人聚餐挺合适的，还省下炭火费，主要大家都吃的挺开心，然后就是觉得辣椒不够辣哈哈哈，推荐,感恩有您的支持与照顾！祝您生活愉快啊！辣椒不够辣？可能你没吃那个变态辣😄😄，就是那个奥尔良烤翅的辣椒，如果还不够啦，我就会找贵州最辣的朝天椒供您品尝哈！真心感谢您这么好的指导，我们很期待您的下次光临！
2544869980,二文是个大佬,43,够味儿，女朋友爱吃鸡皮，我爱吃五花肉，太爽了！,
2747116954,nnc632378774,43,口味好，菜品多，服务好，小姐姐漂亮，😄😄,感恩有您的照顾与支持，我敢确定您是男生，而且还没对象哈哈！我说的对吧！
0,匿名用户,43,一个人的晚餐，很不错，我比较能吃，不亏，哈哈哈,这段时间，太忙了，没来的及和恩人们互动，恩人们的心声和建议，没有及时回复，还请恩人多多包涵一下！我们会更加努力！尽最大努力做到更好！
253238267,画个圈圈祝福你12,43,很垃圾了，吃的都没几样  …………,老弟啊老弟，别气了，多大点事儿嘛对不对！您这次帮了我大忙，我要感谢您！真的，您就是骂我也好，我也感谢您！我心里很美，比竟对的店派人来好，因为您是最真的，真心地感谢！毕竟你我没有深仇大恨对不对，人无完人对不对，咱家只能做的越来越好！对不对，您哪天有时间！过来检阅一下！算我的哈哈！别气啦！老弟！祝您天天开心就好！
0,匿名用户,43,很棒啊。老板也不错，我们买的是39的套餐，有时间限制，说我们是第一桌客人，没有时间限制，可以慢慢吃,哈哈！您太有意思了哈哈！谢谢您的支持，本来咱家就没打算赚什么钱，开心开心就好了，天凉了！大中午都来咱家，我们很开心，很感动！我们怕您吃的急了，对胃不好，其实您慢悠悠的吃好喝好，两个小时根本用不到的哈哈！谢谢您！欢迎您下次再来哈！一桥烧烤广场都是您的家，当自己家，不浪费，浪费了我们心里不好受，又不是赚啥钱了对不对，纯属娱乐娱乐，开心就好！
288367154,gaX555336548,43,鸡皮真好吃(｢･ω･)｢嘿，,
1698242885,VOb898695642,43,有个兼职好漂亮(｡･ω･｡)ﾉ♡,搞笑了，上面那个恩人也这么认为，大家恩人些的眼光够狠啊！谢谢您照顾与支持，我们会更加努力的
202390137,_sina14124329639,43,菜品丰富，老板热情！强烈推荐,感谢您一直以来的照顾！祝您生活愉快开心每一天！我们还有很多缺点，我们会更加努力改正！做的更好！来迎接您的下次光临！
432005152,清清云云520321,43,几位小哥哥服务都特别好。。。生蚝好吃😋😋😋包浆豆腐好吃😋😋😋哈密瓜好吃😋😋😋饮料好喝🥤🥤🥤。。。缺点就是烤的时候，油之类的特别容易溅到手上和衣服上，溅到手上还是有点烫的😂😂😂,感恩您的赞扬与宝贵意见！我们会更加努力！为大家恩人些服务！有的时候怕给您上的火🔥小了，怕您急，哈哈😄，可能火大了，下次再来把火调温和一下哈哈！
1530558178,MTZ131518270,43,味道好，老板服务态度好，巨好，菜品新鲜丰富，下次聚会再来，那螃蟹腿啊 爱辽，还可以K歌 花一份钱享受两份待遇,感恩有您！有次我在厨房，听到外面唱歌，很好听，是不是您？您那么喜欢唱歌哈哈！以后吃不吃烧烤都来唱，很好唱的，期待您下次再来唱
0,匿名用户,43,赞赞的，菜特别丰富，环境清幽，因为好吃，所以吃的有点多，老板要是不嫌弃，下次还来你家吃！,您多想了恩人！我们感恩还来不及呢！哈哈！只要不浪费，浪费了太可惜了，你吃的越多，越香我们越开心！哈哈！期待您下次再来给我们上课哈！😁😁😁😁
0,匿名用户,43,"【服务】老板很热情
【口味】菜品种类多
【等位】中午人少",哈哈！感谢您恩人！谢谢您的支持与认可！祝您生活愉快开心每一天！天凉了！多加衣服啊！我们会更加努力做到更好！还望您在百忙之中抽出宝贵的时间来咱家坐坐哈！
0,匿名用户,43,味道不错 ，肉类非常丰富，菜很新鲜，还有好吃的螃蟹虾等等海鲜，水果随便吃，饮料也是随便喝，老板人很热情 ，地方比较远，但是很值得，下次还会带朋友来，这个价格不能更美好哈哈~,感恩有您恩人！谢谢您对我们的认可与支持，我们会更加努力！做到更好的，再多的感恩之情无以言表，我们拿实际行动感恩有您！
585442764,koG793428276,43,味道可以，然后老板人也很好,感谢您一直以来的照顾！祝您生活愉快开心每一天！我们会更加努力！做的更好！来迎接您的下次光临！
1153228780,帅狗俊,43,东西还行吧，菜品种不多，但是服务还行,感谢您的支持祝您生活愉快！兵哥，感觉菜品不多，咱继续加，不存在兵哥哥，只要您有需要，我们会马不停蹄的服务大家恩人些！期待您下次来检阅一下咱家！
2444501790,xvI679475581,43,环境还算可以，老板很热情。菜品也很多，就是饮料没得阔落，其他的都还可以，算得上物美价廉吧，就是烧烤桌子稍微有一丢丢小，摆点盘子就显得特别窄了 #五花肉# #瘦肉# #扇贝# #生蚝# #灼虾#,感恩您的认可与宝贵意见！针对恩人您的指导，我们会抓紧时间落实，真心感激欢迎您多多来指导指导，多多视察一下，我相信我们会做的更好！祝您在这个金秋之季！开心每一天！
17415477,虫吃牙索马里,43,抱着试一试的心情去的、想着这个价位估计菜品会不新鲜、只求不是臭鱼烂虾就好、结果很惊喜、菜品都很新鲜、吃回来居然没有拉肚子！品种也满多、没有了老板还会接着上、老板很热情大方、喜欢到这种店吃东西、两个人点了个双人套餐、自己按量取食吃的一样不剩才走的、没有浪费哦！,谢谢您的认可与支持，我们会荡起双桨更加努力！咱家是在感恩的，中午36，亏都无所谓，不怕的！只要是您开心，咱家吧菜品看在最主要，放心了，这是原价78的哦！
696919964,啾啾abc.,43,挺好吃的，就是技术不好，烤出来的吃的不是很好，容易生的熟的都在吃，而且有点点贵啦,谢谢您照顾恩人！祝恩人您开心每一天！快乐每一天！我们会更加努力！做的更好！期待您下次再来指导指导工作！
1686658368,OXe814622220,43,去了很久才想起来评论，还是很不错的,确实很久了恩人！两个多月了，呵呵下次再来呵！我们会更加努力！做的更好！尽量让您的⭐加满哈！嘿嘿！天冷了！多注意保暖啊！
500597270,如果有来生ww,43,很好  吃过最棒的一次   价格实惠  还可以唱歌 老板还打沾水,感恩有您妹妹，在未来的日子里，祝您心情愉快，开心每一天，心想事成，因为您的❤好，看事情看的透，分的清看的明，在现实生活中，相信绝对前途无量，因为❤好，还是希望恩人多多提宝贵意见，我们好好的改正，做的更好更好
650277247,bDY390280332,43,味道不是很好，佐料有待提高，。。。。,很感谢恩人您的照顾与支持祝您生活愉快！没能给您带来好的感觉！我深深的难受，其实您呢是大学生，学的知识和调味道没有多大的关联，您研究的和我们不同啊！调料不是种类多就好！因为您不晓得放哪个？放多少？下次您来，我亲自给您调味道，哈哈！我到时侯做个步骤和程序，这样就不会有您说的情况啊！对不对啊！哈哈感谢您照顾！祝您开心每一天！
2558796884,WVA152568926,43,去了好多次了，挺好吃的,多谢多谢恩人的照顾！我们会更加努力，把咱家做的更好！过了年，咱家会推出各类口味的火锅，供大家恩人些鉴赏哈！
0,匿名用户,43,中午第一个到店，老板态度超好，对我们也很热情，还帮我们调制了他自己的沾水，菜的种类也挺多的，就是没有碗有点点不习惯,感恩您给咱家开门红，我们很感激您的照顾！下次您来，我们会准备的哈哈！祝您生活愉快！爱情💑学业和事业都丰收哈！期待您的下次光临！
2343698391,RDK336291374,43,味美，菜品多，老板很热情。真的很棒，来了两次了，下次还来,感恩有您！谢谢您的认可！不是我们热情，而是我们不晓得咋个表达恩人们的支持与照顾！我们太热情了，你别多想，哈哈！很期待您下次光临！
1004138138,tvC646652477,43,"老板很热情
【环境】环境不错，物美价廉
【服务】服务很到位",感谢您的认可与支持！我们心里暖洋洋的，还望恩人您下次多多照顾咱家，我们会更加努力！做的更好的！祝您天天开心！
0,匿名用户,43,店家服务比较好，店员也比较热情，店家还自己帮我们调蘸水，这个值得好评。唯一的一点，就是菜品没有想象中那么多，也木有可乐！,大哥，真心对不起！是怪我们，饮料品种多，摆漏了大哥，忘了，别生气，下次您来如果再出现类似情况？您就直接找我，您所有的消费有赵公子买单，哈哈😄！真心对不住，哈！感恩您的关照！期待您下次光临！
0,匿名用户,43,菜品种类蛮多的，就是去的那天五花肉全是肥肉，其他还不错，生蚝吃多了容易想吐,大哥，感恩您的照顾，呵呵😊，您太开心了，搞笑！咱家东西都不限量，随便吃！我老家的道口烧鸡很好吃，有一次，吃多了我也想t哈哈😄！下次吃别低着一个种类，都尝试哈！都很好吃啊！祝您天天开心😊😊
867910993,xpg844566256,43,我个人是非常喜欢的，尤其是它有我最爱的鸭肠，什么水果饮料之类的都可以忽略不计😂,感恩有您！哈哈！咱家其他的卤菜，鸭脖，鸭翅，鸭掌，鸭肠，藕片，等等！期待您下次再来光临！祝您生活愉快开心每一天！还有就是天气冷了，多休息保暖
2495743256,Eliza_Tsui,43,很热情的老板,热情似火！我们主要很感恩您的支持与认可！大学城不只咱一家对不对，您那么关心咱家，我很感动！我们会更加努力！还望您多来视察哈！指导指导哈！祝您生活愉快开心每一天！
1543296324,VnQ765076283,43,挺好的，以为冬天会冷，结果好暖和呀,不怕的！围起的不冷，有时候还热的感觉！大家恩人些担心的问题，我们都很关注，都一一客服了，和夏天一样吃烧烤绝对有感觉的哈哈😄！很感谢您的照顾与支持！我们会更加努力！做的更好！
420775671,djy99999,43,很好,谢谢您的支持与认可！您的开心就是我们的开心与动力！我们会更加努力！祝您天天开心！
0,匿名用户,43,和闺蜜一起来的，我可能就是来吃虾的😂,感谢恩人您的支持与照顾！祝您天天开心每一天！放心吧！吃好喝好玩好！是我们最开心的，不限量供应，喜欢吃啥就吃啥？还望恩人您有空多来照顾哈！
998074596,olK451628770,43,菜品种类多，味道很好。老板人很亲切，也很热情。总得来说是非常棒的一家烧烤，下次还会去的。,感恩有您，哈哈😄，我这几天感动的睡不着觉啊！那么多好心人，好心的恩人些，对咱家的支持与赞赞，感动哭了，感叹万分，以后有需要我们的时候，您尽管张口！我们没什么求的了，感恩有您！感恩我们遇到和我们志同道合的人，别人不能对我一点好，只要对我一点好那简直是受不了，怎么回报都感觉是不够的，太难得了，真的，感恩有您！感恩您给我机会让我们好好为您服务！知遇之恩！下次再报答！
0,匿名用户,43,自己烤的，东西还挺多，价格也不贵朋友来不错的,谢谢您的支持与照顾！我们还有很多不足的地方，我们会更加努力！期待您的下次光临！谢谢咯！😊😊😊😊
1323536914,waD973175109,43,女朋友特别喜欢来这吃，在这边有感觉，亲切，就是马上冬天了，坐外面有点凉，建议弄一下围布,不怕的兄弟！很感激您的宝贵意见哈！围布一到了，我看哈天气预报，气温什么情况，合适了就围起了，感恩有您的支持，祝您和您女朋友天天开心！早日步入婚姻殿堂！我们很期待您的下次光临！
1002611046,Dpm802617874,43,完美，老板人很好，食品味道也很好,感恩您的认可与支持与照顾，和咱这样店一样的不止咱一家，您偏偏来咱家，还那么支持与赞杨咱家，我们只能更加努力，感恩您，欢迎您下次再照顾我们！
2254337909,ctR668290554,43,老板服务态度特别好 ，上手帮忙翻肉这些，猪肉类可能稍微少了一点,
170475439,aml869740459,43,水果很nice~ 种类又多，蔬菜也不错挺新鲜的咧 黄粑巨好吃，还有好多海鲜哦 安利哦(´-ω-`),很感谢你能再次光临咱家，祝您生活愉快开心每一天！嘿嘿！还有就是咱家烧烤吃了不长胖⊙∀⊙！⊙∀⊙！感恩有您！祝您越来越苗条哈！期待您的下次光临！
0,匿名用户,43,感觉没有评论的那么好，不过老板挺不错的。也就那样子吧,很感谢恩人的照顾，没有给您带来很满意的用餐体验，我们深表歉意，我们会好好努力，再努力，争取赢取恩人您的满意，祝您在以后的日子里天天开开心心，还望您有机会了光临咱家，好好给我们指导指导，我们会感激不尽的！😊😊😊😊
597157958,HpZ826122535,43,第一次吃自助，吃到感觉回本，还很对不起老板的感觉。因为老板人真的太好了，菜品很多，很新鲜，饮料也很正。小零食也很多，海鲜真的很赞。环境也很好，老板人超好，给我们加火，还一直说有海鲜，让我们拿，真的是很实诚的老板了。祝他们家生意兴隆,感恩有您！祝您生活愉快开心每一天！有您的赞扬与鼓励！我们会更加努力！不会让您失望的了，感恩有您！
551318198,jtj920577009,43,服务特别热情，吃的品种也多，就是生蚝不太新鲜，有几个肉都是粉的,感恩大哥照顾与理解与支持，给您说您可能不太信，咱家买这几个展示柜买好了，东西菜品放进去20分钟立马就有点霜，是好事，效果好，也有不好的一面，调好味道的这些海鲜，放柜子里一会儿就带霜，有的肉也夹的也不方便，，才会这种情况，我们会改进！的感恩您的照顾！还有就是您放心，在咱家不会吃到其他不愉快不舒服的反应的大哥，还望您多多来指导指导，我们好好改进！您也心好，我们深表感谢！
2343698391,RDK336291374,43,味道很好👍很赞,感恩有您的支持与认可！我们会百尺竿头更进一步，各方面都让大家恩人些认可哈！同时我们也祝您开心每一天！
398335610,perhyun1997,43,超级超级好吃！！！生蚝！！！,感恩有您！祝您生活愉快开心每一天！这段时间太忙了！没能及时回复您！请您谅解！还有就是，天冷了！多穿衣服哈！主意保暖啊！感谢您长期以来对我们家的支持与认可与理解哈！期待您的下次光临！😃😄😄
301715369,SCF360130338,43,第二次去了，味道真的很不错，没想到46元可以吃到生蚝，扇贝之类的海鲜，很干净卫生，值得去。(感觉老板这个价格还是在亏钱)  水果也好吃 葡萄之类的很甜，羊肉卷烤来吃真的很nice，这家的性价比在大学城算很高的。,我太感恩有您了！谢谢您理解哈！太多的感动都不说了！您都晓得我们是炒堂子，图个热闹哈！我们特感动！今晚我会感动的睡不着的，谢谢您的认可与支持祝您生活愉快！
2523761569,小龙010623,43,还可以 1234567899953,感恩龙哥照顾！祝龙哥天天开心！我们会更加努力的，还望您多多光临！多多关照！
0,匿名用户,43,这个价位差不多也就这样吧。没有太多的说法，人家也不容易。,感恩有您！祝您天天开心！谢谢您的支持与照顾！我们还会继续努力的，嘿嘿！期待您的再次光临！感恩有您！
872214114,炮炮要抱抱,43,服务热情，味道好好吃哦，尤其是那个爆浆小豆腐爱了爱了，太上头了!!,感恩有您，我们会更加努力，好好回报大家恩人些，欢迎您下次光临，嘿嘿😁，其实我也喜欢吃那个爆浆豆腐的哈哈😄
230858490,_qqdf31436945099,43,我们四个人去得  老板很热情  而且她家菜品真得很好,太感谢您了！您是10月20日17点09来咱家的，事隔快半个月了，您还能想起咱家，给咱家那么高评价，我们深表感谢！我们会好好努力！做的更好！不让恩人您失望😔，愿好心人天天有好梦！天天开心每一天！还望您多多关照多多照顾哈！
0,匿名用户,43,菜品种类太少全是冻货，找不到吃的，生蚝扇贝这些味道怪怪的，扇贝还加了孜然，虾也没吃啥冻货，辣椒面只有两种，还有甜辣酱，建议老板可以加点葱折耳根之类的自助调料。最后两个人没吃多久就走了，腻味了，反正没吃饱也没啥米饭之类。在贵阳生活几十年自助吃过无数，这个价位在同类中不低也不高，太失望了。不过老板服务挺好，还发烟抽,很感谢您的照顾与宝贵意见！没有给您带来良好的用餐体验，我们深表遗憾与真挚的歉意！祝您生活愉快！
456731468,Fairy8104,43,很多生蚝扇贝之类的，看上去特别大个，鱿鱼鸡皮基围虾之类的也是无限量，还有烤米皮，自己考得脆脆的超好吃，感觉特别划算，吃一顿下来，在外面烧烤摊起码一百多吧，特别划算。还有很多水果，哈密瓜超好吃。,谢谢您的支持与赞美，我们会更加努力！为大家恩人些服务！祝您生活愉快开心每一天！
703328010,FoV500570198,43,朋友推荐去的老板服务态度特别好，特热情，,感恩您对朋友的信任与支持！更感谢您给我机会！让我们家为您服务！我们深表感谢！我们还有很多不到位的地方，请恩人您多多关照多理解哈！期待着您下次光临！😄😄😄😄
2544869980,二文是个大佬,43,朋友过生日呢，我把他们约来了，聚会哈！刚开学班级活动，我之前经常来这里，感觉还好吧！挺满意，老板人好，热情，味道还不错，我爱吃海鲜，就是奔着海鲜去的，哈哈😃，谢谢老板哈！就是有个橘子太酸了，把我酸的酒都醒了，哈哈倒霉哈哈！他们说很甜,谢谢您照顾！感恩有您！您那么多朋友来，感恩有您！就是有点小小的请求，就是吃好多夹好多，吃不完浪费真的可惜了，本来就是炒热闹，亏起本做的，还望恩人多多关照哈！理解哈！别多想哈！按道理要收取浪费的钱呢！我想算了！我亏就亏了，心情很重要，开心来开心去@
1741409000,tyv551453120,43,很满足，想吃啥就拿啥，足足吃了两个小时，饮料也喝了很多。,兄弟！那么久了，才回复您！别放心上哈！感恩有您！祝您开心每一天！您吃好喝好，是对我们最大的鼓舞与支持！我们很开心，期待您下次再来！
892465843,RtE329634360,43,老板人超级超级好 特别热情 鸡皮超级好吃!还有小豆腐也很好吃,太感谢您了！恩人！好多人追求的是装修风格，而您追求的是味道和质量，其实我们要打造出贵阳市独一无二的直接地气，简单明了，直奔主题，来就是烧烤，小碳火搞起，偶尔冒一下小烟的感觉，海鲜品种多，肉类新鲜，蔬菜水果新鲜，服务态度很好！真正的感恩大家恩人些，才是王道，您说的我超级好，我很惭愧，我们在生活中也是这样，豁达大度，知恩图报，不和别人争什么，处处为别人想，因而才有社会各界仁人志士对我们的认可与支持！我们对陌生人都这样热情似火，何况您还是我们的恩人与贵人呢！
0,匿名用户,43,好吃，尤其是烤鸡皮和小豆腐，而且服务很到位，很满意，老板特别随和。😊😊😊😊😊😊,感谢您的支持祝您生活愉快！还有咱家的招牌烤米皮，只是这两天我姐姐出了点小意外，不能做，过两天伤口好了，还会继续为大家提供好吃的米皮，因为我怕我做的赶不上她调的味道哈哈！做不好的话还不如不做对不对，因为来咱家的都是体验过得恩人！感恩有您恩人！祝您开心每一天！
1776905549,安安安吉、,43,生蚝？你不知道生蚝那个样子？各种黑色不知名物质，反正我们4个人一个没吃，用美团以来第一次差评，老板一个小时不见人影，想反应不知道给谁说，整个场面一副冷冰冰的样子，芝麻信用分800+第一次差评，图片我都不好意思拍，怕影响各位的食欲，圣思而行！！！,张姐啊张姐这种事情你咋个干的出来嘛！你和三个中年哥子来店里照顾我们生意，不晓得喝几场了，我怕你拉我喝酒，我就小躲一哈，晓得他啥脾气，你喊我们服务员要XO，咱这又不是国会，又不是皇家一号，里面有这种奢侈酒，对不对，服务员喊我来，我说你把我后备箱的25年老酒给他喝，朋友一场嘛！哎呦吐的满地开花！让赵英男喊来，喊你家老板来，他不来陪我喝，我把店给他砸了，我晓得太醉了，而且还有三个男的，我更没法喝了，又不认识，他三不晓得我和张姐关系，也开始说脏话了，我不愿事情恶化，喊商场的保安人员来了，好劝歹劝，算是稍微平息了，扬言赵英男你不配姐喝酒，你会晓得后果很严重，等着，差评差评等着，我心里拔凉拔凉的，20多年的酒喝了，换个这个，人啊就是这样的，我都心如刀割，我的老酒还不如喂……唉！
1116102224,DZO912465112,43,挺不错的，老板很大方，服务态度好。强调一下，我不是托😂,哈哈😄，太感谢您了恩人！谢谢您的赞扬与认可与支持与理解祝您生活愉快！我们会更加努力！不会让大家恩人些失望😔的，哈哈！感恩有您恩人！我晓得您不是托😄😄
1507808250,wdw264216882,43,物美价廉，好吃！,感恩有您恩人！欢迎您下次光临！祝您生活愉快开心每一天！
0,匿名用户,43,"老板人超好，东西也很好吃。
中午去的人不是很多，对我来说刚刚好。",您那么远来照顾！我们深表感谢！希望在未来的日子里，您开心每一天！是男神越来越神，是美女越来越美！期待您的下次光临！感谢！
376257552,StU545628617,43,味道很好 很新鲜 老板很热情,感谢您！其实怎么说呢！自助烧烤不止咱一家，恩人您偏偏来咱家，我们何德何能呢！您对我们的知遇之恩我们会好好的报答，怎么报答呢呢？我们就以最真情的服务！心灵与心灵沟通，最好的菜品让大家恩人享用，我们像恩人们学习，眼里不揉沙子，看得清，认得准，有时候我们的心胸没有您们这些恩人的宽阔，我们还要更加努力！天冷了，多穿点衣服啊！这个天最容易感冒了，嘿嘿！
0,匿名用户,43,有蔬菜，有肉，有水果，有饮料，有零食，老板服务态度也好。性价比很高，中午吃特别划算。,感恩有您！恩人！谢谢您的认可与支持与照顾！我们会更加努力！做的更好，谢谢您给我们为您服务的机会哈！欢迎您下次光临！
984708119,YRL1998.,43,星期天才来吃过今天又来了 照样服务很好 菜品种类多而且还蛮新鲜的,感恩有您，谢谢您的支持与照顾与认可，我们会更加努力的，哈哈！还望恩人您多多提宝贵意见哈！我们还有好多不足的，我们会改正的哈！感谢您，欢迎您下次光临咱家！
1939852424,小阿雷哟,43,我觉得菜品挺丰富的，有水果还有辣条小吃，蛮好,都过去一个月了，把您忘了，您海涵哈！浪费您心情了！我们会多关注大家恩人的心声的，我们会慢慢改变，争取换回您的五星好评！哈哈！相信我们
164049595,wlq帅比,43,好吃喜欢美味，就是坐在外面有点冷,不怕的妹妹！再过两三天，咱家就围起来了，谢谢您提宝贵意见哈！感恩有您！祝您天天开心！
910146332,QFK312801786,43,味道很一般没有以前好，非要我凑字数,恩人，您是06月06日20:01来咱家的啊！很感谢您，是不是您没事的时候登美团看哈，这都快半年了，有点尴尬了，我家摊上大事了哈哈😄！假如您遇到不开心的事儿的时候，我可以帮你解决开导的嘛！好大点事嘛！多个朋友多条路啊！为何遇到事情都要把事做绝呢？对不对？
307222332,DpH602572762,43,爆浆豆腐太好吃了，我光吃豆腐都把老板吃穷了,哈哈！不存在的，没打算赚钱啊！看到大家恩人些吃的那么开心，那么满意！我心里是暖的，
428884264,WYLhhh,43,老板人超好，而且菜都是新鲜的，海鲜也是新鲜的，超级好吃，什么都好吃，辣椒面也是绝了，超好吃，蜜汁酱棒极了老板很客气，而且一直帮我们添加东西。强烈推荐,谢谢您恩人！感恩您照顾！我们会不负众望！努力改进！不会让大家恩人些失望的，祝您生活愉快开心每一天！国庆快乐！
0,匿名用户,43,"没有环境 没有服务 没有调料
遵义人第一次听说自助餐没有火锅
生蚝没有想象中得新鲜
啤酒饮料不好喝 烤东西油烟太大
总之印象很差",不好意思啊朋友，很感谢您的照顾与支持！也许您进高档店里习惯了，咱家是烧烤，高档不到哪里去，这一点我们这个行业对您表示歉意！
984708119,YRL1998.,43,服务很好 菜品种类多而且还蛮新鲜的,谢谢您照顾哈妹妹，愿未来的日子里您生活愉快，学习更上一层楼哈！度过一个丰富多彩的大学生活，希望我家的存在，能在您美丽的风景线上增添一点点的小色彩哈！感恩有您！
157900527,NXXXXXXXXXXXXXXX,43,"【服务】老板人真的超级超级好！！
【口味】是炭烤的烧烤 蘸料味道也很好",金先生恩人您好！很感谢您的认可与支持，别那么夸我们，我们很感动！我们还有很多很多地方做的不到位，我们感恩您的同时，我们会更加努力！谢谢啊！
1822392467,mFV106333179,43,本来是奔着烤脑花去的 结果店家说没有 有点失望阿 还好其它食物烤的味道不错,不怕的妹妹！这两天不知道什么情况，买不到脑花，我都跑了好多次了，咱家好多朋友都喜欢吃脑花的，我会想一切办法的，感恩有您的支持，我们会更加努力！以后不会让您失望的了!
897425900,J597.,43,很奈斯 我们吃了好几盘生蚝 主要是我那个🐷室友吃的 我们都吃的好饱后面感觉老板都要赶我们走了😂😂最主要的是没有我想要的鸡脚筋不开心👿 总体好评棒呆🖖🏼,不怕啦！18号到22是咱家做活动，一天接客量达到近400多人，还有好多菜品上都来不及上呢！鸡脚筋都有的！螃蟹也有的，上都没时间上菜，所以放心吧！过了这两天该有的都会有的，放心吧！
2553315216,Qhs389091095,43,菜品还可以，老板人很好，安利一个,太感谢您的认可以及对我们的支持祝您生活愉快！四海一家人，感动的话不说了！我们会更加努力！为光大恩人服务！
0,匿名用户,43,最近去了两次都没有烤米皮，烤米皮真的超赞。,不怕的恩人！15519712166这是俺的电话号码，下次再来提前call我，我好为您安排，好好回报您！感恩有您！
2568409233,fao435737178,43,不好吃不好吃，烧烤汁居然是酱油加水，垃圾,您这位恩人隐藏的太深了！哈哈哈！您是8月14号在咱家的，有什么情况的话不至于隐藏那么深嘛！搞笑😂
779851454,VWO159019085,43,菜品丰富新鲜，老板客气周到，性价比高。强烈推荐,感恩有您恩人！谢谢您的支持祝您生活愉快！愿心好的您，事事顺心，愿我们感恩的❤️感恩更多人，我们会用实际行动证明的
822636611,有点生气的蕾儿,43,发生了一些不愉快的事，老板人很好，希望得到解决吧！,妹妹！你看到我的回复立马联系我，抓紧抓紧
50763480,Fgg50570372,43,这次上海回来了⊙▽⊙就来了，比以前还要美，味道好(✪▽✪)，海鲜比我老家那里搞得还好😊推荐哈！鱼头搞了一堆！好吃哈啊,感恩有您的支持祝您生活愉快！还望恩人些多多提宝贵意见！我们会更加努力！味道和服务做到更好，祝您开心每一天！
2562505928,Joc339522319,43,老娘又来了，还是一如既往的好吃，又多了好多饮料啊！红提葡萄，扇贝，螃蟹，太棒了！感谢这么丰盛啊！就是怕张胖了啊！管不住嘴👄了 #鸡皮# #烤米皮# #西瓜# #小豆腐# #瘦肉# #鸡翅# #馒头# #五花肉# #香辣蟹# #韭菜# #扇贝#,谢谢您的认可！感恩有您！愿您天天开心！生活愉快！欢迎您下次再来啊！
282373833,行走是夏天的花,43,味道很好  也挺干净的啊 而且露天的吃着凉快。老板们态度也是好的没话说  我们开了十多公里的路过来吃 没让我们失望， 嘻嘻。,太感动了，谢谢您的支持，因为是暑假，我们为了保证质量新鲜，都没有摆太多菜品，该有的有够吃就好了，毕竟是暑假，每几坐人，好多不到位的地方您多包涵，感恩有您！祝您生活愉快！人美❤️更美啊！谢谢
1028849773,PRm408303837,43,环境很差，说白了就是夜宵摊，烤炉很小，炭火更小，扇贝生蚝烤两个小时都不一定能吃得上，限2个小时，估计吃的时间最多也就一个小时。吃过的自助餐当中最坑的一次。,兄弟！一定是你，给我们兼职的小妹妹要微信，人家很单纯，人又好，第一次要不来，下次再要，你们都是年轻人，但是人家不给你微信，你也不能说脏话啊！弄得太尴尬了，还有就是你俩弄得不愉快，把气刹在我们头上，太不道德了，不至于嘛！我们把您当恩人！您因为个微信吧咱家弄得狗血喷头，心胸要开阔，
718132202,小王薇薇薇薇薇,43,东西很好吃，老板也特别热情，非常开心的一次午饭！,谢谢您照顾恩人！！感恩大家恩人些能站出来说句公道话，哈哈！我们感动的没法说了，以后常来哈！
877513291,JVJ700604736,43,"跟老板是老乡了。经常去他家吃。老板很热情。不是去他家店里吃。就是去他家摊位吃。不出意外。今天还要去。
菜品新鲜。最爱他家卷米皮、烤馒头。只是可惜。每次和室友去都没有拍照。今天去。定拍传。",太感谢您的照顾！祝您生活愉快开心每一天！😂😂😂😂感动的落泪了真的
264049815,Ameesl,43,强烈推荐这家！小姐姐们也都超级热情，服务很周到，菜品也很多，饮料也多，而且菜没了还能够马上补上，这点好评！并且这家店还有其他店没有的螃蟹！可以说是相当划算了！价格也不贵，而且是炭烤的味道更加的nice！反正就是一切都非常的OK！去了绝对不会后悔,谢谢您兄弟！感谢您的认可，我们会风雨无阻，努力为您们这些恩人们服务，祝您生活愉快！学业有成！将来好好回报社会！
690134198,BmV632829839,43,味道美，价格公道，来好多回了，菜好，老板好,感恩有您恩人！天天来照顾！我万分感谢！祝您生活愉快开心每一天！事业蒸蒸日上！感恩有您！
582666932,QEV980631206,43,味道好吃，服务周到,谢谢恩人多多关照！我们会百尺竿头更进一步，为广大恩人些服务！还望恩人您多多提宝贵意见！我们感激不尽！
733368329,裤似奶味,43,自助烤肉，我要吃肉！吃了肉长肌肉,这位恩人大哥太给力了，哈哈！我不晓得咋个感恩大家恩人些，我把所有的感恩放到服务！菜品质量，口味上面，不会让您失望的，谢谢您！
0,匿名用户,43,环境一般 味道不行 服务不好  下次不会再来,恩人！你的心眼儿太小了，真的，你看上我家的女孩了，也不能这样嘛？美女你给我拿点纸巾来，刚放那，故意把筷子弄掉，美女，你们的筷子在哪里？，人家又来给你拿筷子，美女给我拿个杯子，真的是醉翁之意不在吃烧烤啊！要微信，搞笑了，兼职没给，我都挺赞的，一哈美女卫生间在哪里？我找不到，你能带我去吗？几步路，又带你去卫生间，路上你就又开始要微信了，恶心死我了！人家只是来勤工俭学，容易嘛？我嘞个乖乖，上次就有其他人来要，没给，结果差评对我们，兼职妹妹想到起不能得罪客人，怕我不开心，结果给了，不当紧，发的不堪入目的内容，我家兼职都说没法做了，我好劝，林子大了什么样的🐦🐦都有，社会就这样，总算来了，这次当时她就就没给，反正我家兼职回来的时候哭了，我就🔥了，要搞哪样？他给我一说，我的那个🔥火啊！真的摁不住啊！我要干人啊！我想想客人太多了要冷静！武力解决不了任何问题，冷静下来，忍忍，其他顾客还以为我们欺负人，对不对，那个男生一回来，我就说今天是你第一次来我家，以后不要再来我家，爱去哪去哪？谁家好你去谁家，今天我不动你了，给你留个面子，他几个朋友一看事情不对，赶忙让烟，毕竟他朋友嘛！我就接了，我就缓和了一下心情，兄弟今天吃好喝好！开心就好！免得尴尬！都喝酒了！没一会就走了，我给我家兼职说，又一个差评哈哈！结果只有2分钟啊！我家兼职说哥，我不做了，这样会影响咱家
0,匿名用户,43,"很好吃，很好吃的样子，很好吃，便宜
【口味】好
【环境】好
【服务】好
【等位】好",谢谢您的支持祝您生活愉快！还望您多多提宝贵意见！我们会更加努力！做的更好的
1698242885,VOb898695642,43,老板的生蚝味道调的太好了，烤出来让我都以为自己是个烧烤师傅了，朋友们都说好吃,谢谢您的支持与认可！众口难调啊！，我们会更加努力做的更好，谢谢您的照顾！
1871200149,YzM322390425,43,老板很热心，海鲜也还不错，饮料水果也是免费，挺划算的。,感恩有您！还望您多多提宝贵意见！我们会做的更好，更好的为大家恩人些服务！
2562505928,Joc339522319,43,爆浆豆腐太好吃了，老娘从来不吃豆腐的，今天好好吃一顿,感恩有您！你还是嘴叼的很哦！嘎嘎，我也喜欢吃嘿嘿！
0,匿名用户,43,明天就回重庆了，要很久才回来。,"有时间回贵阳了，再来咱家，谢谢
您的照顾与理解祝您生活愉快！我们期待您的到来"
2226263124,BiU908744282,43,好吃，而且很划算！老板态度也很好，很客气!,谢谢您的夸奖哈哈！感恩有您！还望您多多提宝贵意见！我们会更加努力！为恩人些服务
0,匿名用户,43,优惠，吃得饱,感恩有您！祝您生活愉快开心每一天！欢迎您下次再来！
854796267,JWw190835820,43,东西超级超级好吃😘😘 可能是因为才装修吧，店面看起来很干净，全场最佳小豆腐哈哈哈真的小豆腐超级好吃，而且火很大烤起来东西很快，菜很健康很卫生，新鲜，我们最后不会吃蟹，老板改过来教我们怎么吃蟹😂😂真的是麻烦老板了~ 还有菠萝啤也好喝~很推荐的一家店，性价比算是大学城这边很高的一家自助烤肉啦，价格很实惠~（超级实惠！！）下次还来吃小豆腐~~~哈哈哈~~~ #烤米皮# #小豆腐# #鸡皮# #瘦肉# #馒头#,好很感谢您妹妹，有您的支持，我们会更加努力，至少我们的努力受到了肯定，我们会很感恩您的！鼓励自己，不忘初心，感恩继续！
2562505928,Joc339522319,43,老娘又来了，哈哈哈哈，老板热情，味道好，吃的太嗨了，今天喝的好撑好撑啊！第二次了，下次再来，带鱼我吃了好多，烤干点香脆的感觉，喝饱了 #烤米皮# #瘦肉# #西瓜# #鸡翅# #鸡皮# #小豆腐# #韭菜# #香辣蟹# #馒头# #五花肉# #扇贝#,感恩有您！谢谢照顾与支持祝您生活愉快！我好想知道您芳龄几何！为何以老娘这个称呼啊！感觉好霸气⊙∀⊙！
749702089,UYg138480569,43,很差，特别差，不知道怎样说！！,兄弟！您是6月24号19:31来咱家的，事情过去那么久了，假如有什么不开心的，你也会像上面那几位楼主恩人些一样，发泄发泄，对不对，我们也不晓得您现在遇到了什么不开心的事儿，解不开，想不通，还是遇到什么大事情，烦心事，有需要我可以帮您的，15519712166，只要我能做到，我都会帮，只要别像上面几位楼主朋友那样，找对象，耍酒疯，说脏话，都可以的，
1899744893,是你的腰子呀,43,总的来说吧，价格合适，菜品很多也新鲜，味道也可以 #秋刀鱼# #生蚝# #五花肉#,感恩有您！谢谢您的支持祝您生活愉快！我们会更加努力的，我们会尽最大努力做到最好，谢谢您！
2246107254,何必他知422,43,还可以吧，菜品比较齐全，味道还可以，习惯好评吧,谢谢您的支持与照顾！祝您中秋节快乐！有空常来坐坐！
0,匿名用户,43,菜都不错种类还多，喝酒水种类的很多，主要都是正版的，老板服务也很好，价格也便宜大概50一个人，去吃烧烤宵夜都不错 #小豆腐# #韭菜# #五花肉# #瘦肉# #扇贝#,谢谢您的认可！祝您生活愉快！开心快乐每一天！
60181298,szq213761253,43,菜品新鲜，品类多，饮品种类也多，店家服务超级棒，场地宽敞环境好，吃得太巴适了，强烈推荐 #鸡皮# #烤米皮# #西瓜# #鸡翅# #瘦肉# #五花肉# #扇贝# #小豆腐# #馒头# #香辣蟹# #韭菜# #牛肉#,太感谢您了！多提宝贵意见哈！感谢您的支持与认可！感恩有您！
55120408,干她娘的,43,来好多次了！味道很不错👍！中秋节来聚会哈！,欢迎欢迎，中秋节聚餐，祝您开心每一天！中秋节快乐！
2228949028,Badkrkua,43,菜品很多也很新鲜卫生 老板人超好超级热情 给我们调了蘸水 对我们也是有求必应 店里也搞得很干净卫生 是那种炭烤无烟烧烤的所以味道很棒 超级推荐！！！ #小豆腐# #香辣蟹# #瘦肉# #五花肉# #扇贝# #鸡翅# #鸡皮# #烤米皮# #西瓜# #虾#,妹妹您是我们今天的第一座客人，谢谢您的照顾与支持！祝您生活愉快，很开心为您服务！第一次来！先热热身，下次来就吃的更完美了，哪些是您可口的您都清楚了！感恩有您！
97539225,始祖鸡汤面,43,菜品还是可以的，饮料种类和烧烤种类比较多，鱿鱼条比较不错，值得推荐，容易熟味道可以，就是吃完了好久没见再上库存，室内还有点唱机，还有就是调味料品味比较少，地面太滑，不好走路。。。不过价格还是好便宜。。,兄弟！谢谢您的宝贵意见啊！我肯定铭记在心，更加努力，你喜欢咱家鱿鱼，放心你们开心吃，因为那天准备的不从分，放心您来了直接开心就好！
654575007,别致。。,43,强推,太感谢您了！祝您有个好梦！我们会更加努力！还望您下次光临！
2677606637,nkH557711042,43,很好,谢谢您的支持祝您生活愉快！欢迎下次再来
672828512,hei403823649,43,还可以，菜式丰富，水果一般，然后就可以了吧,谢谢您的认可与支持，我们会更加努力！我们会更加完善的
0,匿名用户,43,菜品多，环境不错，商家服务很好，但就是不晓得为什么上价了。😂😂,哈哈！首先要感谢您的支持祝您生活愉快！对于价格，您别怀疑，咱家从开始一来到现在都在炒热闹，图个人气，也让我们能为恩人些多多服务哈！感恩大家恩人些，等这学期结束了以后，美团也再不给咱家陪活动的时候，那时候不是这个价，还要继续涨，因为我该做的，该感恩的，该为恩人些服务的，我都做了，心里乐呵了，哈哈哈！自己背后出现一个大窟窿！哈哈！真心地亏大发了，有一天您再来咱家，看不到我了，说明我已经亏的，……
2211105066,XJk416614972,43,很好，就是人很多,感恩有您！人多才有感觉，吃烧烤就是那种气氛
260624646,树洞withs,43,这家店太差了，肉类很不好。这次是我们二次消费，第一次四个人一小会就走了没注意，第二次，今天我们八个人。和男老板说好的一个36白天。后面来四个朋友。我们和男老板说好先前8个人一个50元。后面来四个一个36元。老板一口答应了。我们还觉得老板很近人情，然而，最后，男老板不在了，出来女老板。呵呵，结账，（男老板不在了。不能对质）多收我们几百块钱。我们付了，我们一个朋友不服气最后我想着算了。就付了。但是花钱买教训。后面的朋友无论怎么样也不要来了。太差了。没见过这样的商家，作为消费者。有什么疑问可以问我，我都可以回复，就是对于这样的商家，无论是消费者和工商管理局都需要注意一下。这只是作为消费者的角度评价，无论商家怎么回复都无所谓，消费者的看法都一样，保护消费者权益。,其实，出现这样不开心的问题，谁都不能怪，只怪两个字☞误会☜，有时候很害人，让友人变陌路，真的很害人的，你们都是咱家的恩人！我每时每刻都在想，如何让恩人们满意开心！希望各位楼主，心平气和的淡忘它，不能让误会影响咱们恩人的感情，时间长着呢，多个朋友多条路，，不要再因为误会，影响各位恩人的心情，跪求各位楼主恩人些，不要再说些影响大家恩人友好的话，我相信有一天大家都会成为志同道合的朋友，因为都没有坏心眼，对不对，感恩大家恩人些的关系，关怀！感激涕零，感恩不尽！谢谢大家的照顾！
2292576655,荼韶檐归,43,非常美味，而且还吃的非常饱。看别人吃的时候还强推，就来试哈，我也强推哈,欢迎与感恩有您！祝您生活愉快开心快了，还望恩人些多多提宝贵意见！我们会更加努力做好的！感恩有您！
50763480,Fgg50570372,43,尝试哈😊真心不错，真财食料，我喜欢吃的海鲜都有，螃蟹，我家是上海的，长江边上，在贵州吃不到那种感觉，没想到这里有，而且真心不错，我去其他家吃就敢喝矿泉水，其他的饮料见都没有见过，真心不敢喝，这里都是品牌，唤醒原我要喝十瓶，超市六块一瓶，我要喝的老板破产的节奏呀！嘎嘎😄我要把本钱喝回来！嘎嘎😄,兄弟，其实做生意和做人是一样的，真诚的对别人，虽然有时候得不到回应，但是至少内心无愧了，我从一个摆烧烤摊的，风风雨雨坎坎坷坷七八年了，看懂好多东西，时间青村过去了，剩下的只有一颗感恩的心，感谢这么多年一直对我们支持与关怀我们的人，只要您们不浪费，吃喝是您的海量，您有一个好身体，我也很开心，我们不收任何押金费用，全靠自觉与信任，都是好饮料和啤酒，开好多喝好多，有时候半半瓶瓶的说实在的心里不是滋味！我们贴出告示，浪费照价赔偿，也不是我们的本意，也许会得罪一部分同学，在此我们深表歉意，一句话开心就好！我这里是大家嗨皮的广场，没事的时候多来看看，这些老弟您的照顾！
170475439,aml869740459,43,看美团不错😊，菜太多了，水果很新鲜，海鲜也好吃😊，下次来，😄,谢谢您的支持祝您生活愉快！还望恩人些多多捧场，感激不尽！
29671277,gagacar123,43,新鲜，好吃，热情，位置有点不好找，大排档环境，还可以，如果对环境不挑剔，值得推荐，停车免费，这个关键,太感谢您了，我们干的更有劲儿了，祝您生活愉快！开心快乐每一天！
1871118602,xxl1999吖,43,味道哈就不说了，服务态度很好！以后就来她家了！,谢谢夸奖哈哈！感恩有您的支持祝您生活愉快！望恩人多多提宝贵意见！我们会更加努力！
1946563978,拉林366,43,很好 服务不错,谢谢您的支持与认可！我们会百尺竿头更加努力！更上一层楼
562520566,糖糖笨笨的麻麻,43,海鲜不太新鲜，不过吃的是个气氛，也挺满意！,感谢您的支持祝您生活愉快！我们深表感谢！针对您的反应的情况，我已经反复思考，可能是鱼🐠的味道太鲜了，就是常说的有海里的海兴味道吧！感谢您的支持，质量我们会比谁都看中的，放心吧！都是要求很高的，感恩有您的光临！
2485477355,FBp724155441,43,现在都快100快两个人了，之前80。,您好！恩人些，我们从年底开店以来到现在，我们不赚钱的同时，还亏了很多钱，但是我们是开心的，因为我们怀着一颗感恩的❤️，回报给大家恩人些，您也来过咱家，我们很开心也很感恩您！你应该清楚，肉类，水果饮料，生蚝扇贝，虾，都是真的哦！我们都是先把人做好再做生意的，说真心话，46.8您感觉贵，我都哭笑不得啊！我认为:味道，菜品质量，水果饮料啤酒些我拿真真切切的东西共恩人享用，为什么我不拿一些鸡尾酒，红酒白酒，那些我都不敢喝的东西给我的恩人喝，对不对，回过头您想想是不是这个理，再说别家点单的哈！不用说别人，之前我们自几都做过点单的，点一个肉菜，几个洋芋小瓜，好多钱您也明白，我也明白，我敢说我的质量很好！最起码对的起我的良心，
897613288,jason542645,43,老板人很好，热情，好吃,感谢您的认可！祝您生活愉快开心每天！还望您多多关照哈！欢迎下次光临！
0,匿名用户,43,老板真的超级好，服务态度超好，推荐推荐！！！,我们没有您说的那么夸张，谢谢您照顾！我们把每一位照顾我们的朋友，都当成我们的恩人报答，别不习惯啊！对待恩人些就该这样！感恩有您！
0,匿名用户,43,现实完全没有图片上的菜多，而且菜品更新速度慢，店里工作人员少，老板没经验。,兄弟！您好！针对您的宝贵意见，我们深表歉意！在这里我说一声对不起！因为咱家刚上美团不太久，包括上面的图片和内容，都不是我们添加的，因为我们文化水平低，全都是美团经理帮我们弄得，我让他把图片换了，他说好好，一直还没落实呢！他也很忙，说实在的，像我们学问小学毕业的，没有美团的帮助，我们又能干什么呢！所以兄弟您别生气了，
2559507462,ufB468435518,43,"菜品丰盛，味道很赞。位置就在庭轩二楼背后，微风轻拂，环境清幽，强烈推荐哦
【服务】有小姐姐哦，很漂亮的那种哦",感谢兄弟支持！我们会更加努力，老弟吃好喝好玩好！😊就好
55120408,干她娘的,43,味道非常好👍！水果饮料好！大学城相当不错的烧烤！好吃不贵！性价比高 #西瓜# #小豆腐# #香辣蟹# #韭菜# #五花肉# #瘦肉# #鸡皮# #烤米皮# #鸡翅# #馒头# #扇贝#,谢谢您的夸奖，我们很感谢您的关照，以后得路还很长，希望您多提宝贵意见，我们会更加努力的为大家服务，口味，质量，服务态度…做到大家满意，认可，有空常来做哈！
191885756,zfp漠漠,43,这已经被列入我的无限回购清单！,大哥，祝您生活愉快开心快乐每一天！还望大哥多多关照！多多提宝贵意见！我们会改正，感恩有您！
307222332,DpH602572762,43,味道服务老板没得说，他家厉害😄,谢谢咯！感恩有您的照顾！望恩人些多多提宝贵意见！我们会更加努力！
0,匿名用户,43,生蚝很大也很饱满，烧烤料烤出来也很好吃，店家人也很好，很赞哦,感谢您的认可！确实挺肥的生蚝，我们都生吃了哈哈！感恩有您的照顾！祝您生活愉快开心快乐每一天！欢迎您下次再来啊！
2544869980,二文是个大佬,43,老熟客了，下次再来！挺好的,感恩有您！祝您生活愉快！多多关照！多多提意见哦！
2568527035,Wgt277608053,43,好,感恩有您！祝您生活愉快开心就好！还望恩人些多多提宝贵意见！我们会更加努力！
1519886989,oGY268626680,43,老板人好热情，价格实在是安逸，菜品多，有海鲜水果酒水还不要钱,感谢您的照顾！感恩有您！祝您生活愉快！开心😊😊就好！
166560545,BIp996069982,43,味道真的不错，好吃，环境比之前好很多，昨天没有开业，不过老板人真的很好，所以今天继续走起！女老板不太会做生意，完全从利益出发，可能是觉得我们男生吃得多不划算吧😰不过男老板人真的很好，提个建议吧，可能有些人会觉得价格上面有点偏贵，反正老板家都是自助的，水果什么的，可以弄个水果捞，我们学校的太贵了，吃两次都够吃自助了，老板其实可以一边做自助，一边做水果捞生意，吃自助的可以尽兴，不吃自助的可以买水果捞，再者，老板做烧烤的手法肯定可以，有些同学烧烤技术太差，烤糊烤焦难吃又浪费，所以老板可以烤点给我们吃。谢谢老板！,必须得兄弟！明天开始我就亲自为大家指点，我推出两个特色，烤米皮，和粉丝扇贝，让大家吃的很有味道，又有格调！毕竟我们也不打算赚什么钱了，当听到店里放一首感恩的心❤️！那时候我眼里都是湿润的！我们好感谢您们对我们的照顾！同时我们也是感恩大家，谢谢
29671277,gagacar123,43,肉菜，新鲜，非常新鲜，比较卫生，很棒,谢谢您的认可！祝您生活愉快！还望您多多提宝贵意见！谢谢您的照顾！感恩有您！
1632474234,YSB883718048,43,我觉得很好，老板很热情，很喜欢这样的服务,您来到咱家，说上帝有点尴尬了，至少是咱家的恩人！对恩人就该这样啊！知恩图报，我们都怀着一颗感恩的心❤️，感恩您的信任与支持，感恩给我们为您服务的机会！感恩有您！欢迎您下次光临！
191885756,zfp漠漠,43,菜品很多，老板人很热情 #鸡翅# #扇贝# #西瓜# #牛肉# #鸡皮#,感谢哦感谢，我们很担心大家恩人些有时候来到咱家，心里东西不太多啊怎么，其实吃完了咱再填，保证质量新鲜，不是我们怕大家恩人些享用，暑假恩人些都回家了，这段时间太阳☀又大，温度又高，我们都是再想办法保质量的，希望恩人您多多关照，多多理解哈！祝您生活愉快！情人节快乐！
115156079,我是纯良邱言,43,菜品多，水果很新鲜，暑假人不太多，那些菜都很新鲜，棒棒哒，服务态度很好，下次再来,感谢您的支持祝您生活愉快！现在咱家主打海鲜产品了，有空常来坐坐！感恩有您！
142165512,hc1469921208,43,老板热情，爽快，值得推荐。,谢谢大哥开车来照顾！感恩有您！还望大哥您多多提宝贵意见！祝您生活愉快！
1323536914,waD973175109,43,味道超好，环境卫生，服务态度很好，下次再来,谢谢您照顾！赶紧去意尔康那里抽我家霸王餐
1323536914,waD973175109,43,在酒店饿了睡不着，和女朋友在美团上看一下有没有吃的，然后谁知道楼下就有一个没关门的自助烧烤店，吃了那么久，服务到位没得讲，味道好，扇贝吃了十多个，老板别记恨我耽误你休息了啊，我会经常来光顾，以后尽量早一点，感谢,兄弟您多想了，很感谢您们恩人些的照顾！再晚我们❤️也是暖的，祝天下有情人终成眷属哈！以后常来哈！谢谢您的支持与认可！感恩有您！
2532537142,dIY809228270,43,【口味】味道很不多,谢谢您的支持祝您生活愉快！还望您多多体谅，多多提宝贵意见，感恩有您！
262830860,FianceD,43,服务态度还可以，只是不宜太多人一起吃，位置不够,兄弟，你感觉紧的话，你可以给我们说啊！我们再拼一个桌子啊！别不好意思！您来咱家您就是我的恩人更是我的上帝！有什么宝贵意见，都提出来哈！我们好好的改进！感恩有您！
536689288,共产主义小苗苗,43,一般，东西有点少，不过菜品很新鲜。,谢谢您的理解祝您生活愉快！感恩您的照顾谢谢！
307222332,DpH602572762,43,天冷今天，多吃点香蕉，多吃点肉，感觉又来了😁！老板热情似火！很有上帝的感觉😄！墙裂推荐,感谢！祝您生活愉快，阖家欢乐！
262830860,FianceD,43,对于两三个人外出就餐，还是个不错的选择,感谢您的认可！祝您生活愉快！开心快乐！感谢您的照顾！
262830860,FianceD,43,只是每桌限时两个小时的规定不合理,兄弟！不瞒您说，我们是亏起本做的，其实说出来您也不信，哪有赔钱的生意啊！嘿嘿！主要是您人多，只拼了两座，正常情况要拼3座的，人多，筷子也多，跟不上节奏，如果3座的话，您最多一个小时的时候就吃好了，剩下的就是喝酒聊天了，哈哈！您回头想想是不是这个理啊！其实，我们是在感恩，来大学城8年了，送走很多批大学生了，我们感恩大家恩人些，所以才这样的，啤酒饮料，生蚝扇贝，鱼，肉，蔬菜水果，您说是不是这个理，人心换人心啊！感恩有您！下次再来的话，我好好照顾您哈！谢谢！
826034798,TvN546042761,43,特别好吃，我本来不打算吃五花肉的都吃了好几片，就因为太好吃了，就是自己弄的蘸水，没有蒜之类的，吃肉不吃蒜，香味少一半啊 #五花肉# #扇贝# #瘦肉# #馒头# #牛肉#,兄弟，过去好几天了，您还记得咱家，放心吧！您多提宝贵意见，我们才会更好的为大家全力服务！海鲜品种会增加很多，味道有本人海鲜大师亲自料理味道，让您吃肉味道不会少，海鲜吃到过敏哈！感恩有您！您来了我会特意给您准备蒜蓉，因为好多人的口味不一样，尽量做到完美，让自助烧烤比点餐的还要美味实在，丰富多彩多姿，饮料啤酒全部品牌，放心畅饮，不要问我为什么要有亏得节奏？因为我们要报恩！感恩有您！感恩大家恩人些！
2598440014,UPL718724993,43,菜品全，味道好，海鲜多而鲜，服务态度很好,真的想不到，君是7月20号12点多来咱家的，今天已经8月1号了，这是多么多么美好的心灵啊！还不忘来咱家的感觉，对咱家的支持，我们很感动，感恩有您！谢谢您的认可！忘君能多来坐哈！谢谢
337743408,蘑菇冫了,43,位置很好找，老板服务很好，很热情。哈哈哈，给老板一个好评。。菜的品种挺多的，有鱼有虾有螃蟹都很好吃，西瓜好甜，五花肉很好吃，饮料要给强烈好评。下次还会再来。。。唯一不足的是吃完之后需要人扶着走😂️😂️😂️😂️ #烤米皮# #鸡皮# #西瓜# #小豆腐# #香辣蟹# #五花肉#,谢谢您妹妹！欢迎您下次光临！感恩有您！
12241608,文哲张寅,43,随吃很棒 吃撑哦😊,感恩有您的支持祝您生活愉快！愿您提提宝贵意见！我们更加努力！感恩有您！
0,匿名用户,43,超级棒棒棒棒棒！服务态度超级好！强烈推荐！菜品丰富新鲜！地方也很宽敞！,谢谢您的照顾！我们会更加努力，感恩有您的照顾！祝您生活愉快！欢迎您下次光临！
0,匿名用户,43,地方比较难找，环境还行，性价比高 #香辣蟹# #扇贝# #烤米皮# #西瓜# #五花肉#,太感谢您了！确实不好找哈哈😄哈哈！下次来会给您带来意想不到的惊喜，谢谢您的认可与关怀！我们会更加努力的，感恩有您
835531035,PYb135277665,43,不是想象中的样子，和照片也不符，反正环境差，卫生也不怎么样,亲爱的朋友您好！您是7月10号18:53来咱家店里光顾的，很感谢您的照顾！说实在的其实您有任何的不开心！我心里很难受😖，您来照顾我们，弄得您还不开心！深表歉意！
2568093993,WrI675474133,43,味道不错，很好菜品丰富，确实有螃蟹的，价位那么低，老板是良心商家，肉也新鲜，五星好评，感谢老板的酒和饮料！（*ﾟ∀ﾟ）つ―{}@{}@{}-　来吃烧烤♪ #烤米皮# #瘦肉# #西瓜# #小豆腐# #鸡皮# #鸡翅# #香辣蟹# #扇贝# #五花肉# #馒头# #韭菜#,谢谢您的认可！说实在话，我们做生意是小事，做人才是大事啊！我相信怀揣一颗感恩的心❤️，阳光灿烂的感恩每一位朋友，我相信每个朋友都会感恩很多的必须感恩的人，贵阳贵阳，太阳☀很贵，如果每个人都像一颗太阳一样发光，那咱们贵阳将会是中国乃至世界最阳光的地方，我相信这里的人都有一颗感恩的❤️！谢谢您！朋友，感恩您的关怀与支持祝您生活愉快！
546672459,Hdl145864741,43,强烈推荐，良心商家，在花溪吃的最好吃和性价比高的自助烤肉，,您的认可！我们深表感谢！感谢有您的陪伴！人心换人心，四两换不了半斤，我们会更加努力，为大家恩人些服务！有您的认可！我们勇往直前，您给我们的动力太大了！谢谢！
56884894,贝贝的小魔,43,一如既往的美味，老板人很好，服务特周到，强烈推荐,多吃点妹妹！感恩有您，放开吃哈！
2348193573,木槿女士,43,菜品保存的比较好，烤出来很香，自己和朋友都蛮满意的 #鸡皮# #五花肉# #牛肉# #瘦肉# #鸡翅#,谢谢您的认可！木槿女士您好！过去那么久了，您还能站出来为咱家说句公道话，我们感动的睡不着觉，真的，谢谢您！没事的时候常来哈！不会让您失望的，放心吧！
260653698,你不离我不弃i,43,说实话，环境是我出去吃东西觉得很可以的一家店，食物也挺齐全的，人数推荐2～4人！,太感谢您了！谢谢您的认可！把您对我们认可与支持化作我们为大家服务的动力！祝您生活愉快！有空常来坐坐！
0,匿名用户,43,超级好吃，除了撑还是撑,感谢您多多关照，欢迎您下次光临！祝您生活愉快！开心快乐每一天！
461058653,Gzu767150508,43,环境有点差，蘸水种类特别少，吃的那些感觉不卫生，不想再去的系列,感谢您来照顾！朋友，您是6月28号中午13:30来咱家消费的，隔了半个月了都快，其实您有任何的宝贵意见，要多多提提，要及时反馈，我们是很欢迎大家恩人些提宝贵意见，毕竟环境来说确实是接地气，因为是烧烤，装修也高端不起来，不然就失去吃烧烤的意义了，你喜欢那种豪华的装修风格，咱家确实赶不上，但是除了这些其他的菜品质量，这些，我比任何人都关心，所以说请您放心就行了！给你准备再多种类蘸水，你还是掌握不了味道，因为您是大学生，不是厨师，专业不同，就算是把调料店搬过来，该好吃还是好吃，弄不好吃他还是不好吃，对不对，还请您多多担待哈！
2456635974,VHU561492097,43,来三次了四次了、喝多了😔、没有浪费老板一点东西！谢谢老板款待、,谢谢您的照顾！端午节快乐！
2562505928,Joc339522319,43,味道超级棒，我家是党五的，活那么大岁数了，吃的最嗨的，靠米皮，螃蟹，让老娘好开心啊！么么哒！我会在抖音上给他好评，支持哈 #烤米皮# #瘦肉# #西瓜# #香辣蟹# #馒头# #鸡翅#,谢谢您的支持！您说个老娘，我就不晓得怎么称呼您了，您也是个阳光豁达大度开朗的女同志！😊😊😊祝您生活愉快！开心快乐每一天
853544786,KMv524560357,43,菜品都很新鲜，很推荐，老板特别的热情，还亲自教我们怎么烤出来好吃，特别推荐他家的米皮，老板说是他家秘制的，烤出来非常的好吃，还会再来的☺ #烤米皮#,咱们家要打造出独具一格的自助烧烤广场！味道味道要好！
869170905,bkg140114183,43,贼棒 #鸡皮# #扇贝#,谢谢您的认可！感谢您的照顾！祝您生活愉快！我们会更加努力！
1868060778,HFg824686948,43,老板超好，味道也不错，很赞哦！下次还来 #扇贝# #五花肉# #鸡皮# #鸡翅#,谢谢您的认可，感恩有您！祝您生活愉快！有空常来坐坐！
1511004626,aYd531483068,43, #鸡皮# #西瓜# #烤米皮# #鸡翅# #瘦肉# #扇贝#,感恩有您的照顾！6月28号啊！隔了那么久，您还那么支持，我不晓得那什么回报您！只说您来咱家，不会让您失望的，总有您满意的一点点的，感恩您的认可！
238402890,大大大大大大凡,43,人超多，东西还好，老板人很热情，就是烤的有点慢,感谢您的认可，不怕类，下次来烤快点，哈哈！多吃点儿，多喝点，饮料和啤酒都是非常好的东西，感谢您的照顾！
1070459335,atI135958974,43,老板态度很好，菜非常鲜，种类多。非常不错的选择，强烈推荐,感谢！我们家会更加努力，感恩大家，感恩有您
1511004626,aYd531483068,43, #鸡皮# #烤米皮# #西瓜# #瘦肉# #牛肉# #鸡翅#,特别感恩有您的支持祝您生活愉快！您多提宝贵意见，我们深表感谢！我们会更加努力，我们会拿出最好的菜品，味道，水果啤酒饮料供大家欣赏品尝，不会让您失望的，感恩您的照顾！
0,匿名用户,43, #扇贝#,谢谢您的认可！感恩有您！欢迎您下次再来
0,匿名用户,43, #烤米皮# #西瓜# #鸡翅# #韭菜# #鸡皮#,谢谢您的支持与认可！愿时光能缓，我们好好回报您的知遇之恩，您能来来咱家，是对我们的信任与支持，有什么不到位的地方您贵人多包涵一下，多多提宝贵意见哈！
904530276,VlW226657512,43,菜品有点多，性价比超级高，非常好哦！,恩人！咱家还有很多不足之处，菜品我们会继续研发，拿出更好吃的菜品供大家品尝欣赏，目前还达不到我自己的要求标准，我会更加努力，不会让您失望的，感恩有您
60181298,szq213761253,43,菜品新鲜，服务周到，环境良好。,感谢您的支持与照顾！我们会更加努力的！你们的心灵真的很美！我们心里暖洋洋的！谢谢您！
2298137548,qBh907385932,43,老板热情，对人客气。真的挺喜欢。喜欢吃烤烤的朋友可以过来。还有歌听，不错 超赞。,谢谢您的理解祝您生活愉快！感恩有您的认可，我们会更加努力，感恩会回馈大家，今天最后一天庭轩活动，您再去热闹哈！再摇几个霸王餐，期待再次与您相遇！
703783462,wRc818516332,43,服务好,谢谢您的认可！还请您多多提哈宝贵意见！让我们更加努力，为大家恩人些提供最优质的服务！
931954163,WiLiQiQi,43,我没想到，我会连续三天光顾同一家店，说好的减肥呢！连续三天(只怪老板家的烧烤太和我心意)，老板都认识我了，来了他家就不想去别人家了！,你我们家嗯人呢！我们会更加努力，为大家服务
1867064904,逛吃广场,43,中午去的，人不是很多，但是老板依旧很热情,谢谢您的认可！感恩您的照顾！还请您多提宝贵意见哈！没事的时候常来坐坐！
1503442380,吃糖的小兔兔,43,"昨天六一和男朋友去的
挺好吃  很划算 #西瓜# #鸡翅# #瘦肉# #鸡皮# #烤米皮#",谢谢支持妹妹！感谢您的照顾！以后常来哈！
0,匿名用户,43,老板很热情，蔬菜和水果都超级新鲜，最重要的是他们家的肉不是腌制的都是新鲜的那种 #瘦肉# #虾# #韭菜# #鸡翅# #西瓜# #瘦肉# #西瓜# #鸡翅# #韭菜# #虾#,感谢您！妹妹，认识都是缘分啊！感恩您来我家，感谢您对我们的信任与支持，总之，我们还要把味道做好！那样您在咱家就会吃到更好吃，更实惠，更开心的一次用餐体验，感恩您再次相遇！
1100615977,光影时间,43,很不错哦，老板很热情，第一次来，老板还亲自帮我们调了辣椒蘸水哦，这里的米皮好吃，真的不错，下次还会光临的。,感恩有您的照顾！以后多来照顾哈！感谢！
431144742,双向顺时针,43, #鸡皮# #五花肉# #牛肉#,兄弟！感谢万分，都过去快一个月了，您还能想起咱家，放心吧！咱家不会让您失误的，我们会更加努力的，谢谢您！祝您生活愉快！
867662250,Amani8887,43,菜品非常多，很新鲜，水果很多。,太感谢了！过两天我会上一些海鲜品种，让大家的大学生活更加丰富多彩，谢谢您的照顾！
931954163,WiLiQiQi,43,哈哈，昨天才来过，今天又来了，老板家的烧烤好吃到爆！今天带了两个好朋友一起来，啤酒管够烧烤管够！,吃的开心就好！谢谢妹妹照顾！
307222332,DpH602572762,43,哪都好！就是位置不好找，建议老板把定位改一下，方便同学找，不然等人等的心里急，我们都吃好了，朋友才到，影响朋友间的情谊！总体菜品饮料啤酒🍺海鲜螃蟹的还是完全够我们潇洒的，，最后最后别忘了改定位！,您的提醒，怪不得我接到好多电话找我家位置，今天确实不好意思啊！我会联系美团的，把定位定准确！感恩您的光临与照顾，
849053840,流浪猫猫狗狗,43,老板人超级好，也很热情，替我们烤肉，菜品也可以，对得起价格。饮料跟全，都是很正经的饮料，东鹏特饮啊，可乐啊，银鹭啊之类的，反正是很不错的，中午来吃特别实惠，价格也更加便宜。推荐。,感谢您的照顾兄弟…祝您生活愉快阖家欢乐…感恩我的人生路上遇到您…
0,匿名用户,43,哈哈，挺好的，就是我们不会烤。 #扇贝# #五花肉# #鸡皮# #鸡翅# #馒头#,不怕不怕啦！来了我亲自教您烤！大学里不教您的哈哈！感恩您的照顾！
704403037,xIj396053022,43,烧烤很好吃 服务小姐姐也很好哦,感谢感谢！没想到隔了那么久您还记得咱家，万分感谢！多给我们提哈宝贵意见啊！！感恩您的认可照顾与理解
2456635974,VHU561492097,43,虽然装修的环境不是太高档，感觉菜品丰富新鲜、水果啤酒饮料、我喝他家8瓶东鹏特饮、打嗝呢😄、第二次来了😊😀️😀️😀️😀️、感觉老板要亏死了哈哈😄、我的胃口大、真心很满修足的！只顾吃喝了、下次再拍图片、我怕我的吃相吓到人😄,兄弟您给我留下的印象太深了，以后常来兄弟
1958426551,草莓芒果香蕉芋圆,43,老板人超级好，菜品新鲜，种类繁多，价格优惠，主要是烧烤好吃😋想要吃的小伙伴赶紧来吧。 #烤米皮#,还会有更多特色期待您的到来
1944142070,nzd646110712,43,真的不错，老板人特别好,谢谢！以后常来哈！
441240242,vQn678678984,43,作为一个饭桶，很喜欢这种感觉，老板很热情，关键是服务员小姐姐长得很漂亮，人还很好，好评好评,谢谢您的支持妹妹，那首感恩的心❤！就是为您们这些恩人们的唱的歌！谢谢您！
931954163,WiLiQiQi,43,老板挺热情的，食材很新鲜，水果种类很多，喜欢吃自助的小哥哥小姐姐们，走过路过不要错过哦，最重要的是老板家的辣椒好好吃，还有胃口比较重的可以选择变态辣哦，强烈推荐一下！下次还要去，对这家烧烤店爱了爱了😍😍(吃得太投入，忘记拍照了),妹妹谢谢您对我们的照顾！！！感恩真心的！
0,匿名用户,43,第一次尝试他们家，我觉得裹卷好吃 ，其它还好 东西不多 ，和食尚宫自助还是比不上啦！说的是真心话，价格还贵！性价比不是很好啦！第一次也是最后一次去他们家！,这两天没空评论，没及时的回复您，不好意思啊！首先我要感谢您和下面的楼主朋友，谢谢您的光临，由于每个人的看事情的角度不同，自然想法不同，不然不会有一首歌☞我们不一样☜对不对，祝您生活愉快！开心快乐！针对您的建议，我们会更加努力，打造出味道，菜品，服务，环境更加接地气的烧烤广场！但愿有一天尽量得到您的认可！至少我们努力了，改变了！然后对下面这位楼主朋友，我也不知道咋感谢您，谢谢您的认可！不说别的，还那句话看问题的角度不同，感慨有千千万万，我都祝大家生活愉快！欢乐幸福！开心就好！哈哈！
2456635974,VHU561492097,43,老板说两个小时、亏的站不住了呀😄、我去过其他家也是同样的，晕死都是两小时、还收压金、这个店老板又是和我好好讲好话(✪▽✪)、好好说道理😊、其实我也晓得的、别家都是一样的😄、老板没事的😜、我喜欢你家的螃蟹和饮料、西瓜、我每次都吃的多、喝的有点多😊、怕你老板有想法、哈哈😄,兄弟，别的家收不收押金我不知道，反正我们家做的不是生意，而是做的是人，不管您是哪个学校的同学，也许你不经常来我家，但我同样把您当大恩人看待，有可能你的上一届的学姐学哥照顾过我们，我们深表感恩的心态好好为大家伙服务，把菜品，水果，饮料酒水做到大家都很满意为止！说到两个小时，其实足够了，不满您说，好多一个小时不到战斗结束了，我很惊讶，赶紧去问为什么那么快，是不是菜品饮料啤酒不新鲜什么的，他们说不是的，是吃饱喝足了，感觉您也挺不容易的，就不麻烦您了！哎呦！你就不晓得我感动的几天心里揪的慌，世上这样的人品不多了！我相信有一天我们会成为好朋友好兄弟的！您也是一样，喝饮料最嗨的一位，您能吃能喝是福气，我替您开心，真心地开心！来我这里就是给我们最大的动力！谢谢您的理解！祝您生活愉快，阖家幸福万事如意！
907680116,zZeNgWeN,43, #扇贝# #烤米皮# #鸡皮# #西瓜# #五花肉# #馒头#,特别感谢您的认可与支持，您有更好的宝贵意见尽管给我们提哈！我们会更加努力，好好回报大家，太感谢您了！隔了一晚上，您好能记得我们家，欢迎您下次光临！
912707528,AAPErose,43,服务热情，味道不错。,谢谢您照顾！认识就是缘分，有需要我们改进的意见多提哈，！感恩有您！希望下次与您相遇！感谢！
258811254,w34b46,43,味道不错，好吃，老板人很好,谢谢您妹妹，吃开心点…
2200315657,NHH134885914,43,烧烤很好吃，环境很接地气，老板还给我们打烟，真的很随和。,你们就是我们家的恩人！感恩有您的支持祝您生活愉快！
683342504,ETm375701556,43,喜欢这个辣酱,谢谢您啊！那个奥尔良的味道，非常感谢！
996059817,WtP780660895,43,菜品都挺新鲜的,谢谢您的认可与支持祝您生活愉快！感恩您的信任与支持，欢迎您下次再来啊！
821446529,暗黑小魔女！,43,菜品很多，味道很好，环境也很不错,妹妹有可能你就喜欢吃水果，哈哈😄！感谢您的认可！
661094542,仓颉176,43,饮料好冰老板态度超好烧烤也超级好吃😋,谢谢您的支持咱家，
867464315,如果yr,43,"老板好亲切
水果好新鲜
菜也好新鲜
而且环境还不错
特别特别喜欢",谢谢您的照顾！今天照顾不周，只有我一个人在，他们还没来，有些时候照顾不到位还请您二位侠侣多多包含，感恩有您的支持祝您生活愉快！
56884894,贝贝的小魔,43,蒜蓉粉丝扇贝味道超级棒,谢谢您的赞扬！感谢您的照顾！特色米皮，螃蟹，粉丝扇贝，我亲自调理，味道需要大家多提宝贵意见，我们要打造出大学城味道更好，菜品更多，肉类新鲜丰富多彩，水果新鲜，啤酒饮料高品质的形象店，低消费高享受的烤肉广场！让自助烧烤不再像以前一样，要走特色的道路，我相信我们会越来越好的，感恩有您！
821446529,暗黑小魔女！,43,重点是小姐姐很可爱，服务也很好,兄弟你眼光独特，在下佩服，欢迎兄弟常来照顾
2508819689,EZh990372577,43,挺不错的，强烈推荐水果，水果很新鲜，很好吃，老板也很热情。,太感谢您的认可！谢谢您的照顾！我们会更加努力的！感恩有您
996845048,YinHX1994,43,只能说大学城这一块，味道上数一数二！,兄弟您说的太神了！感谢您的照顾！谢谢您的支持祝您生活愉快！欢迎您下次再来哈！
2456635974,VHU561492097,43,这次喝的有点多😊、耽误老板打烊了，不好意思(T ^ T)！祝老板越做越好(✪▽✪)！我相信你们家在大学城会非常出名的，老板人太好了😄菜品安逸(ღ˘⌣˘ღ),不会的兄弟！感谢您的照顾！以后常来噻
0,匿名用户,43,老板人很好，菜品很齐全，点赞 #鸡皮# #韭菜# #小豆腐# #西瓜# #瘦肉# #烤米皮# #鸡翅#,您好！感谢您的信任与支持，我们会更加努力，您有什么意见的给我们提哈！我们为大家全力服务！感恩大家！但愿天不下雨天不刮风天上有太阳，让感恩的❤️好好传递下去吧！
883448862,Annai8,43,很满意 #烤米皮# #鸡皮# #西瓜#,我家的扇贝都是我用秘方配好好的料，让自助不在是传统的自助，有味道有品味，有特色的烧烤，下一次好好品尝哈咱家的蒜蓉扇贝！谢谢您的支持
821446529,暗黑小魔女！,43,菜品口味很好，店里面的两个小姐姐很可爱，我要表白长头发的那个，有气质，又热情。,感谢！我代表我们兼职对您表示感谢！谢谢夸奖哈哈！
1387556463,loO608919670,43,火小，肉都没多少了，烤很久烤不熟，吃不饱就算了，超时还不提醒，直接收超时费,兄弟！太不好意思了，让您发那么大火🔥，我们的店员有时候会表达的不太和您的心情，本来您来照顾我家，已经是我们的恩人，好多同学都晓得，我们家这个店从开业到现在都是亏起的，也从来没想过要赚什么钱的，赚多少钱的，我们在大学城8年了，已经看淡很多东西了，做生意的同时，要不能忘记以前包括您现在的学哥学姐，当时我们在门口摆摊的时候，城管特凶，您的学哥学姐把城管围起来，不让他们收我的山轮车，这一个画面永远烙在我的心里，所以我们从来不会和各位同学因为金钱和别的闹得不开心，能照顾就照顾，因为我不能忘本，我之前只是个摆摊的，我从来没有忘记，至于您提到的这些不开心的事儿，我们心里也是一个痛点，我深表歉意，我们能做的只有感恩，用我们最真挚的心回报大家，毕竟若干年以后大家都会明白，自己的以前，现在，未来，是个什么样的自己，您不开心，我很难受😣，您把您的支付宝或微信账号发给我，这一单我给您免单，有时候钱是小事，心情才是最重要的，就像超时这个事，我也不愿意限时，但是不是我一家，有很多同行，我不可能为了我的报恩心切，影响别人的利益，我能做的，只有把味道，服务，肉类，海鲜，蔬菜，饮料，啤酒🍺这些，品质达到一流水平，新鲜，这样我就变了个方式回报大家，望老弟理解，我昨天碰到一座客人，带个头盔，两男生两女生，超时了1个多小时，我还给他优惠了，结果付钱的时候他也是心里不舒服，不开心，第一次来，我就明白，因为我要把咱的规则给他说一哈，很和蔼的，他也扫了麻，也没让我看，他说好了Y(^o^)Y，我也做生意那么多年了，都晓得，心里知道他肯定没有付，他们四个充充的就走，我就和我们店员说他肯定没付钱💰，我还和他打赌，结果就是没付，我和店员说，他心里不开心❤，我要他这个钱也没意义，我又不是为了赚钱，做个好人，梦也是甜的，我还有他们四个人的视频，我不会说半点假话，嘿嘿，遇到什么事儿，我都不会改变我们的初心❤！感恩大家的心！
2471114192,梳子5201002,43,挺不错的，菜品挺多，很实惠，老板很热情，还做了秘制的蘸料给我们，灰常感谢,谢谢！有您们这些恩人的支持，我们遇到任何事情，都会一如既往地为恩人提供服务！感恩有您
556559313,诚773341652,43,"挺好的
其实略贵
饮料不错
肉感觉一般
老板热情
米皮建议里面放一点折耳根 #烤米皮#",其实我也晓得放的，就是顾及外省的同学吃不来折耳根，放心吧！我明天准备两种，一种放，一种不放，哈哈！您感觉肉，其实还归结到你们毕竟是读书人，烤烧烤不是你们特长，我会慢慢给大家方法，怕到时候你们烤的味道不太对，就想别的问题，放心就好了！我们是感恩大家，谢谢大家，明天下午5点半去意尔康门口，那里有咱家霸王餐卷，名额很多，看你和咱家的缘分哦！昨天100多份，前天120份，大前天150份，扔色子，咱家是6，，没事去看哈热闹哈哈！
304161261,dwF209690369,43,"还行吧，不难找，菜也蛮多的
味道不错，老板还比较热情",谢谢您啊！以后多多提哈宝贵意见啊！我们会更加努力做的更好，感恩您的照顾！
960909639,iou353654690,43,老板很热情,谢谢！感谢您的照顾与支持祝您生活愉快！
867662250,Amani8887,43,今天来吃，味道棒棒的，而且东西种类很多，可以来尝试一下,感谢您的照顾！我们有什么不足的地方您给我说！我们会更好的为你们这些恩人服务！
2456635974,VHU561492097,43,老板😊肯定记着我了，爆音爆亮的！太猛了！一个西瓜🍉被窝一个人消灭了！这次喝了6屏王老吉:)特猛！老板别把我拉黑就好😄、别笑我能吃能喝的！撑的难受😭！下次再来啊😊,您多心了！只要您开心就好兄弟！以后咱们会成为好朋友！感恩生命中有您
598667943,Candy5717,43,好好吃，服务很好,谢谢您的支持与照顾！有需要给我们反馈的意见的，您多多提哈，我们尽最大努力为您服务！谢谢您的认可！欢迎下次光临！😄😄😄😄😄
2485707251,niD540221192,43,口味不错，服务很好，我们来早了～～～等了有半个多小时吧哈哈哈！还好我有先见之明，早团的29的😂我只管吃，拍照就算了，总之，值得推荐,不好意思啊！妹妹，感谢您的耐心等待，我们的不足，让您等好久！下次我们再好好为您服务，好好补偿您！谢谢贵人的照顾！万分感谢！
1848474758,欢欢JQ,43,超级超级超级好吃,谢谢您妹妹！欢迎您下次再来啊！感恩有您！我们会更加努力！多提宝贵意见，我们尽最大努力让大家恩人些！
1935410285,EMPTY3060,43,怎么说，味道挺好，肉好吃吧,谢谢您支持咱家！我们会更加卖力为大家提供更好的服务
2423923127,星海6718,43,味道很棒，培根味道很好,谢谢您的照顾与赞扬，我们会更加努力，回报给大家恩人些
1187117315,KXB945983985,43,挺好的，菜品也全的，水果也多饮料也还行，只是美团上没时间限制，然后商家说了两个小时有点懵,哈哈妹妹不好意思啊！理解哈妹妹，刚上的美团，都不懂，慢慢摸索呢！我们深表歉意
155443186,FKu411118000,43,如果能有蘸水就更不错了,放心妹妹！该有的会有的，谢谢您的宝贵意见，感恩有您
978244595,emJ354953862,43,不东西也挺多的  辣椒面是很正宗的  水果新鲜  主要还老板人很好,谢谢您！吃的开心！玩的开心！喝的开心！
0,匿名用户,43,能有蘸水就好了,会有的亲╭(╯3╰)╮…您下次来就会有沾水了！感谢您多提宝贵意见！今天太忙了，没好好的照顾好您！下次来补偿您！
697306756,kCF479964533,43,烧烤是真的安逸，菜品齐全，饮料也好喝，老板还挺好，下回还来,不知道如何感谢您妹妹，感恩与您相遇！
2456635974,VHU561492097,43,菜品不错😊、丰富多彩、水果品种多、这个季节荔枝都有、感慨万千啊😄、只顾吃了😁忘记拍照了，下次再发,谢谢老弟的支持，我们会更加努力
1845550774,awF406748202,43,环境好 菜品丰富 服务态度很好 还有免费啤酒饮料和水果,谢谢您的支持，我会更加努力的！谢谢您
731537131,UIy415590154,43,老板人超赞。,以后常来兄弟！感谢您的支持祝您生活愉快！
0,匿名用户,43,菜的种类更多，食材新鲜，老板很热情哦！,谢谢您的支持恩人！时间长着呢！我们有不到位的地方！望您多多提建议！
1845550774,awF406748202,43,环境不错 有水果饮料免费拿 服务态度也很不错,有空常来啊！
56884894,贝贝的小魔,43,强烈推荐，很实惠,感谢您的推荐！我们会拿出最新鲜的美味，为大家服务！感谢您的信任，祝您情人节快乐！
151541866,org692403349,43,不错不错，在大学城照壁庭轩后街,谢谢您为大家指☞方向感谢！
0,匿名用户,43,还可以，这两天29,哈哈！谢谢妹妹，我们会更加努力的
2687994735,唐HD701,43,,感恩有您！欢迎您下次光临！祝您生活愉快开心每一天！
55120408,干她娘的,43,来了好多回了很香，味道好极了🌟🌟🌟🌟🌟,感恩有您的认可与支持祝您生活愉快！谢谢您的⭐评！我们会更加努力！还望恩人您多多提宝贵意见！
640717393,刘洪川CAY,43,第二次来了，菜品依旧丰富，肉食蔬果皆具，生蚝扇贝调味不错，肉食者吃的全是肉，秋刀鱼也是我的菜，真的是性价比极高的一家，大家都可以来试试，老板态度真的赞,谢谢您的认可！感恩有您的支持，祝您生活愉快！您把我们夸的都睡不着觉了啊！感谢您！我就像打了鸡血一样，好感动😂😂😂
2615334468,uQQ854424948,43,,感恩有您照顾与支持祝您生活愉快！我们有很多不足之处，请恩人您多多关照，多多提宝贵意见哈！感恩有您！欢迎您下次光临！
441240242,vQn678678984,43,够辣够劲暴，辣椒很香，肉肉很好吃，水果相对来说比较新鲜,这次不晓得您吃好没有！感谢您的照顾！
793053904,aEw362780985,43,他们家的自助烧烤好吃，好吃又接地气。菜的种类很多，首先有我喜欢的培根肉，瘦肉，扇贝等，其次是有很多新鲜的蔬菜，最爱生菜白菜，他们家的饮料也不错，我最爱喝东鹏特饮和菠萝啤等，都能在商店买的到的那种，不是那种模仿品牌的那种都没听过的牌子，还有他们家的西瓜和香蕉很好吃，服务态度也很真诚的那种好，吃的太开心了，忘记拍照片了，哈哈哈，下次来一定补上。,感谢妹妹！没事的时候多来哈！那么多家您们不去，来照顾我们！我们深表感谢！以后我们会更用心！为您们这些恩人和贵人服务！
704403037,xIj396053022,43,东西挺好吃的，极力推荐。饮料也是种类多多哟。很实惠,真的太不好意思了，刚到你们就来了，有些准备不到位的地方还望多多见谅！有什么需要我能帮助的，或者改进的，我会再接再厉继续努力！
1002074316,QhL694161469,43,身边的朋友推荐去的，他去的时候感觉特别划算，比外面的烧烤摊便宜太多，味道也不错。于是我就去了这家，真的感觉不错哎哈，水果，饮料，肉肉，蔬菜敞开吃，自己边烤边吃，口味可以自己拿捏，吃的很撑，真的好巴适,谢谢您的照顾！我们会更加努力，回报给大家！
772734735,丶默霓,43,,
278395138,Hi大露,43,,
442302681,kAu946192722,43,,
2752484203,MHz876110647,43,,
933849936,楞铁头娃,43,,
933849936,楞铁头娃,43,,
1520733092,gis498282716,43,,
1520733092,gis498282716,43,,
737392768,PyK983654171,43,,
1698242885,VOb898695642,43,,谢谢您的支持与认可！我们会更加努力！让每一位恩人享受到物超所值的菜品和味道，打照出自己的特色来!相信我们
2544869980,二文是个大佬,43,,
37483000,engera,43,,恩人！您的心眼该有多好呢！您是7月20号来咱家的，您12月份，还那么惦记着咱家，我都不知道怎么感谢您了！只能说以后没事的时候常来坐坐哈！谢谢您！
649415903,sDj179774763,43,,感恩有您！恩人！祝您生活愉快开心每一天！我们会更加努力，做的更好！期待恩人些下次来检阅咱家！
454144548,哇我来咯,43,,那么久了，太感动了，你还没有忘了咱家，我要向您学习，眼里不揉沙，一是一二是二，我们深表感谢！还望您多多关照！多多包涵一下！我们有很多不足之处，我们更加努力改正！祝您生活愉快开心每一天！
0,匿名用户,43,,感恩有您！祝您开心每一天！愿这个好冷的天气，希望因为有一桥餐饮在这，能给您带来一丝丝暖意，同时我们更加努力！还望您多多提哈您宝贵意见！我们深表感谢！
36180156,yzh0824,43,,大哥，您是国庆节光临咱家的，隔了快两个月了，您还能给咱家那么高的赞赏！我们何德何能啊！感激不尽！祝您生活愉快开心每一天！有空常来咱家坐坐哈！
0,匿名用户,43,,感恩有您！祝您天天开心！天气冷了注意保暖啊！欢迎您的下次光临！😃😃😃😃😃
996176089,fvn558532331,43,,感恩有您！祝您生活愉快开心每一天！还望恩人您多多提宝贵意见！我们会更加努力！我们很期待您的下次光临！祝您开心每一天！😃😃😃😃😃
0,匿名用户,43,,感谢您的支持与照顾！祝您生活愉快！天气冷了多注意保暖啊！😃😃😃😃
0,匿名用户,43,,谢谢您恩人！祝您生活愉快开心每一天！还望恩人多多关照！多多提宝贵意见！我们会更加努力！为大家服务！
818997321,EsK312672533,43,,感恩您的认可与支持，祝您开心每一天！还望恩人您多多关照！多多给咱家提宝贵意见！我们会更加努力！做的更好！不枉您来一次啊！谢谢您的支持！
1545560449,yVf555184152,43,,感谢您的支持，祝您生活愉快开心每一天！过去那么多天，浪费了您的优美感情了，我深表歉意！这几天太忙了了，没有及时回复您的美丽评价，还望您多多包涵，还望恩人您！有空了多来照顾哈咱家，咱家又加了好多新菜哦！期待您的光临！
0,匿名用户,43,,过去好久了，才回顾您的美美的支持与认可！我们很开心，我很开心为您服务！谢谢您给我们几会让我们为您服务！我们家很期待您的下次光临！
411658629,bbt249,43,,感恩有您！才回复您，别放心上，沾点您的喜气洋洋，咱家很忙，就忘了您的美意！感谢您支持！我们很期待您的下次光临！
1856960818,闷牛zhang,43,,大哥，突然逛下美团，发现大哥的美意我们还没回复，大哥多多包涵一下，祝大哥生活愉快！开心快乐每一天！吃嘛嘛香，平常喝半斤的，以后都能白酒二斤半，啤酒🍺随便灌哈！千杯不醉啊！期待哥哥下次光临！😁😁😁😁
0,匿名用户,43,,感恩有您！才回复您！都过去半个月了！您的美意耽搁那么久了，哈哈！包涵哈！祝您天天开心！心想事成万事如意！看上谁谁就是您的！哈哈！开心就好！
2228949028,Badkrkua,43,,感恩有您，祝您生活愉快开心每一天，咱家有您这样的恩人照顾，是我们修来的福啊！还望恩人多多提宝贵意见，我们会更加努力，做的更好
527844307,若我…,43,,我都数不清您来了多少次了，太感谢您了！祝您生活愉快开心每一天！感恩您的照顾与理解
527844307,若我…,43,,谢谢您一直以来对咱家的照顾与支持，我们深表感谢！我们把深深的感谢之情，转换成真挚热情的服务和优质的菜品饮料啤酒些，感恩有您！让大家恩人些开心每一天！
891270747,nbS292605495,43,,大哥，您也来了好多次了，我们都很感激您的照顾与支持，我们会更加努力！打造出大学城优质天然接地气的烧烤广场！有您的支持，我们更有信心了！
891270747,nbS292605495,43,,谢谢您！大哥，一如既往对我们的支持，我们的感恩的心，用实际行动证明一切，谢谢！
779851454,VWO159019085,43,,特别感谢您的支持与照顾！我们会做的更好！欢迎您下次光临！
0,匿名用户,43,,谢谢您的好评！悄悄的来悄悄的走，悄悄的给我们那么高的认可！祝您生活愉快开心每一天！感恩您的照顾与支持!
60181298,szq213761253,43,,谢谢您的支持与照顾！感恩有您！我们会更加努力！为大家恩人全力服务！
56884894,贝贝的小魔,43,,感恩有您！愿您6⑥大顺！祝您开心我回头好好感恩您的支持与
0,匿名用户,43,,谢谢您的支持与照顾！我们还有太多太多不到位的地方，还请恩人多多关照多多提宝贵意见！我们会更加努力做的更好
56884894,贝贝的小魔,43,,您好！恩人您是6月6号来咱家的，感恩有您！您还能记得咱家，我们既高兴又感恩有您！祝您开心每一天！
489125368,栋少hahaha,43,,大哥，您是6月11号来咱家的啊！感恩有您支持啊！事隔小半年了，您的心胸太宽广了！老弟要像哥哥学习，感恩有您大哥
0,匿名用户,43,,
959581986,AEX847503418,43,,大恩大德无以为报恩人！祝您生活愉快开心每一天！有空来咱家，交个朋友哈！多个朋友多条路，感恩有您！
959581986,AEX847503418,43,,
503568185,zoP415369677,43,,感恩有您恩人！您的支持与认可！我们深表感谢！我们会更加努力！让自助烧烤做到更好，比点单的还要好，菜品质量，种类，水果饮料啤酒，更多的提供，更主要还是味道，还望恩人您多多提宝贵意见！我们会好好的改的，感恩有您！期待您的下次光临！
2496629493,knb701843606,43,,那么久了恩人才回复您，您海涵哈！祝您生活愉快开心每一天！真心感谢您的照顾与支持与美评，咱家又有好多❤️菜品，有空了来尝哈味道！
0,匿名用户,43,,感恩有您的支持与照顾，我们会更加努力！为大家恩人些全力服务！感恩有您！吃的开心！天天开心！
53129001,慵懒的平淡,43,,感恩有您的支持祝您生活愉快！还望恩人您多多提宝贵意见！我们会更加努力！不会让您失望的了
2544869980,二文是个大佬,43,,万分感谢您的支持与认可！祝您生活愉快开心每一天！还望恩人些多多提宝贵意见哈！我们努力改正！好好为大家服务！
172227226,_qqw471426551817,43,,感恩有您大哥，祝您生活愉快开心每一天！我们还有更多提高的地方，愿好心的您开心每一天！
779851454,VWO159019085,43,,谢谢您的支持祝您生活愉快！期待恩人再次光临！感恩有您！
0,匿名用户,43,,感恩有您！还望恩人多多提宝贵意见！我们会更加努力改正！为恩人些服务
703876865,bxh103550502,43,,感恩您的照顾！祝您生活愉快！开心每一天！国庆期间祝您吃嘛嘛香！事事顺心如意！
533656569,ct550093674,43,,感恩有您恩人！谢谢您的大力支持与照顾我们，我们深表感谢！我们会更加努力为恩人些服务！
1926091502,RHA837606969,43,,太感谢您了！您我印象很深！您是第一次来，给我通电话问店在哪里的那位，祝您生活愉快开心每一天！
0,匿名用户,43,,恩人您好，谢谢您的认可与支持，提前祝您国庆节快乐！还望恩人您多多提宝贵意见！我们会努力改正！做的更好的
2542035444,dAT950078071,43,,谢谢您的支持与照顾，光怕照顾不好您们，以后还请您多多提宝贵意见！我们努力改正，尽最大所能让大家恩人些开心！谢谢您
1016561204,失误的存在,43,,感谢您多多支持啊恩人！愿您开心每一天！国庆节好好放松一下心情，很期待您的光临啊！
0,匿名用户,43,,谢谢您的照顾与支持，还望您多多提宝贵意见！祝您心情愉快！我们会更好的为您服务！
2582392834,UDB586928035,43,,"感恩
有您！祝您生活愉快开心每一天！这两天门面装修，咱家有点乱，还请恩人您多多关照多多理解哈！"
646287024,九月十二751,43,,感恩有您！祝您生活愉快！以后常来坐坐！还望恩人些多多关照！多多提宝贵意见！
599477893,小涂807,43,,感恩有您！谢谢您的支持祝您生活愉快！明天咱家就有爆浆豆腐了，喜欢吃的话下次再来就有了
1453574567,plc730289793,43,,谢谢您的支持祝您生活愉快！还望恩人些多多提宝贵意见！我们会更加努力的，为大家恩人些服务！
730785373,痞子X猪,43,,感谢您的支持，祝您生活愉快！中秋节快乐！
155653946,YTWwv,43,,谢谢您的照顾！提前祝您中秋节快乐！欢迎您下次光临！
688914699,cjd821709152,43,,谢谢您的支持祝您生活愉快！还望恩人些多多关照！多多提宝贵意见哈！
2563041458,pkG361625289,43,,谢谢您的照顾与支持！祝您生活愉快！感谢您下次光临！还望恩人您多多提宝贵意见！我们会更加努力！好好的为恩人服务
1867542862,全靠演技.,43,,感恩有您！祝您开心每一天！还望您多多提宝贵意见！我们会更加努力！为广大恩人些服务！感恩有您！
0,匿名用户,43,,感谢您多多关照！祝您中秋节快乐！谢谢您的支持☺☺☺
2247216178,吃货天下天下吃货,43,,感谢您的照顾与支持祝您生活愉快！提前祝您中秋节快乐！
777497771,BYl935404618,43,,您这位恩人也是醉了，7月9号20点37来咱家的，过了快三个月了，您还对咱家那么支持，我太感动了，我的感恩的❤️，也收到您的认可与支持祝您生活愉快开心每一天！
2247216178,吃货天下天下吃货,43,,感恩有您！您来了好多次了，不知道怎么感激您了！对了，咱家9月18号到22号，感恩大典，500张霸王餐券感恩大家恩人些，不够的话会再准备的，有空常来坐坐！您的心情会更加愉快！
2212000459,avp958940122,43,,感恩有您！祝您开心每一天！以后常来坐坐！真心地感恩有您！还望您多多提宝贵意见！
1831074566,xw991124,43,,谢谢恩人的认可，感恩有您！祝您生活愉快！还望您多多关照！
741105049,GcJ886578538,43,,感恩有您！祝您生活愉快！吃好喝好玩好！是我们的宗旨！感恩有您的照顾！祝您开心每一天！
0,匿名用户,43,,感恩有您的照顾！祝您开心就好！还旺您能多提哈宝贵意见！我们尽量做好，做到大家恩人些满意！
597442730,彩虹觉主,43,,祝您生活愉快！感恩有您的照顾！还望您多多提宝贵意见！我们会做的更好的，感恩有您！
480950760,璐__95,43,,感谢您的支持祝您生活愉快！还望恩人多多提宝贵意见！我们努力改，好全力为大家恩人些服务！
885545444,eJr859684676,43,,感恩有您！谢谢您的认可与支持祝您生活愉快！还请您多多提宝贵意见！我们会做的更好
101798251,天涯若有时,43,,感恩有您！祝您生活愉快！还望您多多提宝贵意见！祝您开心！谢谢您的照顾
294345007,搞笑的大拇哥,43,,谢谢您的照顾！还望您多多提宝贵意见！感谢！
88725565,Jvd849088717,43,,感谢您的支持祝您生活愉快！还望恩人些多多提宝贵意见！俗话说的好没有十全十美的，只要我们更加努力！更用心的感恩每一位恩人！做到更好就好了，感恩有您！欢迎您下次光临！
58808773,hy12523405,43,,感恩有您！祝您生活愉快！多多提宝贵意见哈！
58808773,hy12523405,43,,感恩有您！谢谢您照顾！😝😝😝😝
101140868,sUd845709355,43,,太感谢您了！祝您生活愉快！开心快乐每一天！感恩有您！吃好喝好！开心就好！
0,匿名用户,43,,感恩有您的支持与照顾！祝您生活愉快开心快乐每一天！谢谢！还望您多多提宝贵意见，我们会更加努力！为大家全力服务！谢谢！
0,匿名用户,43,,太感谢您了！感恩有您的照顾！在您享受的过程中给我们提哈宝贵意见，我们会更加努力！感谢您！
0,匿名用户,43,,感恩有你们的支持祝您生活愉快！还请您多多提宝贵意见！我们会更加努力！谢谢您的照顾！感恩有您！
0,匿名用户,43,,谢谢您的认可与支持祝您生活愉快！感恩您的照顾！有很多不到位的地方，您多包涵一下，感谢您多多提意见哈！
1959203923,lkq297643852,43,,感谢您的照顾！祝您生活愉快！开心😊开心^_^，愿您下次再来支持照顾哈！感恩有您
112078322,ntN981763434,43,,谢谢您的照顾！感恩有您！我们会更加努力！为您和更多恩人服务！感恩有您！
237027512,DqP343491985,43,,谢谢您的照顾！感恩您的支持祝您生活愉快！欢迎您下次光临！
549433194,tDR764684134,43,,能得到您的认可与好评！我们深表感谢！我们会更加努力，希望下次您来照顾我们家的时候多给我们提哈宝贵意见，这样我们就更加有方向感了，嘿嘿非常感谢有您！
1958563485,rPr510406490,43,,太感谢您了！您多给我们提哈宝贵意见啊！吃开心，喝开心！您的认可与支持，是我们前进的动力！谢谢您的照顾！祝您生活愉快！
77809252,一闪一闪牛星星,43,,谢谢您的照顾！感恩有您！祝您生活愉快！没事的时候常来坐坐！
1935578623,Yzq630397031,43,,谢谢您的支持祝您生活愉快！有空常来坐坐哈！感恩有您！
240926002,油焖大嘎嘎,43,,谢谢您的照顾，还请您多提哈宝贵意见，让我们做的更好，为恩人些提供更贴心的服务！
240926002,油焖大嘎嘎,43,,谢谢！咱家有您这样的恩人，我们都很激动\(≧▽≦)/，我们还有很多不足的地方，还请您多多关照，多多提意见哈！
739376055,十三媛,43,,感谢！没想到隔那么久，您还记得我们家，我代表一桥烧烤广场感谢您的支持祝您生活愉快！我们的心❤️在沸腾，付出再多我们都是开心的，真心地感恩有您！
739376055,十三媛,43,,太感谢了，谢谢我家在您心中的地位，在未来的日子里，感恩有您的陪伴！有需要我们改进的地方，直接给我们提宝贵意见啊！谢谢您！
2568879107,VyH190011670,43,,谢谢您照顾！感恩有您的支持祝您生活愉快！欢迎您下次再来啊！
0,匿名用户,43,,谢谢您的光临，感恩有您
703876865,bxh103550502,43,,谢谢您妹妹！感恩有您！欢迎您下次再来啊！
262830860,FianceD,43,,谢谢您的认可！感恩有您的照顾！有需要提宝贵意见的，还请您多多提哈！我们会更加努力，尽量做到大家满意！吃好喝好开心就好！祝您生活愉快！
668635969,wJx426616433,43,,谢谢您的照顾！感恩有您的光临！祝您天天开心！学业有成！
326536819,Hi兜兜呀,43,,谢谢您的照顾！有我们不到位的地方您给我们提宝贵意见啊！感恩有您
111478231,王欣伟1255,43,,谢谢老弟，我们会更加努力啊！感恩有您
1760777328,WlF248602206,43,,谢谢您照顾！欢迎您下次再来啊！
296329665,DPg453430111,43,,谢谢您的支持！祝您生活愉快！以后常来哈！
255496566,浅沫殇雪,43,,谢谢！欢迎您再次光临！
430803103,SRh500153892,43,,谢谢您妹妹！
257114493,VrN926380562,43,,虽然咱家装修不高档，但是咱家接地气，气候条件好，对面就是绿色植物，不会有闷热的感觉，我把装修的钱换成好品质的酒水和新鲜的水果，肉，和蔬菜！
