name,desc,date
宓小丹123,还是一如既往的好吃，水果和奶油超多的。桔子郎的千层皮真的好好吃，薄薄软软香香的，中间夹一些些奶油，刚好，上面奶油和水果很多，芒果和奶油一起吃，一点都不腻，这款动物奶真的好好吃。我们两个大人一个孩子三个人都没吃完，份量很足。桔子郎的雪媚娘也很不错，又大又好吃。我第一次吃桔子郎到现在，已经好多年了，味道一直很好。我家宝宝也超爱吃。芒果有几块不太甜，大部分都很甜。下次尝尝榴芒味的。,2019年11月21日
sxa785394066,"草莓忘返真的超级好吃！！
也超好看！！",2020年2月3日
sxa785394066,"芒果超好吃 榴莲我感觉应该说千层皮上果肉倒是没吃到
但已经很值啦",2020年2月3日
crF836315952,味道挺好的 水果很多很新鲜，但是不怎么甜，下午三点去拿的 到晚上八点多才吃  已经有点想塌了 建议提好蛋糕三个小时内食用，推荐购买 性价比高,2019年12月30日
RBY956514800,今天我应该是最后一个客户！中午点美团外卖时，就爆单了，然后试着跟老板联系了一下，因为今天是女儿的生日，非常想要一个蛋糕。老板推迟工作时间爽快的给我加了个单！我去取的时候，帅气老板一定要让我在美团上下单，这样便宜点。嗯嗯，不仅仅是一个蛋糕，还收获了一份好心情，所以非常的感谢小boss！,2020年2月14日
PxV328044037,我上次在别家买了两个雪媚娘 价格比你家贵。就青团一样一点点。从此以后就认定你家。没去别的地方买过,2020年3月3日
xxp499025105,不错不错，雪媚娘味道很好哦！推荐一下！,2020年3月6日
PxV328044037,超赞。,2020年3月3日
宓小丹123,是我吃过最大最好吃的雪媚娘，榴莲味和芒果味的都超好吃。雪媚娘皮和奶油都非常好吃，而且超大，一个就吃饱了。买了好多次了，吃得太快，没拍照片，用上次的千层照片凑个数吧。桔子郎的奶油是我吃过最好吃的奶油，不腻。,2019年12月9日
时光0921，,现在的桔子郎已经不是以前的桔子郎了，雪媚娘一点都不好吃，草莓少的可怜，还一点都不甜，芒果的量也变少了，可以保持以前的水准吗？哪怕是涨价也可以啊？想当初第一次吃桔子郎家的蛋糕和雪胖子，都是连续买的，现在只能望而却步了，真的挺失望的！希望老板可以看到我的回复，哪怕是涨价也好，也不要降低质量吧！,2019年12月6日
胡春妹558,地方有点偏。买的券所以挺实惠的,2020年1月27日
匿名用户,味道还可以，就是有点偏,2020年1月27日
匿名用户,从老店就开始的老顾客了，挺好的，这个价位的6寸动物奶油蛋糕，怕是找不到第二家了吧，就是芒果稍微有点点酸，其他都好。,2019年12月11日
VSu808232461,雪媚娘没有以前好吃了，皮很厚，也不Q弹,2019年12月28日
匿名用户,临平街上开的算最老的一家甜品店，这么多年买过无数次，雪媚娘超大个，价格划算。,2019年12月20日
匿名用户,很喜欢这的雪媚娘，买过两次了，用美团更划算,2019年12月24日
vIq969911999,这家店位置不是特别好找，但是店已经开了比较久了，叫外卖的老用户比较多，我们家离这边比较远，所以外卖是叫不到的，我们出去玩一般路过这边就会去这边买点甜品吃，说实话性价比还是比较高的，他家的雪媚娘也是附近甜品最大的尺寸了！,2019年10月3日
匿名用户,买了很多次，这次的芒果太酸太酸，真的不好吃,2019年12月19日
MET469291390,好吃!芒果很新鲜!,2019年12月20日
eTD850499913,这家店在临平算是很好吃的了，味道很好也新鲜，强烈推荐。,2019年12月12日
匿名用户,物不美价不廉，怪不得没什么生意，不会去第二次,2019年12月13日
NOB938438508,很好吃，芒果也很新鲜，要的比较急也做出来了，点赞点赞👍🏻,2019年12月12日
文森0524,门头貌不惊人，但是味道超赞，回头客路过了就会来买一个。千层蛋糕喜欢芒果夹层，现在又推出了榴芒夹层，超赞。还有雪媚娘很好吃，第一次吃就是他们家，后来吃了很多别的家，没有这个味道。其他的吃了印象不深，哦，他们家蛋糕也很好吃！,2019年9月22日
avU704040992,物美价廉 超级好吃 很喜欢 老顾客了,2019年11月24日
avU704040992,超级棒棒哒 很好吃😋,2019年11月24日
vIq969911999,每次经过这边都会来点吃的，这家店开的这么久服务和口味都是非常经得起考验的，他家的雪媚娘的口感特别好，量也挺大的，吃一个就感觉非常满足，其它的甜点也很不错的，周边环境也挺不错的，非常适合傍晚过来散步，下次继续光顾,2019年9月16日
qed692958146,今天第二次来消费了，之前宝贝生日在他们家订了蛋糕 后来外婆外公生日妹妹在我的推荐下也来这边订了蛋糕 今天还是一如既往的支持！,2019年11月16日
智障宝宝。,"我一直都很喜欢这家店的蛋糕，自取时候兴致勃勃心情很好，不知道为什么门口小哥的白眼让人有些倒胃口。
【服务】：很差！",2019年11月14日
匿名用户,电话定了一个榴芒千层，给我做了一个芒果千层，回到家吃了才发现，无语,2019年11月1日
匿名用户,这里的雪媚娘真的很大个，我觉得性价比很高，口感也很好，值得推荐,2019年11月26日
匿名用户,量很足，很实惠，口味很赞，很爱吃这里的蛋糕,2019年11月26日
万人迷洁,太太太好吃了实在是！！真的太好吃了！吃了好几次了！我觉得是临平最好吃的奶油太爱了！强推推推！！,2019年10月27日
Qi8326115,口味很好，都已经习惯吃这家的蛋糕了。全家都喜欢吃，下次还要光顾。,2019年11月8日
匿名用户,非常好,2019年11月16日
Qi8326115,味道一如既往的好，蛋糕也很好吃很新鲜。,2019年11月8日
匿名用户,超级大一个雪媚娘 可可的超级好吃 榴莲的也8错,2019年10月9日
莉莎是只小恐龙,蛋糕超好吃😋，奶油超级棒一点也不腻,2019年10月7日
Tgt217518350,美味不用等，值得购买！环境不错，服务态度好。,2019年10月27日
rSD639805452,明明点的六寸，结果到店是五寸，然后榴莲味很淡几乎没有,2019年10月22日
匿名用户,经常在这家买，一直都很好，但是这次的我很失望 叫了个榴芒千层，当天拿回家吃的时候 榴莲酸酸的，有一股酒精的味道，第一次遇到这种情况，有点失望，其他都还好，天气炎热希望卖家确认水果无变质之后再制作吧,2019年8月12日
Tbq866555867,好吃,2019年10月16日
爱现晴,因为超出配送范围所以自己去拿的，然后临时蛋糕上的玩具坏了换了一个，蛋糕很漂亮，味道也很好吃，下次还会再来,2019年9月7日
匿名用户,蛋糕不错味道很好价格实惠，以后都在这家买了。,2019年9月20日
sweet–97,啊啊啊啊啊好好吃啊呜呜呜太好次了8！！！呜呜呜我爱！！！！,2019年8月13日
Trouble猫猫,儿子爱吃，就是感觉现在蛋皮少了，榴莲少了，但还是很好吃，清爽不腻,2019年8月20日
Tnn907938793,榴莲味的蛋糕超好吃，每月都会吃个1次😎,2019年8月29日
匿名用户,味道还是很好吃，但是这次买的不知道怎么回事吃了肚子痛拉肚子了，以前吃从来没有这种情况，我估计这个奶油有点不新鲜了，一直都喜欢吃这个蛋糕，但是希望卫生注意一下吧，不然对消费者身体也不好，三家店只剩下这一家了，希望可以一直开下去！,2019年7月12日
舔SHI,吃了无数次 价格便宜 味道好吃,2019年8月15日
vIq969911999,这家店应该是临平比较老的一家店了，他家的雪媚娘量应该是全临平最大的了，味道也比较正，吃多了也不会腻，所以每次经过必买，相信店家的用料也是没问题的，所以吃着也会比较放心，店的位置不是特别好找，应该这家店是以做外卖为主的。,2019年5月18日
鱼iou猫,一如既往的好吃,2019年6月23日
匿名用户,他家的雪媚娘不错，己多次购买，稍贵了点,2019年8月1日
消失了的小行星,超喜欢他们家的雪媚娘，馅很足、奶油也不腻，超爱，经常来买,2019年7月25日
匿名用户,不错，从读书的时候就开始吃了，一直不错,2019年7月20日
陈新立.,老板人品有问题，我五六年的老顾客最后一次买了！祝你生意兴隆吧！,2019年7月9日
陈与落叶,喜欢希望生意越来越好,2019年7月15日
原本一鑫,超爱了，不知道买了多少次了,2019年7月18日
bAP140032189,东站太大了咋办？，的决定了的决定了,2019年7月14日
匿名用户,虽然我减肥不吃，但是女儿他们很喜欢。我不减肥的时候我也超爱吃,2019年6月5日
G.D459,买了一个火龙果千层，很喜欢吃它家的,2019年7月1日
雅望夏木0521,【口味】奶油不腻，好吃，量不大,2019年6月11日
匿名用户,叫你们多加榴莲的，我真的没有吃到榴莲味，都是芒果，你可以榴莲的加价但是不要欺骗消费者说里面有榴莲,2019年5月11日
fcX959955932,一直是忠实的吃粉，味道超级超级超级赞，强烈推荐给大家!,2019年6月8日
LoveKiKi258,芒果很新鲜  也比较多  算是良心买家吧！有些细节还需改进！比如上面裱的花，为什么倒的特别快。,2019年4月1日
小妞同志,临时定的，10几分钟就做好了，速度快，味道还是和以前一样好,2019年5月21日
菠萝君爱吃凤梨,好吃，买了很多次了！,2019年6月1日
匿名用户,这家的蛋糕实惠 材料新鲜 买了好多年了 希望你家一直都在,2019年5月24日
PxV328044037,做为一个孕妇强烈推荐 奶油好清淡特别适合孕妇。,2019年5月24日
盼盼20020505,味道不错，价格也还行，买了好多次了。,2019年5月23日
兰兰19870114,这次的芒果好酸 好酸 好酸。。。。,2019年5月18日
阿萱v587,都不错，就是我要的是草莓和芒果的，结果给了木康和奥利奥,2019年5月13日
佳太后,感觉没以前好吃啊，不过电话预定然后过去拿早就给我放冰柜里准备好了,2019年3月15日
万人迷洁,奶油巨巨巨巨好吃！！！！我的妈啊！！必须给我买它！！！,2019年3月2日
DyY353172685,卫生，干净，味道舒服，挺喜欢他们家的,2019年3月23日
佳太后,反正老顾客了，还会再去买千层的，不过今天装雪媚娘的盒子破了,2019年3月12日
萌萌哒大人,吃千层的首选店家！一直是你，从未改变！,2019年3月18日
匿名用户,千层好吃好吃好吃好吃好吃好吃好吃好吃 #榴芒千层蛋糕#,2019年3月12日
fannyd87,好吃不腻，喜欢,2019年3月14日
ZgB902617762,这几年价格没变，东西越来越不行了，都是蛋皮叠在一起的，奶油少的可怜，现在这款又小又薄，太偷工减料了吧，我一直认为保健路这家最老最有保证，失望啊，以前不是这样的啊,2019年1月3日
匿名用户,千层不错，水果量很足，很新鲜。,2019年1月24日
匿名用户,蛋糕不错，性价比很高，第二次买了！,2019年2月27日
匿名用户,千层不错，但是雪媚娘真心不好吃，皮那么薄，外面的玉米粉也太多了，不好吃,2019年1月24日
匿名用户,不是那种很甜的，口感不错，甜而不腻,2019年2月20日
lkJ873360069,好吃好吃好吃,2019年2月21日
lkJ873360069,很好v 吃、👍,2019年2月21日
NOu207855183,很好吃，非常喜欢💕,2019年1月28日
匿名用户,芒果千层不错 买了好多次了，继续回购,2019年1月23日
guyuerenqing16,一直千层买的这家不错！！,2019年1月21日
羊羊羊芈,很久很久以前了，他们家千层蛋糕很实惠又好吃！,2019年1月14日
pAj826388284,这个有六寸嘛 *** 以后别想我这个客户了,2019年1月1日
蓝色妖姬23,买了多次，昨天提了点小要求也满足了，很不错。推荐这家保健路的店啦！,2018年12月13日
Znn659178494,一直都吃他们家的蛋糕🍰，我的私房蛋糕店,2019年1月6日
匿名用户,挺好的，奶油我吃不太惯，有点腥。其他都还不错,2019年1月6日
Znn659178494,只要想吃蛋糕必点他家！,2019年1月6日
匿名用户,感觉没有以前好吃了，皮也不是很嫩了,2019年1月5日
匿名用户,朋友推荐说很棒的！！！,2019年1月1日
lkJ873360069,他们家的千层真的没话说、好吃、分量也足,2018年12月29日
mfi286581515,很好吃.继续支持,2018年12月31日
qlt116787479,非常喜欢这款蛋糕非常好吃，价格实惠,2018年12月26日
匿名用户,感觉没以前的大了，上面的花也没以前精致了，这种花不好看，搞得奶油吃起来都感觉没以前细腻了，不知道怎么回事,2018年12月11日
dHY894342817,这是四角包还是啥，做雪媚娘你们是认真的吗,2018年12月3日
匿名用户,还不错，两个人吃不完，奶油和水果都很新鲜，奶油也不腻，多次回头客啦，赞赞赞，主要是非常实惠！,2018年11月16日
npb143763228,常购买 非常喜欢 超级好吃 物美价廉  不腻,2018年12月15日
夏沸er,还不错啦啊啊啊啊啊店铺有点难找倒是,2018年12月16日
tyxbbin,味道不错，地方布置的比较暖心，下次还要来买。,2018年12月8日
yGd607307539,特别好吃,2018年12月14日
tyxbbin,东西不错，服务热情，味道也非常好。,2018年12月8日
tOm191564722,味道好，经常买,2018年12月6日
情路难_,味道很好 很喜欢 经常买,2018年12月3日
tOm191564722,好吃的，经常点,2018年12月6日
一个人我行,味道挺好的，但吃到了芒果皮…大老远的从萧山跑过来…,2018年11月17日
tongyebo,【口味】很不错，不油腻,2018年11月22日
匿名用户,还可以吧，经常光顾，但是可以出一点新品了,2018年11月18日
匿名用户,比以前的口味差一点，虽然我都吃了，哈哈哈,2018年11月17日
Loujie012,蛋糕味道很不错，奶油很新鲜，家里人过生日都是买这个。,2018年11月10日
guyuerenqing16,反正千层大临平首选！,2018年11月17日
guyuerenqing16,好吃！,2018年11月17日
helen敏敏,新鲜,2018年11月17日
UxR129638000,超级大的雪媚娘,2018年11月15日
DearMiss_jing,一直这里买蛋糕，很好吃，价格实惠！推荐！,2018年11月11日
DearMiss_jing,好吃的千层蛋糕！,2018年11月11日
DearMiss_jing,好吃！,2018年11月11日
猪不去的坏,好吃，特别好吃，就是一天不吃好，放到第二天就不好吃了,2018年9月30日
mpL540293115,蛋糕口味清淡，很喜欢，服务态度很好，美女还送了冰袋。打开时忘记拍照了，吃得差不多了才想起来，本人不是很喜欢太甜，奶油太多的蛋糕，这个裸蛋糕真正是极好的呢！如果您也不太喜欢太甜的，可以考虑一下喔！好评！好评！好评！,2018年8月20日
谢彩云243,非常好吃,2018年11月2日
lkJ873360069,他们家千层真的好吃、而且价格很实惠分量也很足,2018年10月16日
Crystal_iny,芒果太酸～奶油不够甜～。吃过两次，上次是芒果不新鲜，奶油太甜，这次直接很淡,2018年10月13日
ichen2,感觉没有以前好吃了 到店吃环境真的好差啊,2018年10月16日
给我1首歌的时间,不错的,2018年10月19日
jhh962704150,芒果有点酸，榴莲很少，作为桔子郎的招牌，选料必须慎重啊,2018年10月7日
yiraner2008,很好吃,2018年10月17日
匿名用户,味道不错哦不错哦～等着草莓味的雪媚娘～,2018年10月13日
lkJ873360069,好吃、分量又足.奶油不是很甜那种,2018年10月9日
jGy224728538,雪媚娘买了好多次了，桔子郎的味道最好，量最足！ #芒果千层蛋糕# #木糠杯# #芒果雪媚娘#,2018年10月1日
lkJ873360069,好吃、又不是很甜.分量又足,2018年10月9日
燕19870717,好吃,2018年10月8日
limonada_,最爱白白胖胖的雪媚娘，奥利奥的和木糠的很赞,2018年10月3日
做人要善良哇,好吃,2018年10月5日
lkJ873360069,他们家蛋糕真的好吃、而且水果分量也很足的.奶油又不是很甜的,2018年9月16日
匿名用户,不错不错，已经来买过很多次了。,2018年9月23日
匿名用户,在保健路那家买的榴芒蛋糕 芒果切的超大块 一点都不精致 芒果太大块太多导致 奶油没多少 吃起来不太美味 （没九曲营路买的好吃 但好像那家关了？ ）☹️,2018年8月30日
玫瑰炎炎,没以前做的好了，口感上差了……都是几年的老顾客了,2018年8月16日
iVn414718637,连冰袋都没有给一个到家以后全部化了然后味道很淡,2018年8月17日
DVy982626262,挺好的,2018年8月24日
Uhk777792417,东西味道一般，泡芙味道怪怪的，价格还行。,2018年8月13日
匿名用户,买了好几次了，味道一如既往赞。 #雪媚娘#,2018年8月10日
绝版贝贝m,上午九点订的，下午三点半去拿竟然说忘了，那么热的天又等了会，关键车还停在路边没车位，懊恼,2018年7月29日
匿名用户,不错不错，味道好极了。,2018年8月10日
王芳316,一般吧，价格高的，有可能是晚上去的关系吧,2018年8月3日
匿名用户,想吃蛋糕的时候就会想到桔子郎的这款，但觉得比以前小一些了！希望质量一直不变希望每款的质量越来越好才好哦！,2018年7月16日
玫瑰炎炎,都老顾客，没以前做的好…………,2018年8月4日
zBT154657585,实物跟图片严重不符啊，太失望了，第一次买这款,2018年6月30日
FGV401255812,很好吃,2018年7月24日
爱吃好面,听朋友介绍，期望太高。然而并没有给我惊喜,2018年7月17日
匿名用户,菜品可以，口味可以，环境可以。,2018年7月16日
曦曦ccxx,这次的没有以往的好吃，这次的奶油寡淡无味，连芒果的味道都比不上，有点失望,2018年7月3日
匿名用户,口味可以，份量也不错，挺爱吃的,2018年7月10日
匿名用户,蛋糕味道一如既往的好，口味刚刚好，不会很甜，赞,2018年7月2日
匿名用户,好吃，水果很多，价格实惠，好的呢,2018年7月1日
匿名用户,好吃,2018年7月9日
1990.4.2,挺不错的，奶油不腻，喜欢,2018年4月29日
头痛啊名字,挺好吃啊,2018年6月2日
_qq56h1375174833,很好吃，不甜不腻，芒果量很多！ #榴芒千层蛋糕#,2018年4月8日
小鱼缸_,刚搬到这边住，是朋友推荐的这家店，说橘子郎的甜品特别好吃，打电话预定以后二十分钟就可以过去取了，店铺位置也好找，5寸的两个人吃刚刚好，淡奶油不油腻，上面的芒果很甜，感觉料用的都很好的，味道特别好，下次还会来的哈哈哈,2018年2月14日
匿名用户,真的好吃，而且相对美团价格来说也比较实惠,2018年5月20日
ImO958938090,不错,2018年5月27日
美少女壮士_leo,生日必到桔子郎的夏天,2018年5月24日
ohhobaby,很大的雪胖子,2018年5月25日
lkJ873360069,他们家的我千层真的超好吃、而且料超足的.,2018年5月20日
yaoyan0205,一直是橘子郎的铁粉，经常回购,2018年5月17日
buddy622,"味道不错，新鲜，量大，
【环境】不错，干净！",2018年5月12日
mUh845644038,好吃,2018年5月1日
江南墙头草,桔子郎的夏天，额额额，干净卫生，味道不错啊！值得推荐。老板人很好，推荐说美团买会有优惠 #榴莲蛋糕# #榴芒千层蛋糕# #芒果千层蛋糕#,2018年4月2日
匿名用户,#雪媚娘# #芒果# #千层蛋糕# #雪胖子# #草莓蛋糕# #芒果千层#,2018年4月23日
养乐多xl,太甜了点，容易吃胖哈哈哈哈,2018年4月21日
ohY593261801,好吃,2018年4月21日
匿名用户,人均消费大概填了一下，现货没有很多，都要等做起来，现在感觉桔子郎都买美团货了。,2018年4月3日
龙雀8888,草莓很多 也没那么甜 不错.....,2018年4月15日
zp小公举,挺好的味道，价格实惠！！！！！！,2018年4月13日
濮1223000,经常购买，很好吃，下次还会买的。,2018年4月13日
钧玲轩,每次都是冲着雪媚娘去的，但唯一不足的是里面的馅不多！味道是还好吃的！,2018年4月3日
匿名用户,每次买雪媚娘认牢这家，口感不错，美团价格也实惠！,2018年4月3日
钧玲轩,雪媚娘的口感不错，希望里面的水果多一点那就完美了,2018年4月3日
匿名用户,雪媚娘，芒果千层蛋糕都好吃，就希望水果多放点就更好了,2018年4月3日
匿名用户,强烈推荐雪媚娘！还有芒果千层蛋糕！味道都好,2018年4月3日
Elopek,买给老弟和姑姑吃的 都说挺好吃哒,2018年3月1日
匿名用户,奔着雪媚娘，芒果千层蛋糕去的，味道好！,2018年4月3日
Zcq198304,很新鲜，好吃,2018年4月7日
xwJ867778482,团购的这个5寸 明明写着榴莲千层 店家说不能全部做全部的榴莲的 要拼 建议写清楚 别弄这种糊弄人的事 最后榴莲跟火龙果拼的 大部分都是火龙果 榴莲特别特别少,2018年3月12日
VxX615110299,榴芒蛋糕只见芒果，只有一丝丝的榴莲,2018年4月6日
oth963058722,没有面包都是面皮，水果还是新鲜，妹妹很喜欢吃,2018年3月31日
匿名用户,味道不错，草莓也不酸，但是草莓感觉没洗，吃了几口都有咬沙子的感觉-.-#,2018年3月23日
邵施佳,绝对的好评 下次还是回去买的 好吃,2018年3月29日
Elopek,喜欢这样淡淡的味道 奶油也不怎么甜 太甜会腻 正好合口味,2018年3月1日
匿名用户,蛋糕好的，奶油也不怎么甜，现在都不要吃太甜。这蛋糕原来也买过。,2018年2月24日
Hi.洛溪,好吃,2018年3月25日
刘树明,一直都买！,2018年3月26日
Ryoko149,好吃,2018年3月23日
yyp9215,草莓量多，不是很甜，味道不错。下单后要电话预定才能拿，感觉好小，团购价格还行原价就觉得贵了。,2018年1月5日
匿名用户,好吃 经常购买千层 下次团购一个火龙果的,2018年3月15日
xiaoqi41,分量超级足的，就是榴莲的要加三元，可是里面榴莲真的好少。,2018年2月16日
借我一世温柔,老顾客了，确实挺不错的，现在淡奶油的蛋糕很多,2018年1月9日
悯mmm,不错,2018年1月15日
悯mmm,不错,2018年1月15日
葉月842,提前预定的，因为想吃草莓就干脆买一个草莓蛋糕。当作晚餐吃的很开心啦～,2018年1月4日
匿名用户,很好吃，经常购买,2018年1月7日
VIE917364676,蛋糕非常好吃😋一直都是认定你家哦,2018年1月4日
呵呵呵哒…,昨天在美团上搜索美食，就搜到这家，看了很多评论，好评最高就数雪媚娘和千层蛋糕了，然后今天正好闲着就跑过去买了，第一次吃雪媚娘，买的榴莲和奥利奥口味，奶油感觉没啥味道，可能是刚从冰箱里取出来的缘故吧，第二个吃到一半还是有点腻的，嗯，还是不错的啦,2017年9月30日
mrwingo,不错，不过感觉好像做的有点匆忙，有点散。,2017年12月29日
匿名用户,要等着现做的，味道还好吧，再有几款好吃的就好了，就奶油好的，夏天吃的雪媚娘好吃,2017年12月23日
蜕变蜕变3,带着宝宝走了一大圈，找错了，找的是另外一家分店。店家很好的帮我解决了，谢谢,2017年11月3日
mrwingo,经常买的，还不错的。,2017年12月29日
y我只吃饭不刷碗y,一如既往的好吃,2017年12月30日
ycy252561691,好吃的，家人们收很喜欢吃啦✌✌✌✌,2017年12月28日
ycy252561691,很喜欢吃,2017年12月28日
l半夏晟忆xm,可以,2017年12月29日
残爱zoe,好吃，吃过雪媚娘和千层，都推荐！！,2017年12月24日
匿名用户,夏天吃雪媚娘好吃的，冰凉爽口，鲜奶,2017年12月23日
点点NoNoA,没有以前好吃了。感觉奶油希希的，没那么香了。,2017年12月14日
盼盼20020505,味道不错，但感觉价格不是太实惠。,2017年12月16日
盼盼20020505,好久没去了，感觉价格有点小贵。,2017年12月16日
你好我叫卫佳佳,我真的超级无敌喜欢你们家店的,2017年12月17日
gaolin1123,不错，来临平都会来买！不错不错！,2017年12月14日
uxO693035662,挺好吃的，我很喜欢，蛋糕一点都不觉得腻,2017年12月9日
匿名用户,第四届世界互联网大会昨日开幕 人工智能等四大领域迎机遇,2017年12月4日
HUANG小A小,天天想着吃他家的蛋糕，哈哈哈,2017年12月10日
yueyuebin,很不错，家里人过生日买的，颜值高,2017年12月7日
hPT438147161,挺好，三四个人下午茶刚好，不甜不腻,2017年12月3日
猫柒i丶,很好吃 超级棒 个头好大  真实在,2017年11月11日
asE396670066,口味一如既往，多次点单，能送外卖后就懒得出去了，非常方便,2017年11月28日
_qqhw61373684365,好吃,2017年11月24日
陈小武5,味道好，确实好几次点了，就是喜欢那个,2017年10月24日
匿名用户,唯一一家奶油！永远！吃不腻的甜品店！！！，真的 超超超超 超级好吃，吃一次就上瘾的好吃！份量很足，超级棒！,2017年10月15日
樊828,奶油淡淡的好吃😋,2017年10月25日
xUN598098533,一直都很喜欢的味道,2017年10月22日
xUN598098533,吃过N次了，好吃，好吃😋,2017年10月22日
xUN598098533,吃过这个，其他家都没买过了,2017年10月22日
xUN598098533,一如既往的好吃😋,2017年10月22日
吃吃荡荡5913,价格小贵，其他还不错,2017年10月16日
吃吃荡荡5913,价格小贵，其他还不错,2017年10月16日
hzyhlp168,一直喜欢他家的雪媚娘，新鲜味道好,2017年10月13日
明天fdy,多次买了！味道很好！服务也很周到！一直支持！,2017年9月14日
匿名用户,绝对好吃 特意从塘栖跑到临平买 路痴表示还开错道 弟弟生日  他和爸妈吃了秒好评 值了这趟油费😂,2017年8月27日
花退残花,一如既往的好,2017年10月8日
hu14191435,满意，新鲜，美味,2017年10月8日
四度微寒,味道很好，水果新鲜，小孩很喜欢吃。,2017年8月28日
wjh521521,好吃，买好几次了，奶油是动物奶油！大家可以买来尝一尝,2017年9月30日
乐清小霸王,"吃过四种口味之后 觉得奥利奥最好吃.另外 昨日微信下单买了一些美团没有的,奥尔良甜筒披萨, 芝士硬的程度让我咬啊咬 咬到最后牙好累 心也累. 奶盖贡茶味道怪 以前喝过茶和奶搭配的饮品都不错. 不知道是茶不对还是奶不好.高人气的蓝色夏威夷味道特别 不算好喝唯一可爱的猫爪伯爵却忘了放猫爪... 说真的当时坐凳子上休息了好久 幻想中的美好食物竟是这般.",2017年6月28日
小水滴130,味道一如既往的好吃～主要是实惠～性价比挺高～,2017年9月22日
晓鱼鱼鱼鱼鱼,蛋糕很好，奶油不是那种甜到腻的，很好吃，服务态度也好，表白给我打包的小姐姐哈哈哈,2017年8月23日
匿名用户,桔子郎家的雪媚娘是我吃的雪媚娘中比较好吃的了 又大个,2017年9月16日
匿名用户,蛋糕很漂亮，味道也非常不错，还会继续订购。,2017年8月31日
yaoyan0205,保健路店好吃,2017年9月18日
sljka,每次去不是买雪媚娘就是千层，真心超级好吃😋。雪媚娘两大个超级便宜，其他地方小小个的都好贵，千层也是水果又多，奶油又好吃😋，比很多店的都好吃😋。每次都给朋友推荐，真的大受欢迎。👏👏👏,2017年8月17日
qls2008520,东西很不错，以前一直在这里买的,2017年9月16日
浪漫的呶呶小猪,不错，经常去吃,2017年9月15日
浪漫的呶呶小猪,不错,2017年9月15日
Happy和小鱼,最好吃，没有之一,2017年8月26日
阿哦呀吼,慕斯蛋糕都卖完了 只剩盆栽 味道一般 饮料和雪媚娘的味道依旧很好～,2017年8月30日
匿名用户,雪媚娘真的很好吃，奶油甜而不腻，每星期必买，,2017年8月1日
WDNMD2B,好次,2017年8月27日
lBO565886209,好吃，个头也非常大！,2017年9月9日
鲜的蜜桃果汁,每次想吃蛋糕就选他家，便宜又好吃。芒果都很新鲜，奶油一点也不腻。我一个人都可以吃半个。而且团购很方便，只要预定了很快就可以拿。每次生日节日都去他家买，真的很好吃。比其他店的奶油好吃多了。店里环境也不错。干净，整洁。,2017年6月12日
匿名用户,贼好吃的呢！嘿嘿。强推,2017年9月7日
阿哦呀吼,店里品种不齐全 没吃到想吃的口味,2017年8月30日
点点NoNoA,好吃，新鲜，老顾客了,2017年8月31日
rainyJJJ,自己去上门取货的，要的榴莲蛋糕。,2017年8月30日
匿名用户,芒果有点酸，其他都超赞,2017年9月1日
阿哦呀吼,味道一如既往的👍~糯糯的～,2017年8月30日
小轩wss525,还可以不过没有评价的那么好吃,2017年8月22日
娟子宝宝1,老顾客了，自不必多说,2017年8月16日
Lemonitee,放暑假回家的第一天晚上就去吃了心心念念的雪媚娘 要了奥利奥和木糠的 开心开心,2017年7月21日
林筱莳,经常吃的，味道很好，奶油都是动物奶油,2017年7月7日
lumihang,根本吃不出来是芒果，一丁点味道都没有的芒果,2017年7月23日
匿名用户,环境非常的棒，味道很棒，推荐购买,2017年7月24日
匿名用户,味道非常美味，干净卫生，值得购买,2017年7月24日
G.D459,很好吃的雪媚娘，来过好多次了，它家的太好吃，奶油不腻,2017年7月23日
blingbling啵,蛋糕很好吃，就是奶油很纯，吃多了有点点腻。,2017年7月24日
fishyp1,味道挺好的，水果新鲜，奶油类似冰淇凌，挺好吃的,2017年6月2日
Wdo773455993,买了4个已经吃了2个，好吃，量大，店员漂亮，装修清新👍😏,2017年6月30日
翊涵静宝贝,很好吃，服务态度很好，而且是大'美女，已订好多次'蛋糕了，都不厌其烦的回答我的问题,2017年7月2日
Tqv919251270,这次最差的，好像榴莲有不新鲜的，蛋糕有一个角吃起来是酸的，老公说是不是没保险好，可其它地方吃起来都没变味，每次都是九曲营路那家订的，这次换保健路就这样，下次还是去九曲好了，,2017年6月5日
zhuyulian1989,吃完饭吃甜食的感觉真爽 我点了芒果和草莓 芒果的好吃 想起芒果千层 棒棒哒 草莓酸 不推荐哦 这家店还是很不错的 装修风格 格局都挺清新的哦 下次想吃榴莲味的啦 喜欢啦  美团价格美丽 速度蛮快的 等了一会会也 适合小孩吃 水果哦 再多点水果就好了,2017年3月21日
yaoyan0205,保健路店的芒果雪媚娘里的芒果都很甜哦，吃完一个比较撑。忠实粉丝,2017年6月26日
DearMiss_jing,第二次来买了，上午电话预订的，下午随取就好了。蛋糕好吃。红心火龙果和芒果的千层蛋糕，水果很新鲜。奶油不腻好吃。包装都很小清新。好评,2017年6月11日
hzyhlp168,菜品口味特好，服务周到，非常满意哦～～,2017年7月4日
匿名用户,蛋糕不错,2017年7月4日
女校花日常,好吃就是时间太忙了好久没去了,2017年7月3日
DearMiss_jing,第二次来买橘子郎的夏天，新鲜做起来的哦！味道不错。水果很多，吃腻了都是奶油的蛋糕，还是他家的千层健康。,2017年6月11日
柰小七,环境一般般，味道不可以。买多了。,2017年6月22日
ljj西瓜,味道不错 鲜奶油,2017年6月23日
mMM493707872,经常买，味道不错,2017年6月23日
PaP721851636,味道不錯不是很甜,2017年6月23日
PaP721851636,我是第二次去吃，,2017年6月23日
wVy264174000,蛋糕不甜腻，水果多，基本上就是水果加奶油，没什么蛋糕。吃着一般还行吧！5寸只够分4块的。,2017年6月4日
yaoyan0205,一如既往地好吃，满足,2017年6月16日
appleaiba,还是这家好吃，隔壁分店为什么口感差别那么多,2017年6月10日
LLN214360156,回头好几次啦 好吃,2017年6月15日
点点NoNoA,好吃  新鲜 分量又多，经常去买。,2017年5月24日
kFD956042898,老买这款，女儿喜欢，我也大爱的千层，,2017年6月10日
翊涵静宝贝,很好，味道不错,2017年6月11日
IqK338484629,蛋糕蛮好吃，水果多，新鲜，奶油不腻味，下次还会来,2017年6月4日
雨辰11,挺好的，吃着不错，奶油很好吃，一点也不腻。,2017年6月4日
MhR335747093,老顾客了，甜品好吃，价格又不贵，会经常光顾的！,2017年6月2日
雨辰11,还是老味道，不错不错，挺喜欢的。。,2017年6月4日
天亮就粗发,还是一样好吃！每次回来都会买！,2017年6月4日
匿名用户,很好吃的千层，不是特别腻也不是特别甜，很新鲜超级好吃，棒,2017年4月22日
tbf921220,很好吃，价格也实惠,2017年6月1日
hzyjt,味道不错，服务好，订购方便，还实惠！,2017年5月30日
于冬明,奶油不腻 但是感觉没之前好吃了,2017年5月30日
FAR874768842,经常买来吃，很好吃。跟老公基本一个月吃个2，3次呢！吃过这家的，其余的店感觉都不正宗。而且态度也很好，有次他们已经下班了，还因为我的晚到，等了我半个小时，不错，值得购买！,2017年4月29日
qxR111547443,新鲜美味  榴莲太少 #榴芒千层蛋糕# #榴莲忘返# #雪胖子#,2017年5月20日
HOq651250785,很喜欢 味道不错👍,2017年4月27日
aOn376870637,蛋糕味道还不错，吃起来不会腻，就是比较小，肯定没有6寸,2017年5月22日
eLU889458288,水果多，准时，奶油甜而不腻，不错的选择,2017年5月4日
匿名用户,好吃美味漂亮！,2017年5月23日
音笛杳杳,芒果很新鲜～～千层还是桔子郎的好吃啊！一点也不腻,2017年4月8日
Lvo901813834,吃过的雪媚娘，这家的最好吃，个头又大！,2017年5月23日
匿名用户,很漂亮，也很好吃…最重要是实惠,2017年5月1日
BIa873115955,还好吧，量挺大的,2017年5月21日
yoyo小跟班,味道还是不错滴，每次都会选榴芒千层，只是这次的芒果没有拨的很干净，有丝，吃着不太喜欢，这次的榴莲也很少，没有之前吃的每口都有榴莲，有点小小的遗憾，哈哈，总体还是很不错的,2017年4月24日
Serniry,味道非常好，价格便宜，提单方便，快去试吃吧,2017年4月28日
那土热,好啦好啦。桔子哥家的就是又大个又好吃,2017年4月28日
匿名用户,味道真的不错，提前打电过去的，说要现做起来的，十几分钟可以了，车子开过去拿一下正好，就是现在怀孕今天能发货吗血糖高不能多吃，等生了宝宝就可以放开吃了，到时候一定会再买的，希望到时候可以再多多推出优惠活动，到一定光顾。,2017年2月14日
UZw119207606,好吃好吃，美团也很实惠,2017年4月29日
馨丶M,还可以啦，味道一般，现在的奶油没有以前好吃了,2017年4月25日
LoveKiKi258,榴芒千层 不错哦 榴莲较少 不太臭哈,2017年4月26日
di调的华丽123,奶油不甜不腻，刚刚好，无限回购！,2017年4月27日
byseam,挺好的 不过我吃不惯动物奶油 奶味比较重 爱的人应该很喜欢吃的,2017年4月17日
lrx458379232,已经买了十来个了 味道真心不错,2017年4月25日
ymp213214477,满意满意，好吃好吃！来了很多次了,2017年4月25日
fut162709416,真心不错，里面全是奶油个草莓，三个人都没有吃完，哈哈^ω^下次尝试下芒果味的,2017年3月29日
匿名用户,奶油都发泡了，口感一般，不是很满意,2017年4月23日
newbility小涛,味道还好的，已经多次购买了，下次还会再来！,2017年4月22日
清秋77,味道不错，买了好多次了，一如既往！,2017年4月21日
匿名用户,真的很好吃，一周总要吃个两次，常客了，有没有优惠啊！分量很足，每个口味都爱吃，芒果，草莓，火龙果，奥利奥都非常的不错！！！！等待时间也很短，一会儿就可以取到，总之就是好吃啦！一定要顶顶顶的！希望能有优惠啊！,2017年2月23日
淡烟疏雨jin,没有传说中的好吃，有点腻，可能个人口味不同,2017年4月16日
小逗逗与小猴猴,好吃！已经买过很多次了。很喜欢草莓味的雪媚娘。以后还会来！！！,2017年4月11日
sparrow_Daisy,口味很不错，很新鲜,2017年4月17日
璐伊陌,#芒果千层蛋糕#,2017年4月15日
wjh521521,蛋糕非常好吃，不腻不太甜，就喜欢吃这样的蛋糕,2017年4月13日
沈建利,味道好，就是略小，不过可以啦，买了两个,2017年4月8日
Mimi217,一次比一次难吃 芒果一点都不新鲜,2017年4月11日
彼年豆蔻、、,感觉皮少了，没有以前好吃了😋，还是很好吃,2017年4月9日
萱驍城市,第一次吃草莓千层，味道很赞，皮也很好吃，奶油也很新鲜。,2017年3月2日
跳跳QIU,奶油不甜，造型漂亮，蛋糕口感一般，总体还可以,2017年3月1日
Angel妃,非常喜欢郎家的千层蛋糕，口感非常细腻，水果份量也很足，,2017年4月3日
田朝红,经常买给女儿吃，味道很不错👍👍,2017年4月5日
彼年豆蔻、、,皮没有以前多了，没有以前好吃,2017年4月9日
Selened,以前不知道美團積分的重要性，現在自从知道了美團積分可以抵用現金時，我把這句話複製下來，走到那，復印到那，從此充數字。畢竟100個字才有機會拿走100積分的。味道很不错，还会再来的！！！环境好，服务好，出品好！#速度快#态度好# #款式多# #新鲜#新鲜哦 #雪媚娘# #芒果千层#,2017年2月11日
温柔女杀手bb,不错，很喜欢吃,2017年4月6日
omZ871222763,真的很好吃，一个完全不够吃啊，而且水果也多,2017年3月29日
guxiaoling528,味道不错，口感细滑，,2017年3月31日
guxiaoling528,分量足，大胖子,2017年3月31日
THN698880828,今天的千层盒子太恶心啦，打开来奶油都变成水了，和芒果混在一起，吃起来很恶心，芒果也不甜。建议以后自己先尝一下，这么难吃。受不了。,2017年3月4日
fengpan2002,很喜欢这家的蛋糕，奶油，水果都很新鲜,2017年3月25日
xUN598098533,一直喜欢的味道，吃过桔子郎的蛋糕，其他的不想吃了😊每个礼拜都会光临的,2017年3月21日
天堂狂舞,老客户了。真好吃。吃不厌的奶油也很多不错。赞,2017年3月5日
_qq47f1352683834,吃了很多次了，每次都来他家买，个大味道好，价格也很实惠！,2017年3月21日
JQU858373840,买了3年你家雪媚娘，好吃,2017年3月28日
天堂狂舞,好吃雪胖子真的好多吃的好过瘾。,2017年3月5日
binguoliu,来过好几次，女儿很喜欢吃,2017年3月25日
xUN598098533,一如既往地支持👍吃过桔子郎，其他家的不要吃了😊,2017年3月9日
她说我很想爱他,终于吃到想念的雪媚娘，现在回头想念，才来评价真是抱歉、尘封已久，希望下次去再去探望美食~,2017年3月12日
阿哦呀吼,一下子买了三分 味道超级棒,2017年3月6日
gaolin1123,不错，就是雪媚娘的皮是不是换人做啦，一边厚点，一点薄点,2017年3月18日
hXW636206679,东西很好吃😋下次还会光顾的！就是店铺确实难找了些、因为牌子是英文的,2017年2月23日
LoveKiKi258,爱上橘子郎家的雪胖子！个头超大 芒果也切的很大..,2017年3月17日
LoveKiKi258,每次必点的。就是感觉有点甜.如果能再做淡一点 会更喜欢,2017年3月17日
lCe114853593,新鲜的芒果很好吃,2017年2月14日
gaolin1123,只要有机会，就会来买芒果千层！,2017年3月18日
施洁莹,超喜欢 一直回购,2017年3月17日
robin010603,点了一个芒果千层蛋糕四个雪媚娘。电影一小时后开始所以感觉时间充裕。最后等了45分钟才好，没时间吃了打包带走。下次不会再来了。,2017年2月18日
dTX328877379,经常来买，很好吃，,2017年3月15日
NvB925572624,老顾客了，这款蛋糕是我儿子的最爱,2017年3月11日
QyO983320900,超级好吃之前一直来   同学也推荐了下次还会来,2017年3月10日
匿名用户,超级好次的雪媚娘,2017年3月11日
匿名用户,上周六特意开车去的，如果塘栖有分店该多好，口味很不错，芒果超多的，很新鲜，奶油不腻，一次能吃一小半！,2016年12月28日
wj52874924,经常买的，蛋糕还是这家最好吃了。孩子很喜欢，不是很甜,2017年3月4日
未实现的愿望,不错不错，一直吃这家的，觉得好吃不贵,2017年2月12日
只爱我家妞,非常好吃、比其他家都要大很多、味道超赞,2017年3月3日
FxV720360182,被猫咪咬了要去医院打针，特别的不开心，打完针后为了缓解郁闷在美团上团了个千层，以吃泄愤，没想到居然被我碰到了这么好吃的芒果千层，芒果很新鲜，两个人一下子就把芒果千层蛋糕消灭完，而且他们家的刀叉都好漂亮，都不舍的丢,2017年1月18日
空空空的心,好吃  一直都是吃桔子郎家的,2017年3月6日
NiF656212366,好、发财啊，这么好的东西，不错 #芒果# #雪媚娘# #榴莲蛋糕#,2017年3月2日
shirley来来,吃一个蛮好吃的，吃两个就很腻了，不太爱吃甜食的人可以拼单，里面水果有点少。美团便宜,2017年2月20日
曹小查,好吃，买了好几次了，奶油不腻,2017年3月5日
Znn659178494,橘子郎的夏天就像我家的私房蛋糕店、每次想吃蛋糕和雪媚娘总是会选他们家、不会考虑其他蛋糕店！这是为什么呢？因为他们家的材料新鲜、奶油纯正、价格也实惠！反正就是每次吃完一个蛋糕还想着再买一个的节奏！哈哈哈！祝他们家生意兴隆、越来越好！,2016年11月13日
Znn659178494,橘子郎的夏天就像我家的私房蛋糕店、每次想吃蛋糕和雪媚娘总是会选他们家、不会考虑其他蛋糕店！这是为什么呢？因为他们家的材料新鲜、奶油纯正、价格也实惠！反正就是每次吃完一个蛋糕还想着再买一个的节奏！哈哈哈！祝他们家生意兴隆、越来越好、也希望美团活动多多、会一如既往的支持！,2016年11月13日
神仙的江湖,第二次了，味道超赞，果肉很多呀,2017年3月3日
xiaoxiaocun123,一直喜欢这里，也常常买，一家人都喜欢,2017年3月2日
只爱我家妞,桔子郎的夏天只认准这家、其它没有可比的,2017年3月1日
LoveKiKi258,买过好多次的老顾客了 炒鸡喜欢橘子郎家的雪胖子,2017年2月26日
gaomq19,一年不知道要去几次 口碑好，就是折扣不太有,2017年2月26日
Ulk429765947,口味越做越差，上次点点榴芒千层蛋糕做成全芒果的，芒果不甜好酸带有渣，没以前的好吃。,2017年2月17日
_qqfz81418883693,超级好吃的！美味根本停不下来！每次都是买好几个！,2017年2月25日
LoveKiKi258,买过好多次的老顾客了 会继续支持噠,2017年2月26日
寂寞的人呀418w,蛋糕味道不错的一个月买了两次了,2017年2月26日
寂寞的人呀418w,蛋糕味道不错的一个月买两次呵呵,2017年2月26日
Ulk429765947,越做越难吃，预定的榴芒千层给做成全芒果的也就算了。芒果带渣又不甜，酸酸的，实在难吃。,2017年2月17日
玫瑰炎炎,夏天吃榴莲分量十足，冬天买两次就不怎么好,2017年2月24日
玫瑰炎炎,夏天的吃榴莲比较足，冬天吃口感不怎么样,2017年2月24日
xiaobai3883,虽然已经很久了，但是对那雪媚娘还是记忆犹新，那皮厚的呀不是一般的厚都已经包不起来了，我是在临平山附近的家买的,2017年2月5日
fkt777621868,奶油和芒果都挺新鲜的，味道也特别的好吃！,2017年2月22日
jqC545747797,不记得这是第几次买了，反正是常客了，他家的东西真心不错，好吃，水果很多，很新鲜，下次还会再来的。,2016年12月20日
阮默默耶,味道还好 奶油也不腻,2017年2月25日
LoveKiKi258,分量足 是动物奶油 味道不错哦,2017年2月21日
dingsuying2008,蛮好吃的，儿子很喜欢。下次还会光顾。,2017年2月20日
包森琴,桔子郎的雪媚娘百吃不厌，六个口味都喜欢,2017年2月16日
LoveKiKi258,个头超大的雪胖子哦 新鲜,2017年2月21日
LoveKiKi258,现做的 就是感觉奶油好像掺了植物的,2017年2月21日
jqC545747797,第二次光顾了，之前买了两个千层，芒果千层和火龙果千层，味道还是不错的，不是很甜。这次换个口味买了芒果忘返，奶油还是一样，不是很甜，所以不腻，给小孩吃放心，芒果也蛮好吃的，是新鲜的，唯一的缺点就是个头有点小。,2016年12月2日
HAc915467192,一直很喜欢桔子郎，奶油一点也不腻。,2017年2月15日
鲜的蜜桃果汁,味道真的很好，不油不腻，不是蛋糕店的那种奶油，以前经常吃，这下好久没吃了又想念这个味道了，最喜欢的榴芒千层味道最棒了，反正永远吃不腻，今天老爸生日又订了一个，真的很实惠。而且量不多刚刚够吃。喜欢吃好吃真的好吃。,2016年11月23日
_qq2kh1347596940,越来越差了，皮厚，包也包不好，随随便便糊弄一下，如果不是顺路绝对不买…,2017年1月10日
YSJEyesOpen,我很喜欢吃他们家的蛋糕 要是自己会做就好了,2017年2月11日
奶茶妹妹Li,味道棒棒哒！超新鲜！忠实的客户！！,2017年2月10日
mz_chen,蛋糕一直都是她家，不二选择！我不爱吃甜食的，但是这家重点推荐,2017年2月5日
Donnnnnnn,买了无数次了，好吃到不行,2017年2月11日
Donnnnnnn,买了好多次了，真的是好吃,2017年2月11日
Donnnnnnn,买了好多次，真的好吃,2017年2月11日
南方姑娘～～～,一直都挺喜欢桔子郎的夏天的蛋糕。吃不腻,2017年2月10日
oln31022774,好吃，草莓当季，偏酸了点，不过很新鲜，店里没人，小哥有一点高冷嘻嘻,2016年12月22日
GeL648963987,蛋糕非常的好吃，奶油甜而不腻，非常棒,2017年2月7日
gaolin1123,只要去临平，都会去买千层！！！,2017年2月6日
用户名：姓名,口感还行吧 凑合 还是千层好吃 服务倒是还行 环境倒是不咋滴 反正都是打包 没有什么影响,2017年1月25日
宝宝20131119,蛋糕味道不错，但是去买时东西的选择的式样太少，没的挑选。,2017年1月30日
只爱我家妞,一如既往的好吃、分量足性价比高,2017年2月2日
用户名：姓名,感觉千层蛋糕一直就是这家店的主打 反正别的产品吃吃看味道也就这样,2017年1月25日
点点NoNoA,货真价实，很好吃，芒果超多的，两个人吃不完。,2017年1月12日
用户名：姓名,一直以来的忠实顾客了 从最早的一家店到现在的三家店 味道是根本,2017年1月25日
dlp20101023,应该是最认真的一次评价了。7点50多打电话过去定芒果千层，他说要30分钟左右，现做。差不多时间拿到到家，要拿出来的时候就感觉不太对，很软，湿湿的，和之前拿出来的那么爽快不一样。好不容易拿出来了，奶油的颜色偏黄，ok，吃吃看，超级软，可以看图片，整个都是软下去的，整个都湿答答的，口感真心很不好，奶油还是奶油吗？我不知道是奶油不新鲜还是怎么样，蛋皮也是湿的，真的不太能忍好吗。如果不新鲜了，电话里就说清楚可以吗。一下子对芒果千层无感了。自己看图吧，要买的，要吃的，还是先确认下吧。我也不想为了这么点去多计较什么，就希望商家不要让消费者对你们失望可以吗。,2016年9月16日
用户名：姓名,味道好 服务好 就是环境稍微差了点 冷色系的装修,2017年1月25日
Albee472,吃到过的最好吃的雪胖子，每隔一段时间都会来买。,2017年1月27日
天亮就粗发,量很足啊，芒果味少了点，可能芒果没选好？,2017年1月26日
匿名用户,他们家的蛋糕很好吃！经常去买，甜而不腻！水果很新鲜，就是有时候蛋糕胚太湿了点！下次买蛋糕还会选择这家！,2017年1月11日
Albee472,好吃的草莓，好吃的千层，就是有点小贵。,2017年1月27日
天亮就粗发,还是喜欢芒果的，草莓的没那么好吃😋,2017年1月26日
luoyabxia,挺喜欢这家的千层蛋糕的，买了好多次了，就是店的位置在老城区，进出和停车不大方便。,2017年1月15日
点点NoNoA,蛋糕是动物奶油，很香，就是尺寸大点的没有团购有点贵，水果很新鲜。,2016年12月1日
小笼包嗯,雪媚娘很大很好吃，以后还来哦！,2017年1月25日
uod133144110,桔子朗的夏天，这家的芒果千层是无限回购款。味道很好，淡淡的甜一点也不腻，好吃到没朋友！,2017年1月5日
wrh270117047,很精致但是好小....,2016年12月25日
爱yu宝宝,雪媚娘每个口味都好吃的！但是如果比较喜欢吃甜一点话，还是选奥利奥的吧水果味的会淡点！雪媚娘很大，很#雪媚娘##芒果千层##木糠杯#好吃，奶油非常新鲜，甜而不腻！水果也是新鲜汁多！离家蛮近，经常去，店铺不大，但环境清新脱俗，美团价格非常划算！东西不会是因为美团价而打折扣！服务态度也没话说，很亲戚，美女说话好温柔的！希望桔子郎的夏天越做越好！越来越多人喜欢！,2016年9月13日
点点NoNoA,好大的雪媚娘   货真价实，动物奶油很香淳。,2017年1月14日
BPm226432193,真的很好吃，服务态度也很好,2017年1月4日
匿名用户,小伙伴说味道很不错，就是位置有点远！,2017年1月13日
匿名用户,味道还是不错，服务也不错。速度蛮快的,2017年1月14日
匿名用户,常回购，芒果千层好吃的停不下来，看似小小的一个蛋糕，其实很有饱腹感。,2017年1月8日
匿名用户,很满意，买了好多了。,2017年1月19日
匿名用户,味道不错，新鲜做的，孩子爱吃。,2017年1月14日
开奥迪想普桑,好吃很好吃，不腻，芒果也很不错的,2017年1月15日
匿名用户,这次换夏威夷千层了，是火龙果和芒果的，奶油细腻不甜，水果量多，下回换戚风的😄,2016年11月18日
西西里1201,不错味道很好很赞的，就是等的时间有点长。榴莲我超级喜欢,2017年1月8日
LiuXin1226521,很喜欢吃，每次都是我和宝宝一人一个，吃第二个会感觉腻，最爱的就是芒果味道了，吃饱睡觉咯,2016年12月30日
君H21,蛋糕味道不错，用料很足，水果新鲜，好评,2016年12月19日
Eleven_11Mother,以前不知道美團積分的重要性，現在自从知道了美團積分可以抵用現金時，我把這句話複製下來，走到那，復印到那，從此充數字。畢竟100個字才有機會拿走100積分的。味道很不错，还会再来的！！！环境好，服务好，出品好！#雪媚娘##蛋糕# #千层水果派# ##,2016年12月7日
Eleven_11Mother,以前不知道美團積分的重要性，現在自从知道了美團積分可以抵用現金時，我把這句話複製下來，走到那，復印到那，從此充數字。畢竟100個字才有機會拿走100積分的。味道很不错，还会再来的！！！环境好，服务好，出品好！蛋糕 雪媚娘都是我最爱哦,2016年12月7日
多豆妈～,每次经过必买，家里人都喜欢吃桔子郎家的雪媚娘！！！,2017年1月7日
蔬菜沙拉酱,两个人次次 就次完了,2017年1月12日
匿名用户,买了好几次雪媚娘了，个头好大，水果还算新鲜！ #雪媚娘#,2017年1月3日
mrwingo,经常吃，2个已经很撑了。,2017年1月10日
匿名用户,一直在桔子郎订的蛋糕，以前都是全五分的！这次是真心失望！让女儿失望了！大家看实物与图片对比就知道了，唉！,2016年11月13日
IYr936993572,奶油不腻。第二次购买了。味道不错。,2016年12月13日
zaT194135392,炒鸡好吃，隔段时间就想着来吃，感觉非常棒，而且服务态度特别好,2016年12月20日
铖77,一直都喜欢桔子郎的蛋糕，味道甜而不腻，草莓也很多，吃了停不下来！,2016年12月17日
匿名用户,好吃的，多次去买过,2016年12月28日
南湖小骄傲8,很好吃，现做的，吃多了就腻了，过段时间就又超级想吃，哈哈～强烈推荐千层蛋糕，雪媚娘，还有芒果杯。真的好吃，过段时间再去，现做也挺快的，最好提前电话预定，就不用等啦～服务还不错，是个美女老板，下次再去咯。#榴莲忘返# #雪媚娘# #榴芒#,2016年9月23日
aLB298708575,挺好吃的，就是距离有点远，但还是让人心满意足,2016年12月24日
Jc丶,刚发现的蛋糕店，买了给小宝宝吃，不会太腻，水果也很多，蛋糕也很大，很喜欢，以后肯定会经常来,2016年12月2日
正SOON,#芒果千层蛋糕#,2016年12月29日
小小蚂蚁1234,最喜欢吃这里的千层 已经上瘾了💕💕,2016年12月26日
匿名用户,每隔一段时间总是想吃一次根本停不下来,2016年12月19日
lenasly,忘不了的口味,2016年12月21日
nbS575970201,蛋糕很好吃，一点都不腻，都吃完了！,2016年12月19日
lenasly,一如既往的好吃,2016年12月21日
开心麻麻咪呀,超大个的，真是雪胖子，太好吃了，又便宜！,2016年12月1日
chf435390573,原来6寸这么小😂    讲真，都没什么味道，芒果没有芒果味蛋糕没有蛋糕味，第一次吃到这么淡的奶油，我都怀疑没放糖… 味道跟样子不成正比啊，不配送，自提，价格也不低，反正我期望很高结果失望了，下次应该不会去了吧，虽然店主很帅，装修很漂亮…  对了，没有生日帽！到家我才想起来，又不值当再跑一趟 🙄,2016年10月7日
何处去0,很好吃哈，一如既往支持，上年生日也是买的这家蛋糕，很喜欢吃，不腻！,2016年12月12日
QKp815622015,奶油稍微有点稀，这种天中午买回去晚上吃粘纸了，外甥说拿着吃都拿不住,2016年12月11日
RAIN89000013,什么榴芒千层？？？是不是给我做错了！！大晚上的也不好打电话质问了！根本没吃出榴莲味，全是芒果，冰箱放太久太冰了，吃的胃凉凉的！不适合冬天吃啊！味道也没以前那么好吃了！ #榴芒千层蛋糕#,2016年11月25日
木乔zj,超级喜欢雪媚娘，不过感觉还是略贵,2016年12月18日
syw陌生人,好吃，认准这家，奶油一点都不腻,2016年11月17日
chao098908,好不错可以（）66回家好4下次去好不错回放,2016年12月14日
_weixin939441693,超级好吃，不止一次购买了，还会继续光临的,2016年12月15日
爱yu宝宝,经常来这吃甜品！好吃的不要不要的，环境挺好的，很有情调，，分量很足，同样的东西比起其他店便宜很多，质量不会因为便宜而打折扣，价廉物美！喜欢甜品的亲们抓紧购买吧，奶油一点都不腻，非常新鲜！服务态度也很好，说话很亲切！看图吧！,2016年9月13日
halise3210,买的泡芙快过保质期了还在卖，问是不是当天的也不回答，好难吃,2016年12月13日
匿名用户,好吃不腻，甜味适中，清淡型，两人吃完正好一顿下午茶,2016年12月10日
Victory2qimiao,不错我的最爱啊，每次想吃蛋糕🎂都会直接去桔子郎的夏天，早上电话预约的，下午下班过去拿，老早就做好了，棒棒哒，我家里人都爱吃，谁生日后报桔子郎夏天，甜而不腻，量不多但就是爱吃，雪媚娘也爱 木糠杯也超爱的，就是上面都是多,2016年9月9日
雅望夏木0521,早上拍的单，下午去拿的，4个人吃刚好，奶油不腻，要了芒果的，芒果很多，新鲜，很好吃 #芒果千层# #雪媚娘#,2016年12月2日
gEO365868744,味道不错，就是太小了。。。。。,2016年11月28日
eQI789324719,现在不是现做的，味道不一样……奶油都化了....没口感没口感,2016年12月9日
_qqcw71393286958,橘子郎的夏天，女儿的最爱，今天下午放学，昨天晚上就打电话来要吃这家的蛋糕了，刚拿回家就吃上了，而且一口气把一个千层蛋糕给吃完了，弄的晚饭都吃不下了。我只想说，你们的蛋糕太好吃了！😄,2016年11月14日
匿名用户,很好吃，我很喜欢，奶油也不腻。,2016年12月10日
Mmmmmiaya,买了八百遍了，从老店到新店。我的最爱啊~[比心]   (☆´3｀),2016年12月5日
Mmmmmiaya,买了八百遍了，从老店到新店。我的最爱啊~[比心]   (☆´3｀),2016年12月5日
Mmmmmiaya,买了八百遍了，从老店到新店。我的最爱啊~[比心]   (☆´3｀),2016年12月5日
tXs303786619,非常好吃，买了两个，一个自己吃，一个送朋友，她也非常喜欢,2016年12月6日
peR535466306,抢的29元午餐券很实惠，中午几个小伙伴约了一下，那边还算好停车的，过去门口正好一个车位，牛排在楼上，进去人挺多的，东西说实话不是很多，比较少味道也一般，牛排我选择7分，同事两个都选择八分还没我的熟，有一点坑的是小孩没半价或者儿童牛排，花了59,2016年8月26日
dEU800602729,奶油很清淡 不腻 水果量足 完全没有抵抗力！,2016年12月4日
沈珞雅,最喜欢吃他们家的白胖子了，不过没有刚开始大了哦，水果很新鲜，一如既往好评,2016年11月25日
蓝色妖姬23,蛋糕味道不错，奶油淡，挺喜欢！,2016年11月19日
Sally_沈Li,一如既往的好，以后会经常来买的哦~个头有点小哦，比较适合2-3个人,2016年12月1日
匿名用户,不错一如既往的好，一如既往的尺寸，2-3个人吃就刚好，多了拿出来都闲小气,2016年12月1日
Sally_沈Li,一如既往的好，以后会经常来买的哦~个头有点小哦，比较适合2-3个人,2016年12月1日
W泡芙小姐325,味道很好，口感不腻，下次还会买,2016年12月8日
bes1deU,很好吃 每次来都要买点东西回家！小孩子也很喜欢 #雪媚娘# #千层蛋糕# #芒果千层#,2016年11月12日
雨辰11,感觉比以前小了好多，味道也变了。,2016年12月4日
Sally_沈Li,一如既往的好，以后会经常来买的哦~奥利奥口味是最爱,2016年12月1日
Sally_沈Li,一如既往的好，以后会经常来买的哦~奥利奥口味是最爱,2016年12月1日
Sally_沈Li,一如既往的好，以后会经常来买的哦~奥利奥口味是最爱,2016年12月1日
Sally_沈Li,一如既往的好，以后会经常来买的哦~奥利奥口味是最爱,2016年12月1日
泡沫my,是现做的，不过火龙果是白的，个头挺大，奶油口感很好。,2016年12月2日
匿名用户,味道还可以但是我还是喜欢甜一点的奶油,2016年12月4日
fMT725978058,现做的，很新鲜，很好吃，大大的满足,2016年12月5日
EBp124080774,特别好吃，有一段时间不买，就会非常想念。,2016年12月4日
crystal840916,好吃的，就是雪媚娘太大了，吃多了有点腻。最好小一点，价格便宜点,2016年11月28日
guohui_2233,好吃的不要不要的，环境挺好的，很有情调，榴芒千层，分量很足，两个人吃正好，里面真的有榴莲，还不少哦，比起其他店便宜很多，质量不会因为便宜而打折扣，喜欢甜品的亲们抓紧购买吧，奶油不腻，芒果榴莲很新鲜，看图吧！,2016年8月27日
泡沫my,孩子挺喜欢吃的，甜而不腻，口味很好。,2016年12月2日
活该腻味,一定之规、一定之法残忍抹杀不了你幸福就,2016年11月30日
匿名用户,总体来说，一般，可能是我不喜欢喝牛奶的缘故，奶味太重,2016年11月27日
WangYQ...,奶油味道淡淡的，不错，但是奶油好多，没怎么看到芒果,2016年11月28日
匿名用户,很爱她家的蛋糕，雪媚娘又大个又好吃，一个就很饱了。,2016年12月1日
_qqvkh1377071610,还行吧，小朋友不是很喜欢吃，我觉得味道还好，买了一个芒果，一个饼干的，觉得水果的还是比奥利奥的好吃。。。,2016年11月22日
可可没有热可可,"雪媚娘很好吃
芒果千层味道也很好",2016年11月13日
jiangjing808,还不错,2016年11月28日
GBD454346763,很大个哦，买了奥利奥和木糠的，不错,2016年12月1日
盼盼20020505,老老顾客了，也不知道光顾多少次了，但价格永远没变，哭。,2016年11月27日
LQx549546823,不知道为什么盒子质量这么差 底部是粘住的 拿都拿不出来 等我好不容易废了九牛二虎之力撕下来当爱已经破相了 真是气死了！希望店家不要用这么质量差的盒子了！,2016年10月9日
阿狸君的小裤衩,很喜欢他们家的蛋糕，就是好小，现在貌似可以加钱选大一点的，以后买大的，小的不够吃啊！,2016年11月21日
MG梅哥,过生日只选他家的蛋糕，时尚又别致，主要是特别好吃果然超足,2016年11月8日
WangYQ...,感觉现在里面的馅，奶油好多，料好少了！,2016年11月28日
盼盼20020505,速度快，小孩喜欢，老买的，价格优惠点就好了,2016年11月27日
格格巫c6,很好吃啊 会特意赶过去吃 敲喜欢吖,2016年11月28日
tt20100302,不错哦，经常来，就是不方便，不好停车,2016年11月28日
盼盼20020505,味道还不错，对老顾客能优惠点才行。,2016年11月27日
盼盼20020505,貌似在美团上只买这家，味道不错的。,2016年11月27日
xiaoxiaocun123,灰常灰常喜欢，一如既往的好吃，,2016年11月27日
匿名用户,停车方便，味道好，速度快！！！,2016年11月28日
盼盼20020505,味道还可以，离家近，老顾客了。,2016年11月27日
盼盼20020505,味道一直不变，一直在买，永远如一。,2016年11月27日
匿名用户,非常非常喜欢吃！从弄堂里的第一家店吃到现在了！,2016年11月24日
Snh417730465,我就喜欢橘子浪 临平甜点就认了 橘子浪,2016年11月26日
匿名用户,好久没买了，感觉更好吃啦，奶油一点都不腻！！！！,2016年11月25日
ihx372406268,朋友推荐的。味道不错。下次还会在买的,2016年11月26日
GkT392272186,经常买的店，在回家路上就开吃，好吃,2016年11月25日
钧玲轩,芒果千层味道不错，吃了不油腻！已经好几次购买了,2016年11月22日
钧玲轩,味道很好，奶油不油腻，芒果量足！已经好几次购买了,2016年11月22日
DearMiss_jing,蛋糕真的味道不错哦！从塘栖去买的，奶油很淡，吃了没什么负担，里面的水果很多，芒果和火龙果很新鲜，这次去不知道路线，下次就知道了！还会回购的。,2016年11月6日
钧玲轩,很好吃很好吃，想要吃芒果千层的话，首选就这家,2016年11月22日
匿名用户,好久没去吃桔子郎了，特地重塘栖过来吃的。今天的千层没以前吃的好吃，打开就感觉奶油要化了一样，图案也没之前的好看，喜欢一颗颗的裱花图案，不喜欢这种大的,2016年10月17日
