1,《崩坏3》动画短片「天穹流星」,294.9万
2,开 幕 爆 笑 【阅片无数特别篇】,227.6万
3,快 放 我 下 车！,76.1万
4,转发给女朋友，一起选情头！,48.2万
5,传说中要靠吸吮少女“续命”的老两口，遇到富江会怎样呢？《富江：养女》,124.2万
6,【Warma/怒九笑/捏碳】初次参加面试就直接通过的三人！ | 合作短剧 |搞笑,51.8万
7,为吾友雪耻，为吾妹之灵魂得以安息，我要你以死偿命！,107.7万
8,这 TM 才叫 无 缝 衔 接 ！！！,38.4万
9,迦 勒 底 异 闻 录,38.6万
10,希特勒造出「纳粹赛亚人」打赢二战，100万盟军投降，邪恶帝国卷土重来,66.6万
11,车门焊死，谁都别想在02身上白嫖！！,40.1万
12,祖 安 一 家 亲 ????（大结局）,58.4万
13,压抑到极致的瞬间燃爆！！！我拯救了世界 世界却抛弃了我,32.3万
14,強 盗 Mea,22.2万
15,【神经病式配音】谁都是你老婆？！DD斩首！,37.7万
16,被全网封杀的神作！智斗巅峰，至今难以超越！,49.6万
17,建议改成：哲 学♂猫 片,24.2万
18,【沙雕动画】因为，我是医生,20.4万
19,【巅峰之智2】番外：切手指游戏,11.9万
20,【崩坏三】疫情这么严重你还想飙车？？【第二期】,22.4万
21,这tm要是火了 下次穿白丝,32.8万
22,【露肩礼裙天依】温馨的日常~【绫依】,17.6万
23,曾火遍全网的《溯》，你是否还知道？,19.4万
24,今年的22娘杀伤力更强,15.8万
25,【本色出演】津  门  祖  安  出  租  人,26.7万
26,唯 美 至 极！,15.2万
27,【处处吻】你的老婆可太撩了！世界都馋她一吻,26.4万
28,当我笑的那一刻，请自备纸巾！,21.2万
29,看完后，你们就懂日本女生的痛苦了！,35.4万
30,【送别会】Ena Mana【随时都欢迎你们回来哦】,19.7万
31,发现一只雪原上的傻狐狸,24.0万
32,前方高能！只需10s！我将从你手中抢走硬币！,18.8万
33,建议改成：人 类 最 古 猜 谜 存 活,18.9万
34,龙 珠 Z 删 减 片 段,31.2万
35,你有做过哪些人类迷惑行为？？克制不住沙雕的天性！,22.9万
36,前方极度妖媚，你能扛得住几秒……,31.1万
37,【燃爆踩点】10亿少女的白熊老公，到底有多帅！,13.7万
38,耗时8年还原整部&lt;玩具总动员3&gt; 中文字幕,12.1万
39,慎玩！这十道题会让你分不清男女！,20.1万
40,安兹涅槃成神？！overlord史上最惨烈的征服？魔皇vs安兹终结！【骨头故事绘】,19.2万
41,B站观众看视频现状,28.0万
42,祖 安 章 鱼 哥！文盲文打开章鱼哥原地爆炸的一集！【文盲文】,17.7万
43,【粤配】广 东 的 士 (文明出租车）,17.3万
44,真  实  的 空  条  承  太  郎（建议直接跳到44秒，必火）,24.3万
45,开始拔刀，请坐稳扶好！！！第 24 秒后让你投币，全程畅享极致快感！！,14.5万
46,【鬼灭之刃/耗时200小时】月之呼吸发动！上弦一VS风柱，月与风的对决究竟鹿死谁手，决战无限城,17.8万
47,世界欠熏一个奇迹，世界不给，我来给！！！,13.8万
48,【紫罗兰永恒花园】我的少佐，你终于回来啦。,12.4万
49,【明日方舟手书】 女博士的欢乐日常①,14.8万
50,【猫和老鼠】B 站 等 级 现 状,22.0万
51,全世界评分最高动画TOP100！史诗神作！不朽经典！,14.0万
52,【梗百科142】盾傲天？风俗鉴赏？六十岁的正太？最近最好看的新番原来是这个？？？！！,29.4万
53,【沙 雕 配 音】祖 安 蓝 兔,24.2万
54,像这种孙子 爷一共有七个,23.3万
55,群 龙 王 该 做 的 事,16.4万
56,我用超能力在丧尸世界开后宫？刺激剧情根本停不下来！猛男必看！,27.3万
57,【事故】被家人在直播中叫出名字的萌音主播【神楽めあ】,22.3万
58,【猜猜我是谁】与 钉 钉 父 子 对 线,21.0万
59,【明日方舟/手书/群像】罗德岛十大歌手大赛,4.6万
60,祖 安 再 不 斩,22.1万
61,高 洁 的 灰 狼,24.2万
62,歪比歪比，歪比巴卜酱,25.5万
63,【查理九世手书】唐亚的勾指起誓 唐晓翼生贺,6.8万
64,【崩坏3】塑  料  姐  妹,15.7万
65,【火影忍者】仙剑三op打开,10.0万
66,看完之后，你还喜欢富婆吗？,25.4万
67,【Zack X 夏目】当杀人魔遇上治愈系男友,10.7万
68,压抑到极致的瞬间燃爆！！！有光明就必有黑暗！,12.3万
69,【秋田】狗遁 · 影分身拖更之术！【配音漫画#60】,15.7万
70,B站最高画质，无人能撑过三十秒,20.3万
71,【漫画屋】层层博弈！父亲为救家人捏造虚构案件洗清嫌疑，竟意外落入致命危机？MY HOME HERO#2,14.9万
72,【02的爱恋】还记得那个女孩02吗?,17.7万
73,史上最乱后宫动画！男主不和妹子亲吻就会死，亲了就会……,19.3万
74,34.【南方海峡】大古入选胜利队秘闻，TPC成立过往揭秘——《迪迦奥特曼》系列影评第三十四集《直到南方尽头》,15.9万
75,迪 亚 波 罗 受 难,20.8万
76,前方高能！让世界感受这场视觉盛宴吧！,13.6万
77,这TM才叫拔刀! 极致踩点! ! !,14.9万
78,这首歌曾火爆全网，并拯救了无数人脆弱的心灵！,12.1万
79,【明日方舟】虽然很痛，但是会很爽的活性源石地板,18.8万
80,她哭的那个瞬间 全世界都输了,10.5万
81,可能是B站最全的怪盗基德解析视频,9.8万
82,彼岸双生希儿【原创镜头配布】地狱【大神犬PV付】,9.1万
83,海军总部现状,17.2万
84,挑战B站画质极限！你的处理器能跟上吗,11.0万
85,四月新番导视#我TM吹爆！！这么强的四月，确定不来看看吗？,13.6万
86,按头杀第三弹（国漫篇）。惊！！漫画家杰克刚出院又尝试作死！,16.5万
87,【东方】万古生香,5.6万
88,【沙雕动画】你 行 你 上 啊,20.4万
89,Hololive 现 状,12.7万
90,把火影的忍术翻译成中文谐音之后，简直不要太沙雕。,11.5万
91,熊 出 没 删 减 片 段,18.6万
92,前方极度舒适！新海诚×宫崎骏,10.6万
93,艾莉娜今天要干...死迪奥！,17.5万
94,被没收玩偶的拉普兰德,10.3万
95,卡卡西为何单身？木叶网红果然名不虚传！,16.7万
96,超爽龙傲天动画，男主有九个老婆！看完后我酸了！,14.0万
97,奇怪的知识增加了！,19.9万
98,【脑洞/误解】龙  凤  相  遇,9.0万
99,【童年动漫男神】猴哥的绯闻女友甜爆了,18.8万
100,防  止  老  年  痴  呆 ！,11.2万
101,看的我热血沸腾，看完你可能要重新认识喜羊羊,23.8万
102,“我见众生皆无意，唯遇你动了情”,14.9万
103,【喜羊羊与灰太狼/踩点/燃爆】青草生长之处，羊亦生生不息,22.9万
104,这样的喜羊羊与灰太狼 我愿称之为 王者归来,26.1万
105,【魁拔Ⅳ之梅零落】大 电  影 预 热,17.0万
106,点进来的那一刻你币没了/墨香三部曲燃向混剪,7.0万
107,恋爱启蒙老师？国产古装宫廷动画《甜心格格》你站哪对cp？,14.8万
108,当MC遇到《三体》，这部9.9分的动画才是改编作品应有的态度和样子！,10.9万
109,火  影  忍  羊,12.1万
110,【仙王的日常生活】第11集 王令三杀影流之主,19.7万
111,【中国神话宇宙 02】姜子牙之前，九尾顺天认命！生而为妖便是罪过？！,9.8万
112,细致分析仙王OP！王令实力暴露？细节太多了！【仙王的日常生活】,15.3万
113,掌声有请章北海先生谈谈对《三体》大战的看法,8.9万
114,剑在人在，装逼妙哉，骚气解说仙王的日常生活【文言文讲国创 # 09】,12.7万
115,硬核法律解读！《仙王》抄袭《齐木楠雄》了吗？【小荟说法】,9.7万
116,灰太狼：我颠覆了整个世界，只为换你一次回眸,6.4万
117,【中国配音演员】都是怪物系列之张杰篇，带你全面了解男神张杰！,7.1万
118,up主苦练气功居然可以以气驭剪,11.1万
119,《尸兄》炎黄的英雄—鬼棍!最全的炎黄特能队大总结（共六队）,6.6万
120,你们最期待的一部战斗番。,5.9万
121,说国漫幼稚的，估计是没看过他们,5.1万
122,【非人哉动画】当你的告白得到回应,8.7万
123,十道题让你怀疑你从没看过《喜羊羊与灰太狼》！,6.9万
124,【喜羊羊跨时空救兵】全程高虐！愿这瞬间永恒！你就是我最美的期待！当机械羊有了心，当灰太狼再次见到黑太狼，当慢羊羊遇到了花羊羊，当喜羊羊遇到了爸爸，当......,3.9万
125,小 鸡 岛 现 状,7.2万
126,我承认玄机其实是个模特公司了。好看的女孩子果然令人心情愉悦,7.3万
127,骆闻舟怼各位原耽男主：二哈和他的白猫师尊墨燃，破云严峫，迪奥先生张臣扉，awm祁醉，缉凶西北荒房灵枢,3.3万
128,修仙什么的算个p！让你看看什么叫最高战力！挑战10s内抢走你的硬币！,7.8万
129,【188男团】渣男之间的嘴炮battle//团长邵群vs副团长宋居寒,3.9万
130,被女主强行双修,8.0万
131,“喜见你眉秀似山，眼拥星霜”,3.4万
132,【伍六七】自从宅家躲疫情，整个人都精神了！,6.6万
133,【仙王的日常生活第十集】千钧一发！女主拯救世界！！！,7.9万
134,国漫认真起来能有多NB？！,3.9万
135,曾经独一无二的国漫黑马！如今却遭万人唾弃？评分4.8的背后到底发生了什么?,7.4万
136,唉，隐藏的面壁者的生活，就是这么朴实无华且枯燥,6.3万
137,「魁拔IV最后的魁拔」2020，不见不散。,4.7万
138,死 神 喜 羊 羊,4.9万
139,【清风】风云3第70期 刀剑赌局,4.2万
140,【原耽】让我们一起重温那些名场面,2.4万
141,【扶茶】教把《默读》写进作文,1.5万
142,章北海：让 我 先 跑,4.6万
143,【处处对象】原耽情话版处处吻填词翻唱,1.3万
144,【狼羊抖肩舞完整版】 ”这一次，我可以抖更久！”每日亿遍抖起来！wow~,2.9万
145,精良国漫仙王只有7.2分？涉嫌抄袭？抱歉，这次我站动画方，浅谈仙王动画问题（视频不谈论小说问题）,4.7万
146,【188家主团/手书】蛊惑,1.8万
147,[非人哉]九烈锁死，9块结婚证我出了,4.6万
148,【吹灭小山河】【唯美cg混剪】这些女人的美貌是真实存在的吗！！！,2.3万
149,从没被禁播！你基本上不知道的关于喜羊羊的40件事(辟谣+趣闻),2.8万
150,日语版「何以歌」来了，KOKIA演唱ヾ(@^▽^@)ノ,2.1万
151,《伍六七》还是被低估了，我来告诉你第二季有多厉害【滑稽漫谈第15期】,2.4万
152,中华小子踩点《下山》MV,3.0万
153,七年后凌宇轩还是这么帅，童年还是这么美好！,3.3万
154,一人之下3：来了来了！,4.8万
155,一人之下的封神之章 · 陈朵篇想表达的是什么？,2.1万
156,我在皇宫当巨巨 第1话 本小姐誓要进宫,4.8万
157,【罗小黑】师父是这个世界上最好的人!（完整版）,1.5万
158,火  影  忍  羊  疾  风  传,2.9万
159,南宫问天有几个老婆？,3.6万
160,【仙王的日常生活】第十话¤老司机战斗力太强,4.3万
161,一月最找骂国漫！？男主开局实力逆天！校花倒贴！酸死我了【仙王的日常生活】,4.1万
162,用《鬼灭之刃》打开《喜羊羊与灰太狼》瞬间燃爆！喜羊羊与灰太狼超然系列第二弹！,2.6万
163,【国漫现状】镇魂街惨遭滑铁卢！国漫缺的不仅是钱，国漫的问题究竟在哪儿？,2.2万
164,被央视停播的奇怪动画，是无数人的童年【00后的童年回忆#5】,2.9万
165,《非人哉》56集 官方太猛了居然画了九月怀孕的模样 还和哮天生了娃,3.7万
166,【国漫|古风|烟雨行舟】国漫，真的很美,1.7万
167,尽我毕生之力，踩最狠的点，燃就完事了【凹凸世界/全员/踩点/燃向/转场】,1.4万
168,【伍六七】 沙雕动画 反 转!  猜 猜 我 是 谁？,2.2万
169,这样的魁拔，预定一百万播放！,2.5万
170,【awm绝地求生】【伪装学渣】【杀破狼】吹妻狂魔茶话会特邀嘉宾：祁醉，贺朝，长庚,1.3万
171,谁说国漫没神曲？第一弹,2.2万
172,【刺客伍六七|台词混剪|泪目】用五分钟带你重温伍六七里那些触及人心的角色台词,1.5万
173,高能！国漫中的十大经典台词,2.2万
174,【王妃•比比东】去TM的唐三，老子要加入武魂殿！投敌（手动滑稽）！【千寻疾x比比东】,2.7万
175,【刺客伍六七/瞬间爆炸/高燃混剪】戴上耳机！！享受这场视觉盛宴！！,1.5万
176,【魁拔IV】魁拔归来,2.8万
177,【99西游记】动画版西游记悟空暗藏的感情线(#^.^#),2.4万
178,【刺客伍六七】当时有多少人看完之后哭了。,2.1万
179,这部国漫操作太神了！美少女裙下竟藏有秘密武器，超好看国漫推荐。,2.6万
180,【杀破狼广播剧】顾帅花式骂人100句·完整版！,9203
181,今日之盛世，如您所愿,1.8万
182,被央视点名批评封杀的“国漫神作”，下架整改后剧情崩塌没有了往日的精彩,2.6万
183,国内漫画家最惨的时代【国漫啥情况02】,1.4万
184,仙王的日常生活 第10集：孙蓉大战老司机！王令竟在一旁观战？,2.7万
185,慎入！前方极度妩媚！这些女人竟该死的甜美！！！,1.2万
186,《一人之下》陈朵篇41集，冯宝宝遇地行仙，让人哭笑不得！,2.4万
187,这大概就是外国人不懂的中国美了！,1.8万
188,【国风漫中的江湖气】“凭此拳此剑  可开天门？——”,9711
189,【国漫/美女混剪】一曲千年泪，一赏天外仙！,1.5万
190,强 吻 鹤 熙,1.9万
191,罗辑的千层套路,1.1万
192,建议改成:不看后悔一时，看了后悔下半辈子,1.5万
193,王令:继续白嫖吧！,2.2万
194,回顾2019你新娶的几位老婆,1.7万
195,愣着干啥，进来白嫖啊！,1.5万
196,仙王的日常生活：这 TM 才叫 洗脑循环！,2.1万
197,【处处吻】 一吻便颠倒众生 进来白嫖啊！,1.2万
198,你特么管这叫国漫崛起！？,1.9万
199,【秦时明月女子全员群像】江山如画不及你惊鸿一面,1.2万
200,继仙王的日常后，又一部玩梗的有趣国漫【妖精种植手册】国产异世界超好看！,2.0万
201,病 名 为 钉 钉钉钉钉钉钉...（钉钉音效与人声完美契合电音 无限循环 疯狂洗脑）,144.0万
202,《野草》：我把16篇鲁迅写成了一首歌,60.9万
203,【祖娅纳惜】 囍 【这什么灵魂唢呐！！】,72.7万
204,「Starfall」——《崩坏3》印象曲（演唱者：袁娅维）,77.0万
205,处 处 删 （注意！脖子以下不可描述！）,67.4万
206,【官方回播】Bilibili Macro Link-Visual Release 2019,43.8万
207,关于抑郁 沉于海底,30.4万
208,【 唱 首 歌 】我 钉 起 来 真 好 听,73.4万
209,当 前 老 师 网 课 现 状,30.5万
210,【洛天依原创】阿弥陀佛头摇摇【PV付】,20.1万
211,【Manta】【买它】被刘柏辛翻牌的完整版来了！！二创《manta》挑战！,42.0万
212,【WNS中字】  200228 BTS(防弹少年团) ' ON ' Offcial MV,29.9万
213,此钉一出，非死即伤（我真的不想上网课了！！）,45.0万
214,[日本人原调唱歌] &quot;unravel&quot; 东京食尸鬼OP by Mugitaro/麦太郎,25.0万
215,「Tough Love 严厉的爱」（后妈茶话会）The Villains Lair 恶棍巢穴(Ep.2)【PattyCake】,16.7万
216,最强自夸王！！！！！,34.0万
217,【西瓜JUN】原创《每一片落叶都知你名姓》---勇敢地向前走吧！,13.9万
218,两步教你改掉用喉咙唱歌的习惯！到底什么是正确科学的发声？,15.5万
219,处 处 零,19.4万
220,当年“血洗”英语课堂的歌曲，太熟悉了，全都是回忆啊！,18.8万
221,让粉丝只押韵接歌词，做出了一首要素过多的歌！,15.6万
222,【处处吻】用69本原耽小说的名字给处处吻填词！,9.8万
223,【Animenz】在旅途中 - 狼与香辛料  OP 钢琴版,11.9万
224,白銀 - Eve MV,7.4万
225,处     处     盗,21.7万
226,治愈系日文版《好想爱这个世界啊》翻唱 「华晨宇」,12.2万
227,【架子鼓】超A的《处处吻》架子鼓solo翻奏|好吧……努力在A了(›´ω`‹ ),29.7万
228,被日本人填词翻唱后这歌在日本火了|钉钉在线求饶,22.3万
229,开演唱会不用自己唱的辣个男人——《Last Dance》 捂住双眼准备好一起穿越（2060p+无损音轨重制）,24.4万
230,歌手硬钢主办方！拒绝假唱现场叫停，导播慌了：快挪开镜头！,33.9万
231,【五维介质・星尘/苍穹/诗岸】首张官方专辑『丛林法则Jungle Rules』试听PV,9.0万
232, 【古筝】千本樱——你可见过如此凶残的练习曲,15.3万
233,【博君一肖】《都怪博肖太甜啦》（填词自售楼小姐）用一首歌告诉你我为什么磕bjyx！,5.7万
234,【MV】人生逆転の神業／After the Rain【そらる×まふまふ】,4.6万
235,韩红老师什么都能碰上 笑死人,20.1万
236,下次一定?《处处吻》改编古风版，你没听过的船新版本！,8.3万
237,【狐歌】初音未来的消失【B限】,9.3万
238,伍佰：老子24年前写的歌，莫名其妙一夜之间爆红？成了洗脑神曲？,26.4万
239,冯提莫2019重庆演唱会，哈哈现场粉丝笑死我了！,28.3万
240,【188男团】最后是你（水千丞原著/原创同人群像攻组出道曲/妙影轻音阁出品）,9.5万
241,葛东琪 - 囍（Chinese Wedding）【动态歌词Lyrics】高清无损音质,10.7万
242,【 五 星 分 期 ，下 次 一 钉 】,13.1万
243,恭喜防弹少年团获得新曲首一位！200228打歌舞台合集+防弹少年团一位受赏,18.6万
244,B站就你敢这样弹《处处吻》前方高能，钢琴裁缝又叒叕来了！,10.1万
245,【钢琴】《Warriors》战士-英雄联盟S4 &amp; 2020赛季CG主题曲,15.0万
246,【处处骚】地狱空荡荡 祁醉在人间丨处处吻填词翻唱,7.1万
247,耗时63小时！up主投稿以来最用心的一首电音作品，好听到哭！,6.6万
248,【神楽七奈】心做し,8.4万
249,大碗宽面 中日双语版【花园Serena×早稻叽】,8.1万
250,【高能填词】一首歌描述你们的app,8.6万
251,粤语0级《处处吻》打开方式，超A御姐音普通话版,12.0万
252,伍佰:到头来我只是个领唱的,18.1万
253,【全职】《处处神》用75个荣耀ID名字翻填处处吻,5.7万
254,当 周 杰 伦 对 决 林 俊 杰 【二人金曲串烧翻唱】,7.9万
255,【BTS 防弹少年团】《ON》回归超清打歌舞台最初公开！|  200227 M COUNTDOWN 最初公开,11.0万
256,太平志长留！这首由《将军令》改编的抗疫MV令人泪目,11.5万
257,【小花】在家里人眼中，你会弹的钢琴曲在他们眼里到底有多难？,13.8万
258,每天一遍 防止抑郁 KOKOBOP东北话直译翻唱 你以为K姥爷在线开车实际上是在大保健,5.6万
259,高中生炫技疯狂版《卡农》曾经有多苦现在就有多酷！,16.3万
260,那些被抖音毁掉（用烂）的BGM，听说你喜欢的歌在抖音火了！！！,13.3万
261,【暴打钉钉】中 门 对 狙,8.8万
262,著名的《致艾德琳的诗》（又译为《水边的阿狄丽娜》，1999年版）,6.6万
263,【吉他教学】《海绵宝宝》初学者上手必备！,5.7万
264,【 处 处 磕 】——当你磕上一对CP，万水千山皆为爱情,6.3万
265,【洛少爷】白鸽与风铃草,4.1万
266,《Manta》 刘柏辛 MV 倾家荡产小工作室巨制！赛博朋克复制人（标题是工作室想出来的,11.0万
267,华晨宇写给抑郁症的歌《好想爱这个世界啊》官方视频出炉,9.4万
268,祖     安     女     团,9.6万
269,老被叫陈坤是什么感受？演唱会跳《舞娘》？我们问了坤哥本人！【音乐叨哔叨】,16.1万
270,握 着 我 的 抱 枕,11.7万
271,Lady Gaga新单《Stupid Love》MV首播,14.6万
272,兄弟们 你也想有这样的“好朋友”吗,14.0万
273,【 钉 钉 莫 慌 ，五 星 奉 上 】,10.6万
274,【钉钉】钉 宝 岛,10.5万
275,【搞笑翻唱2.0】当你因为周深唱得太轻松而误以为这首歌很好唱【周深唱歌vs我唱歌】,12.2万
276,the real suger baby已知最高画质,10.3万
277,广播剧《魔道祖师》日语版 · 主题曲「この歌に誓おう」,3.9万
278,曾被誉为神级的指弹吉它曲《卡农》Canon，你还没学会吗？附教学视频  By 「王坚吉他」,6.3万
279,疫情期间 中央音乐学院民乐系同学在干啥,10.7万
280,【恶贯满盈】零 零 后 的 思 想 世 界。,4.6万
281,【封茗囧菌】无关宇宙,4.5万
282,【粉  圈  产  出       在  线  求  饶】,8.9万
283,【官方MV】那个男人来了！霉霉Taylor Swift新单《The Man》官方MV中英字幕超清首播！,9.6万
284,全网最清晰迈克尔杰克逊Michael Jackson1995年MTV现场Dangerous经典机械舞危险舞蹈高清修复版太空步侧滑步mj珍贵视频,6.8万
285,【初中生翻唱】好想爱这个世界啊.Cover:华晨宇,9.4万
286,Last Dance 伍佰现场版 想见你插曲,10.5万
287,【经典】周杰伦MV 【185P】,8.8万
288,如何通过打磨音色，让声音更好听？,5.2万
289,疯人院&amp;好想爱这个世界啊（现场版）- 华晨宇,8.3万
290,I U 李知恩演唱《宝贝》现场   甜到犯规 猛男必看,7.3万
291,00后原创歌曲 耗费3个月5千元 追一个喜欢的陌生人,6.4万
292,燃爆现场 老织演唱《鬼灭之刃》OP最燃神曲《紅蓮華》~【LiSA现场激情演唱的动漫歌曲】,7.9万
293,我 是 坏 女 人,7.1万
294,【EXO】五辑黑马歌曲《绿洲/Oasis》官方蓝光现场,2.9万
295,法国女歌手Pomme在节目中弹唱《千与千寻》主题曲《永远常在》……,7.1万
296,【Eminem】全站最硬核还原姆爷I Need A Doctor格莱美现场【翻唱/硬核】,6.9万
297,【吉他教学】一套价值几千元的乐理直播实录（持续更新中...）新手必学/吉他自学/吉他入门/吉他新手/吉他教程/零基础,1.7万
298,京 都 蒸 気 少 女,7.4万
299,【warma/CB】我家里有蜘蛛！！！【原创曲】,8.1万
300,日语版《撒野》听哭了！在你眼中撒野【O2O男团/LINK】,4.3万
301,猛   男   打   气   舞,96.8万
302,【醋醋】这就是二次元广场舞吗，真香！彩虹节拍【bdf2020】,85.3万
303,【猫饼】德芙版丝滑换装♡thumbs up,56.9万
304,【猫大人】GlassBead甜度爆表的童颜萌妹,26.7万
305,【猛男版】新 宝 岛,38.7万
306,【又疯一个】影 流 之 妹,64.9万
307,【师叔酱w】被刷了3年对A要不起…那就套5件bra蹦迪吧！Thumb Up,41.9万
308,【小巫】慵懒御姐风！偷穿你衬衫在楼道表白❤I LOVE YOU-EXID-,20.4万
309,【Aliga】猫宫日向❤️Dance Robot Dance❤️内有幼猫跳机器人舞（才怪！,22.2万
310,「银河酱」初三女生的书记舞之联欢会现场版！！,27.1万
311,鞠婧祎最棒！,24.4万
312,萌新入驻( ̀⌄ ́) 篮球赛中场啦啦操hot issue,25.0万
313,【克莱米】高中女孩家中蹦迪Thumbs Up✨实力翻跳竖屏,12.3万
314,【月月☾】Excuse Me【打扰一下，可爱在性感面前不值一提★】,15.1万
315,【晓丹】甜美邻家妹妹翻跳-IZONE-Fiesta,17.5万
316,【WNS中字】200225 [CHOREOGRAPHY 练习室] BTS (防弹少年团) ‘ON’ Dance Practice,16.3万
317,舞  法  天  女,16.6万
318,【芸喵】彩虹节拍♬BDF2020♬拍拍手赶走一切风雨阴霾【波澜映像】,9.2万
319,【查理蹦蹦】女团舞蹈的另类演绎,16.5万
320,IZONE最新回归曲FIESTA练习室公开,12.8万
321,【小仙若】Thumbs Up❤愿意跟这样的姐姐一起蹦迪吗？,17.4万
322,俄罗斯哥萨克踢腿舞部分教程,8.8万
323,美丽芭蕾天鹅臂【字幕版】+周六野斜方肌,8.5万
324,【77】小鹿乱撞❤想做你女朋友、想和你约会,8.5万
325,【猛男舞团】新宝岛remix 宴 请 八 方【BML2019广州单品】,10.7万
326,【时代少年团】 Cover - Red Velvet &lt; Psycho &gt;,9.7万
327,【爱丽丝】恋爱的条件 ♡  Love Options ✧ 100朵玫瑰、钻石项链和戒指 ✧˖°,7.0万
328,【蛋蛋鸭】蛋蛋宅舞系列第二稿《书记舞》你们的plmm来啦～,7.8万
329,【红杉】【不穿鞋白丝初体验】【创造101】选我选我我超甜！！！,8.5万
330,如果你妈妈想当艺人~而你......,13.7万
331,【阿叶君】帅气上线We Don't Talk Anymore,5.3万
332,【巫小萤】CALL ME CALL ME  体操服,7.6万
333,【书记舞】十四岁少女宅舞初投稿,9.5万
334,叹为观止！两位初中校草练习室合作翻跳草马经典 Trouble Maker！,6.0万
335,泳池“热”舞❤️I'm So Hot【小米粥】,5.2万
336,【泡面】thumbs up-MOMOLAND(･a･)拍拍拍,5.3万
337,【海豹粥×喵桃】Love Potion♥点击收获两只猫女仆~,4.4万
338,【小金鱼】星期一的忧郁,4.1万
339,【猛男/新宝岛】现场原版舞蹈,10.5万
340,减肥也要听BTS！ 坚持每天15分钟BTS有氧减肥健身操 让你瘦成一道闪电(So What/Boy With Luv/Dionysus/DOPE),5.0万
341,全b站最性感senorita，阿伟进来受死！！,8.5万
342,【目子】我还是没舍得烧这双高跟鞋。。☆Thumbs Up☆,7.8万
343,BLACKPINK  练习室舞蹈 合集 已更！,7.2万
344,【诺蕊】零基础开肩&amp;开胸腰☆提升气质＋保护大腰~一起来练呀,2.5万
345,【兔总裁】☀彩虹节拍☀这一刻就是我的舞台~【BDF2020】,7.0万
346,【麻衣】Thumbs Up 少女宅家第N天被逼疯客厅蹦迪,4.9万
347,【微小微】希望下一个2.29我还在全世界跳舞????,5.3万
348,怎么练习跳舞的感觉，先从基础律动开始,2.8万
349,再也忍不住了！在家换装蹦迪！☆Thumbs Up☆,6.7万
350,咬人猫私藏稿！妈妈，为什么这只猫会魔法？awsl,6.4万
351,【咬人猫】今天不做饭！在厨房跳！Thumbs Up！,7.9万
352,☀️海边起舞☀️你完蛋了，我超A的！【伢伢】【Dun Dun】【韩舞翻跳】,6.7万
353,Sexy！小腰精！宫脇咲良练习室直拍！,7.2万
354,眼镜娘♥初尝试-记得要给我Thumbs up哟~【零子酱】^0^,2.4万
355,【阿羊】thumbs up★竖屏.ver,3.0万
356,【大文豪】BTS-ON 一人成团/三胞胎上线 ｜ 完整版暴毙翻跳 防弹少年团,2.8万
357,无聊产物AOA《短裙》翻跳,4.6万
358,【小兔几】白金DISCO 还有人听这首歌么？ 小圆脸扭呀扭～,3.0万
359,【呜哝x奶果】彩虹节拍♬模仿雨刷的姿态（BDF2020）,5.6万
360,【十元酱】thumbs up-momoland清纯学妹在线蹦迪（竖版）,3.0万
361,【中英双语】美丽芭蕾大腿内侧＋外侧燃脂塑形,3.0万
362,【德云社】我不允许还有一些lnm没看过德云社的男团舞,5.2万
363,高跟蹦迪-Thumbs Up!-3秒钟让你心动/超还原性感翻跳【伽玛酱】,4.0万
364,【莉莉子】李孝利 Hey Mr.Big,3.6万
365,BOY STORY泽宇 - MAMAMOO《HIP》翻跳,3.1万
366,【孙子团】戴口罩排练防弹少年团ON是如何一种体验？,5.2万
367,宅男宅女看到都疯了 ！【欣小萌】,6.9万
368,【芽芽郁】肉腿果然不适合光腿 不要忘记我-girl’s day 竖屏 这首歌超好听！,5.3万
369,我可以“复活”你的舞蹈，却无法复活你,4.4万
370,【王老吉】-天台蹦迪-竖屏[LALALAY],2.7万
371,【姚琛舞蹈】《Fast(Explicit)》-编舞练习室,4.1万
372,16岁初中生在家闲不住了翻跳泫雅babe,5.6万
373,【Sinar酱】Come see me-AOA丝滑换装♥性感翻跳,5.3万
374,【小伊妍】是你的理想型老师吗？超甜老师在线耍酷 冬日激情hip 周年作！,2.8万
375,【JYP基本舞步】完整版来了！！！快开始跟跳吧,1.3万
376,【BLACKPINK】减肥/学舞前后Whistle翻跳对比｜真实无滤镜,5.6万
377,【极乐净土】别人家的超性感物理老师！【青岛实高】,5.1万
378,【舞蹈教学】宅家胖十斤？来跟韩国小姐姐学女团舞吧,2.6万
379,ALiEN舞室 | NIKI - Indigo | Lunahyun Choreography(编舞),2.4万
380,【完结！非常详细的mamamoo-hip镜面舞蹈教学】零基础适用的舞蹈教程,2.0万
381,上海芭蕾舞团芭蕾大师公开课,3.9万
382,你从未见过这么骚的Trouble Maker,3.3万
383,【舞蹈教学】超级详细的保姆版kill this love | 姐妹们一起葬爱啊,2.3万
384,极致的身材，三倍的快乐,2.7万
385,【Wan倩】甜甜甜！！！今天也是爱你的一天Loving U 翻跳,2.8万
386,【刘宇】《青花瓷》舞蹈 练习室版,2.8万
387,找遍全网的高清【赵露思嘉年华球操视频】，这样的你们爱了吗,3.8万
388,超大基数且无基础小姐姐学习半个月翻跳❤️寄明月｜跳完这个舞就要去减肥了！！,4.0万
389,【JOJO黑帮摇】视频教学，一起成为秧歌star吧！,1.7万
390,【希希】Senorita穿衬衫的小老虎,3.2万
391,【卿斗酱】桃源恋歌❤️我爱你(⁎⁍̴̛ᴗ⁍̴̛⁎)不胖几斤怎么叫过年？,1.4万
392,【1M】Tina Boo 编舞《bad guy》,2.7万
393,【舞蹈练习合集】健身不枯燥 | 适合不开心在家里乱跳发泄的舞蹈 | 持续更新 （MYLEE Dance）,1.8万
394,【脆姬】恋爱告急-成为up的第五天我投了第二稿！投稿告急！谁不想要甜甜的恋爱呢？,3.6万
395,2019出道的中国男团威神V、Unine、R1SE ，在舞台上做出了平凡人做不出来的高难度动作？！,4.2万
396,【徐珺大哥】Fiesta-IZ*ONE 热成文艺复兴,2.7万
397,【MTY舞蹈室】BTS - ON【舞蹈翻跳】,1.9万
398,这双人舞甜到我满地找牙！Sean&amp;Kaycee深情演绎编舞False Confidence 官方版+饭拍版+花絮,2.7万
399,性感编舞碧昂丝：美丽伤人《Pretty hurts》Beyonce【单色舞蹈】,3.7万
400,【铃XIII】竖屏shake it❤在家蹦迪的肉感女孩,3.3万
401,好 兄 弟,135.4万
402,【老E】比宇宙还要古老的存在！行星一样大的安康鱼！,123.5万
403,【师 生 对 线】这网课上得就尼玛离谱！（第二集）,128.5万
404,弓箭高手老番茄,400.4万
405,见识下什么叫TMD绿茶婊！,188.7万
406,普    通    木    门,89.5万
407,这宇航员我TM不当了！,130.3万
408,【C菌】世界上最难受的游戏，你能坚持几秒？,44.3万
409,这TM才叫 拆 蛋 专 家,174.3万
410,【中国网游史】《赛尔号》的悲剧与无奈，童年回忆为何总是充满争议,79.9万
411,《明日方舟》携手WWF联合公益活动「万类共生」宣传PV,84.0万
412,您TM是女娲投胎？,101.4万
413,我看到大厅里有人喊掉分！于是我加了好友把他带飞了！他气死了哈哈哈！！【水水的奇妙冒险】第一集,61.4万
414,埼玉：我TM教你打拳【水无月菌】,74.0万
415,我就是GMOD里捉迷藏的王！你们的青春回来了！,64.9万
416,徐老师来巡山254：气急败坏石头人，一头撞死在路上,132.5万
417,【仙声】第74期：医 学 奇 迹,100.4万
418,地表最强“物理黑客”在线超度!!！【WATCHDOGS-II 最骚黑客】,62.7万
419,WWF携手《明日方舟》联合公益纪录片「万类共生」——保护雪豹与长江江豚,37.2万
420,【Minecraft】这 转 场 就 T M 离 谱！,18.8万
421,在诅咒之屋被恐怖怪兽支配！最恐怖的童年阴影游戏,44.6万
422,【明日方舟 全员1级】6-16（附文字解说）,27.9万
423,ADC：孙哥我火啦！   （物理及魔法）,44.8万
424,这TM才叫幽灵！！！,78.7万
425,【王者荣耀】癫疯赛乱不乱，我吉吉国王说了算,78.6万
426,这是它喵是史上最难的战略游戏！！,61.2万
427,史上最“变态”反人类游戏(“一命”通关流程),31.4万
428,【Minecraft】在MC里还原《你的名字》场景建筑,21.0万
429,【主播真会玩】180：笑笑经典后撤步绝杀 余小C传送神级理解,71.3万
430,【允星河】这TM才是神仙打架,59.7万
431,【余小C】读刷礼物粉丝iD合集♂一个敢送♀一个敢念,41.8万
432,B站最详细抽卡机制揭密！游戏氪金的背后，是一个个精心设计的程序；既然是程序，则必然有迹可循,18.7万
433,【散人】逍遥铁板 终成眷侣（完结）,23.0万
434,因为这个游戏！修电脑的师傅来我家20次了！,33.6万
435,《抽烟模拟器》玩过没？？,52.9万
436,《崩坏3》3.8版本「拂晓荣光」宣传PV 幽兰黛尔登场,47.7万
437,【手残联萌】一玩这个都变3岁了丨GMOD 捉迷藏联机,28.4万
438,隔着屏幕你都能感受到的绝望,43.7万
439,【互动游戏】赢了任你白嫖，输了把币留下,39.5万
440,《植物大战僵尸》你绝对不可能知道的6个技巧,57.8万
441,我家的丽塔说：生日这天她不想当女仆啦！,24.3万
442,恶魂：我真的只是穿模了,25.3万
443,我的世界:一个物品栏极限生存！你能活多久？,48.3万
444,完整版！当十个大仙玩同一局王者，许久未闻的喧闹,19.8万
445,【逗鱼时刻】第240期 王师傅与夜吹的化妆教室,56.2万
446,【STN快报第四季28】对马岛之鬼最新演示缩水严重，索尼退出pax的真实原因找到了！,25.9万
447,网易犯过最大的错误就是给了我TNT,31.9万
448,【互动游戏】剧情超治愈！小绵羊闯进了你的生活,19.4万
449,【辅助版处处吻】仿佛看到了自己，太真实了,22.0万
450,【游戏鬼周刊】LOL手游啥时候上线 游戏版号严审谁最着急,28.2万
451,梅 开 三 度,31.4万
452,我可能永远体会不到斗地主真正的快乐了,32.4万
453,【CSGO】 《 处 处 挂 》（CSGO填词《处处吻》）,18.7万
454,【平衡球世界纪录】【Speedrun官方认证】Ballance Level1-12 Any%（Glitchless) in 34:37.70 by：变形的木球,23.6万
455,【罗汉鬼套路】新版日炎最骚用法 小太阳流龙龟,21.6万
456,我的世界单人生存2800天游览,15.1万
457,假如十个LOL瓶子开黑会怎样,33.9万
458,Minecraft 超爽Der【当火箭队】抢夺别人の宝可梦 !! 大师球【直接收服】!! 爆笑Pokémon大富翁 !! 全字幕,28.6万
459,大乔小乔姐妹皮肤【白蛇传】来了！大乔白素贞仙炸了！小青可爱！,44.6万
460,鬼：这TM是人干的事儿？？,38.6万
461,钓    鱼    执    法,40.0万
462,都 说 A D 像 条 狗，我 选 E Z 还 出 肉！我不做 ADC啦！【文 盲 文】,39.3万
463,【暴走大事件】全球S1总决赛,35.3万
464,【方员雕常结局】完结声明+新作预告,19.2万
465,牛逼到去世的服务器！人类究竟有多肝？,25.4万
466,植物大战僵尸3:能玩但是没有灵魂,38.1万
467,我的世界:爆肝三个月还原环太平洋所有机甲,22.6万
468,LOL隐藏至臻字体教程：聊天可用，给好友整点新花样,22.6万
469,睽违已久的锈湖，《白门》——与老陆,16.0万
470,【萌新小白必看】任天堂switch入坑指南  常见问题 NS新手指导！购买建议以及相关教程,9.1万
471,主播炸了超神篇308：快乐之王化身最强开团型工具人一波团灭对手,39.3万
472,你永远也得不到的队友,24.5万
473,绝 活 三 打 七,36.4万
474,随便玩个元气骑士,21.0万
475,【奇葩游戏】今天我就是要弄瞎你们所有人的眼！！！,30.3万
476,【讽刺向配音】孔   乙   歌,16.6万
477,王者荣耀900分巅峰赛诸神演员之战,30.0万
478,CF越南服：乾隆和葫芦娃对狙失败，被从三轮车上射了下来,36.2万
479,这TM才叫做菜!,27.7万
480,神之手速！攻速4.09的uzi疯狂走A看傻青蛙！,37.4万
481,腕  豪  小  套  路,32.3万
482,食物语首部半周年国风动画PV,9.5万
483,小伙为了抽金色玛莎，充了10次648，结果竟然？,21.5万
484,开挂的人！你们满意了吗？国人玩家快成全球公敌,25.5万
485,王者荣耀后羿现状,30.1万
486,丢人！塔科夫外挂泛滥，数万国外玩家请求封锁中国玩家！,25.8万
487,A D C 现 状,33.9万
488,疫情互助会,23.9万
489,【B站三废】史上最吊车尾玩家，笑到窒息肚子抽筋（1）,24.2万
490,LOL版本弃子史诗加强 用膝盖就能混分的套路[有点骚东西],19.9万
491,【超级小桀】库巴是爷们就跟我正面刚！,27.8万
492,林小北云顶之弈26：原创极地分裂神！新版极地T0超强套路！,17.7万
493,慎入！前方极度妩媚 那些你惹不起的战斗天使 穿上高跟鞋攻击力翻倍！,19.7万
494,花果山TV【EP0】灵 魂 画 家,7.1万
495,【空白】女友给你戴绿帽怎么办（完结）,22.4万
496,【瞎β操作】李哥变李总 各赛区大杂烩vol.3,28.9万
497,PDD直播爆出兄弟会之剑，拿了就跑路，团长直接找GM客服举报,31.2万
498,【CSGO】我要在你的头上拉屎 #012,20.5万
499,【该细还得细】FGO国服《紫式部与七册咒本》情人节四期攻略,16.5万
500,2008年奥比岛一周年历史回忆录,15.8万
501,深层次解析日韩开卷考为何不及格，日韩的难言之隐（思密达没了）,99.2万
502,面对疫情日本为何消极？中国真的太NB了,174.2万
503,撕逼剧透全滚粗！百万粉up主教你提升弹幕质量的秘诀！,95.6万
504,称霸了6亿年 ，才发现自己忘了长脑子【龙女动物学07】刺胞动物门,110.4万
505,【半佛】减肥产品是如何骗你钱的？,90.5万
506,计算机仿真模拟疫情期间开学可能的后果,72.5万
507,【懂点儿啥32】韩国最大的“疫情”，就是他们的邪教,107.9万
508,腾讯加持B站股权，B站又双叒叕变味了？【膨胀说】,74.4万
509,人类身上到底有多少洞？,103.9万
510,医学博士：为什么智商只有69，却可以背诵9000本书？ I 如何提高记忆力？,54.1万
511,史上最昂贵实验：中国不复工，世界经济会崩吗？硬核数字告诉你,76.2万
512,【回形针PaperClip】为什么你还买不到口罩？,65.3万
513,爸妈看了立马给你买iPad｜iPad原来这样做笔记！｜你不知道的网课小技巧｜如何炼成学习型iPad,24.7万
514,前方绝对高能，小瓶子测试背后的心理逻辑【人的行为真有趣】,55.1万
515,钟南山院士年轻时究竟长啥样？学术界顶流们教你什么叫颜值与实力齐飞！,66.0万
516,4000万人用不起卫生巾，你信吗？,41.4万
517,【睡前消息82】美国童子军协会被性侵案告到破产？老传统了……,60.4万
518,【科学八卦史】他以一人之力碾压全球科学家，让资本沦为自己的提款机，却被千夫所指,41.9万
519,消费主义陷阱智商税到底是啥？做个测试吧,23.5万
520,【粪坑案】名场面！强暴我？劳资给你一砖！,32.8万
521,钟南山的儿子用爱马仕？看完他的履历，你会发现人家真的有实力！,51.6万
522,韩国史上头号变态杀人魔柳永哲，一年内连杀19人，专挑富人和按摩女郎下手，电影《追击者》原型,33.8万
523,特朗普：美国正考虑采取部分中国防疫措施,53.7万
524,谷歌地图意外拍到的大型翻车事件！,34.6万
525,【才浅制作】手工是有极限的 除非超越手工 善逸雷刃极致还原,16.2万
526,【精听挑战】3个月内将听力提升n个level（合集）,7.1万
527,《We Are All Fighters》全网首支抗肺炎英文励志演讲视频震撼发布！,12.1万
528,2019年法考-刑法系统强化课程-罗翔-厚大法考,8.0万
529,武汉软件损害学生财产？请别用疫情“绑架”学生。,16.7万
530,为什么你语音中的声音会这么“难听”？【戏精学.1】,17.1万
531,B站最贵开箱 888万的劳斯莱斯我裂开了,24.8万
532,人类历史上的十大天灾，有五个发生在中国？这是一场属于勇士们的赞歌！,29.9万
533,安倍下令：日本中小学停课！日本网友看到消息后，在网上炸锅了！,33.8万
534,特朗普：美国考虑部分采取中国防疫措施,31.5万
535,【基德】日本这次被各国打脸，来，看看背后的博弈,22.3万
536,韩国部队的纪律：吃饭不准低头吃,30.9万
537,【评头论足】等等党的胜利？万代 PG 完美强袭 高达模型介绍,16.8万
538,【B站最全单词合集】初中、高中、四级、六级、考研、专四、专八、GRE、托福、雅思的单词视频做完了,4.2万
539,金灿荣：新冠疫情对全球格局带来了哪些影响？2020.2.27直播回放（上集）,22.5万
540,为什么在鸡面前画条直线，鸡会晕？,25.2万
541,医学VS病毒，一波瘟疫回到解放前？人类的反击！【万物的故事17】,11.1万
542,人体器官名称，了解一下！,19.3万
543,NASA立扫帚挑战：地球引力真的会变化吗？,22.3万
544,“你不配做我妈妈”，陆配子女口出狂言，蔡英文当局“仇中”酿惨剧,28.0万
545,特朗普惊讶美国每年69000人死于流感：我震惊了,28.7万
546,油管网友：中国人都是天使吗？！,20.6万
547,感染者七天暴增15倍，韩国疫情为何如此“一枝独秀”？,24.4万
548,史诗级宫斗大戏，清扬手撕海飞丝！联合利华vs宝洁品牌对决，洗发水风云七十年（下）-消费战争03-IC实验室出品,17.1万
549,回顾九年前热议的人人网神帖，清华学生40分钟推理出明星住址，涉及地图定位、逻辑推理。,20.0万
550,油管300000万的播放量！！！做人一定要坚持,8.5万
551,B站获点赞最多的UP主排行【点赞量总榜#2】,24.8万
552,这不是淫秽物品，这是四六级复习材料,19.1万
553,开箱全球限量五台帕加尼imola！价值500万美金的艺术品！！,20.1万
554,懂这个道理，保证让你快速自律起来！拯救拖延症，更好的戒掉不良习惯,6.1万
555,【何同学】每天只看半小时手机，坚持一周后我有哪些变化？,11.1万
556,【收藏、科普】地铁2033 逃离塔科夫 里的AI2药盒里面装的是啥？up带你来看看苏联民防AI2药盒,11.9万
557,硬 盒 建 模…会员购纸箱反手就是一个场景，世界第一公主殿下场景制作,10.3万
558,【学生禁入】抄 作 业 技 巧,7.7万
559,美媒派记者“潜伏”中国“夸夸群”，结果不能自拔...,20.4万
560,辽宁发现龙尸体，数千人目击，骨骸保存在学校做标本【捕月说59期】,18.3万
561,震惊！这种大公鸡竟然是保护动物！,18.7万
562,【巫师】疫情对经济的影响：专题报告【巫师经济学03】,14.6万
563,没用的螺丝不要扔，可以用来做爱神之箭送给女朋友,11.2万
564,【深度分析】病毒与奥运会，日本国运的十字路口,14.4万
565,为什么李佳琦/李子柒比初代网红更火？网红经济15年简史丨市场观察系列,11.4万
566,口语晨读01,3.8万
567,【150集完】这可能是B站最卧槽的英语学习视频！！双语解说 英语口语 外教课 地道口语表达 幽默风趣,6.0万
568,【探奇录】讲述香港许金山毒杀妻女案！香港电视剧都不敢这么拍！过程离奇曲折！,15.8万
569,10个良心网站分享，素材下载无版权，自媒体影视后期多宝叔的私藏,2.9万
570,《山海经》不是神话，很可能是人类丢失了12万年的那一个时代,18.0万
571,【韩语】这可能是B站最全的韩语课程！！！沪江网校韩语入门至TOPIK高级班，适用于韩语能力考试TOPIK6级，教材：延世韩国语1-6册(包含延世韩语发音入门课),2.2万
572,“世界欠你们一份情”世卫组织对中国的评价让翻译哽咽…,19.0万
573,【干货】一小时上手达芬奇剪辑！第3.5集：代理文件的生成,5.8万
574,俄罗斯特种部队在叙利亚作战画面曝光 精准打击敌人,16.6万
575,世上有几人能活到这短片结束？,7.5万
576,新冠病毒的自我修养：如何统治全人类,6.2万
577,执行死刑为何大快人心？恶贯满盈的孙小果究竟多可怕？【普法三分钟】,13.7万
578,高中数学-高一-高二-高三【高考数学专题复习】-【高考数学一轮复习】-【基础篇+提高篇】-【高中数学必修专题复习】-【高中数学选修专题复习】-高一数学-高二数学,8.6万
579,Pr教程全57集,4.4万
580,【英音】为什么你的英语听起来没“那味儿”？？因为。。。|英式英语|郭老师|英国口音|BBC|伦敦音|英语学习|英语口语|发音|口罩,10.4万
581,【鬼灭之刃】跟着鬼灭之刃一起学日语  (更新至9P）,4.0万
582,手动挡绝对不能做的五件事！,10.6万
583,看小黄书会被处罚吗,14.3万
584,[小甲鱼]零基础入门学习Python,7.7万
585,[Pr教程]0基础急速上手视频制作！UP主必备！,5.8万
586,【纪录100天】我和女朋友用了100天改造的旧厂房,11.8万
587,【Photoshop 教程】史上最容易听懂的PS入门基础教程（更新完毕：多的是你不知道的事）,6.0万
588,【日语课程】标日初级精讲BY萌萌哒葉子先生（叶子老师完整课程及后续中高级课程请看详情介绍）,6.6万
589,【科技袁人LITE】美国总试图卡中国脖子，这回却在发动机上让步了？,11.5万
590,你没看错，这不是科幻大片！,16.8万
591,父爱如山，女儿被继父残忍杀害，父亲用30年为女儿复仇，真实事件,10.5万
592,韩国集会民众：我连死都不怕 还怕新冠病毒？,15.3万
593,【公开课】耶鲁大学：哲学-死亡,2.8万
594,恐怖的现实版僵尸！感染上万动物，却被人类培养成生化武器抵御害虫？！,10.8万
595,「精选英音」牛津辩论社Kanye is More Relevant Than Shakespeare  | Matthew Cook | Part 1,5.4万
596,【日语入门初级】-五十音图-最好的梦子老师课程1-17全集,5.7万
597,俄罗斯食人族夫妻，因为遗失手机，才在18年后被警方逮捕,14.8万
598,以色列灭蚊神器，激光制导精准打击，蚊子一打一个准,14.2万
599,苹果不创新了？【DannyData第7集】,8.2万
600,【萨维奇制造】熟肉！亚当萨维奇带你打造钢铁侠战衣,8.0万
601,"这十个软件,让你的电脑舒适度提升1400%",116.3万
602,【何同学】二十万元的电脑是什么样子的？苹果Mac Pro深度体验,340.4万
603,「科技美学直播」售价9999元的三星S20 Ultra颜值多能打？对比八大友商,53.4万
604,【短的发布会】60W 无线快充！vivo APEX 2020有钱做技术没钱开发布会？,49.1万
605,1000元买这台备用机，亏吗？_红米Note8pro【值不值得买第417期】,38.6万
606,2020年初电脑配件和配置单推荐,10.0万
607,钉子户的接班人——小米10 Pro 深度体验（纯主观 不客观）「木羽体验报告」,18.0万
608,前方高能！升降按键强势来袭,39.9万
609,干货！20个配置清单，1000~2.2W元电脑配置推荐。AMD intel NVIDIA,12.1万
610,【猿】长篇大论2020年初CPU该怎么选？,23.0万
611,APEX上手视频,26.2万
612,激战 iPhone 王自如快速体验三星 S20 系列,23.9万
613,「大米评测」到底Pro在哪里？小米10Pro vs 小米10 体验评测（对比Mate30Pro）,17.9万
614,李佳琦一台一台抽奖最最新三星Galaxy Z Flip，戳断屏幕也得不到的折叠屏,26.0万
615,「小白测评」未发已死 绝版魅族Zero体验,22.6万
616,十款真无线耳机横评，哪个值得买？,10.4万
617,【华为P40pro】真机上手视频，屏下摄像头，全面屏，后置五摄，真香,23.4万
618,【装机教程】这可能是你能在网上找到最详细的装机教程,4.1万
619,【小米10详细拆解】一款非常“适合”维修的旗舰手机（内附主板测量参数）,14.3万
620,【鱼头哥】用了 Switch，我才知道，原来花钱真的可以买到幸福,17.0万
621,【别眨眼】手绘动画带你回顾小米10周年全部手机—一个米粉的用爱发电,7.3万
622,【时代玩家】这货上来就把手机扔水里了 三星S20+深度体验,12.5万
623,宅家还得做视频？NVIDIA RTX Studio认证电脑上手体验,15.7万
624,[MIUI主题]新主题预告！极度舒适！KrisLee的 小米主题 Zero,12.2万
625,【小白开箱】外国最火山寨机？国产iPhone竟成为爆款！,13.4万
626,iPad怎么选购？！看完你一定知道哪款适合你：）,7.5万
627,「花生説」高端梦？醒醒 在路上【小米10/10Pro/小米6使用报告（完整版）】,10.2万
628,AMD各CPU玩游戏有什么区别？RX580和5700xt差多少？2020年3A平台主流CPU显卡大盘点！,8.1万
629,小姐姐们！别被三星Z Flip折叠屏的颜值骗了！,15.2万
630,你见过三防平板电脑吗，我不止见过，还被它坑了一把,14.2万
631,超好用的3个手机拍摄技巧！让你在家也能拍大片,4.5万
632,闲鱼捡来的的iWatch4开箱评测！！！,7.0万
633,【建 议 看 完】淘宝整机到底差在哪？我被其他平台卖掉的经历,8.7万
634,世界上第一个收到Mix Alpha的男人，美国人对中国黑科技的评价是怎样的？？【振宁中字】,14.0万
635,这应该是目前最好的屏幕了吧,14.0万
636,vivo APEX 2020正式发布！无孔手机、屏下镜头、连续光学变焦、超级无线闪充……,13.3万
637,【笔吧简评】OLED屏全能本，机械革命 Umi Air 简评,11.5万
638,iQOO 3上手体验：祖安人的第一台865手机？,11.8万
639,来试试最强手机桌面吧——klwp主题《Edge UI》,7.7万
640,英特尔10代酷睿主板曝光：规格普通，毫无亮点,10.3万
641,【摄影入门01】用珍珠奶茶理解光圈快门ISO，5分钟学会摄影曝光基础,2.5万
642,考研党的15种iPad使用方法分享｜秒变生产力的宝藏app,4.6万
643,谢谢！我怎么就没想到！,11.6万
644,【B站最良心】19年大学生笔记本选购全攻略！15分钟从小白到大神，高考生福利！,4.7万
645,iPhone 9，它来了！,11.9万
646,跳楼清仓大甩卖！16核16线程的CPU只要100元！那来做一个视频工作站用来学习吧！,8.7万
647,千万别给小白装机！,8.0万
648,【MKBHD中字】小米 MIX Alpha 环绕屏手机 :“真”上手评测 『 全球首发 』,8.4万
649,高清？超清？别给我玩文字游戏，我来给你科普,4.5万
650,iQOO产品经理挺漂亮的啊，表示全程看脸忘了听她讲的啥了,9.3万
651,「E场发布会」iQOO 3：雷军看完当场翻了个跟头,8.4万
652,【大家测】“嗡嗡嗡”的前生今世，苹果当初为何做线性马达,8.4万
653,"Mac Pro 30天后, 我后悔买了吗 ?（价值5万美元的技术）【Justin Tse】",8.8万
654,【官方双语】 22款键盘轴大比拼  最终胜出的是……#linus谈科技,6.6万
655,《瓦斯说》05：华为的鸿蒙系统是怎么回事 没事干别瞎沸腾！,5.1万
656,[Gawx]重制一个iPad，给老爸惊喜,6.1万
657,【双语】小米MIX Alpha一日体验 探索未来的概念机 | Mrwhosetheboss,6.3万
658,【4K短片VLOG】迷失台湾 - SonyA7M3搭配24mm F1.4 GM拍摄,3.7万
659,【憨豆名场面】当IQOO3发布之后的小米10,6.8万
660,【SPlusTech】小新Air14 2020评测：真香~,6.8万
661,【小泽】三星Galaxy Z Flip体验 折叠屏是会上瘾的,8.0万
662,她傻，我却最喜欢 — Siri 的优缺点,4.0万
663,三星S20上手，小屏党的福音，轻薄旗舰机真的不多了,7.9万
664,卧槽 Galaxy Z Flip还能这么玩！,7.6万
665,PC处理器现状,6.8万
666,全球首发小米MIX Alpha开箱测评：转自MKBHD,6.8万
667,零售版华为Mate X折叠屏大量“摔坏”，销量未知疑似不打算公布,6.9万
668,这是买充电宝送的手机,6.6万
669,一个成熟的装机员往往崩溃只在一瞬间 盘点让装机员崩溃的十个瞬间,5.0万
670,大佬们为啥不用鲁大师？常用硬件工具科普【萌新进阶必备】,2.1万
671,8500亿！华为突然宣布，小米这次输得太彻底,6.9万
672,最值得买的折叠屏？！三星Galaxy Z Flip开箱+体验【东凯】,6.0万
673,台湾灯会800架无人机展演 不明讯号干扰掉48架,6.5万
674,女生到底有多不会用电脑？联想拯救者Y7000一个多月使用感受+干货推荐,5.9万
675,【测评】小新Air14 MX350版——7nm锐龙到来前5000元价位性价比最高的全能轻薄本,5.5万
676,【中字】油管知名科技博主评测小米MIX Alpha概念机,4.8万
677,华为mate x在1米7左右掉落测试结果出乎意料（机器翻译）,5.4万
678,万能曲线，你也能完美掌控曲线！B站迄今为止，最为完整的曲线知识分享！,1.3万
679,一入小米深似海，69元买的小米10保护壳，终于被雷军打入了老年生活,5.9万
680,"别想并夕夕的千元机啦！500元不到开核神机带你流畅吃鸡？最近配件价格上涨啦,垃圾都不好捡了。",3.7万
681,小米10破解HDR高清+90Hz，安卓最强处理器能否Hold住？,5.7万
682,如何跑满你家带宽--尽量做到不浪费一丝一毫,4.5万
683,如何用最小的体积装一台性能最好最快乐的宿舍神机？,4.0万
684,小米 10 的 P2i 是什么级别？手机防水标准科普,5.0万
685,MIUI11最新内测桌面 非线性过渡动画和iOS媲美 非常舒服！,4.8万
686,四千多入手Galaxy book flex这性价比无敌，世界第一款QLED显示屏。,5.0万
687,给你一个这样的电竞书房你能宅多久？,4.4万
688,【初见】三星Galaxy S20 Ultra上手简评：108MP，全局120Hz,4.8万
689,【影视飓风】性价比最高的万元视频机？富士X-T4上手体验,3.9万
690,华为:荣耀闭嘴！小心麒麟不给你用了！,5.0万
691,来看看Windows7有360安全卫士和没有的开机速度区别,5.0万
692,一些实用且堪称神器的PS插件,8085
693,华为机海战术来袭，P40 Pro真机照曝光，这是“药丸屏”还是“要完屏”,4.9万
694,地狱级追焦-索尼a6400  眼部追焦✖️猛男新宝岛,4.5万
695,帮粉丝装的  800元吃鸡主机,3.8万
696,《真的用用》第70期：仅1399！超级轻薄的二合一笔记本！联想YOGA book 1,4.0万
697,Huawei P40 Lite真机上手！鸟语听不懂没关系，但是机子是真的看清楚了！,4.6万
698,垃圾堆捡的女生自用手机修好没想到是真的女生自用！,4.2万
699,【VMOD】一个企业和你谈民族的时候，他就要开始缺德了——海康威视C2000系列评测,2.9万
700,游戏手机能奇葩到什么地步？想玩游戏还要解密？,3.4万
701,分享烹饪3580元一位的顶级日料中最好吃的一道菜！包教包会！,222.7万
702,挑战三块黄油一口气吃完！除了油腻剩下的就是想呕吐了！,301.4万
703,真实叶问本人咏春木人桩演示（全站最清晰胶片版）,258.9万
704,我，老坛胡说，实名diss中国BOY超级大猩猩,214.6万
705,龙吟草莓的妹妹：羊 啸 草 莓,135.5万
706,节选自《 口 技 》,60.6万
707,【党妹】懒人在家煮火锅！再来串甜到心里的冰糖草莓~不出门也能吃到美味！,123.9万
708,珍 贵 录 像 : 慈善三巨头聚首斗地主,132.0万
709,对不起，我真的累了，这次压力打败了我,100.3万
710,害怕！和熊同桌吃早饭，60斤食物，吃完要陪练格斗？！【北极大宝荐06】,167.2万
711,教你骗小手！这个技能我爱了,108.6万
712,女团腿 去头尾 自用,58.5万
713,教大家破解闪照，不用看闪照就知道里面是什么。,126.1万
714,我在3平米的房间住了两年............,156.7万
715,文 艺 复 兴,105.6万
716,五斤鸡胸肉可以做出多少鸡精？小伙花两天时间才做出来这么点,131.8万
717,建议改成：祖 安 萝 莉,95.1万
718,日本绝学！试着做这个动作1秒你的背会发生什么变化....,66.8万
719,我反对祖安风气 你们可以骂我了,85.0万
720,5分钟让你明白BGM的重要性~你见过配乐欺负诗朗诵吗？到底是配乐重要还是诗朗诵重要？侯乐天音乐喜剧之《钢琴不是吹的》—配乐诗朗诵,50.3万
721,“那是我日夜思念，深深爱着的人啊”,78.0万
722,惊艳！！10万粉女装！这是男的！,53.2万
723,日本停课！于是钉钉火到日本！却“惨遭”日本网友。。,120.1万
724,当时我害怕极了，我....哈哈哈哈哈,71.3万
725,我被女朋友捆绑在厕所，公开处刑！,155.5万
726,传说中大腿月瘦13cm的日本瘦腿视频！去背景音 换歌来计时 自用,14.7万
727,父 离 子 散,74.6万
728,主人忘锁零食柜，猫：机会来了......,83.9万
729,【人狗共演】猜 猜 我 是 谁,86.7万
730,肉包子好吃有技巧，调肉馅放调料顺序是关键，个个松软不塌陷,31.1万
731,相亲对象居然是我的粉丝！场面一度尴尬！,147.1万
732,在抖音买的水果真的有视频里那么好吗,208.1万
733,服了日本，在东京告诉你为啥日本的确诊人数涨的慢。日本佛系抗疫下的日常惊悚加无奈加震惊vlog,169.9万
734,【三神定喘】治一个死一百个，三个疗程彻底断气，让你体验升天的感觉,41.5万
735,暗访纽约医院，如果新冠病毒在美国爆发，大家准备好了吗？,123.4万
736,标 准 结 局 ！,95.4万
737,那些说话喜欢夹英文的中国人,92.3万
738,父母反对我做up主！该怎么说服他们？【读评论01】,63.7万
739,华农兄弟：扔了4个地笼到水潭里，第二天带个桶，高兴的去收鱼,148.8万
740,我终于知道你的狗为什么会丢了,89.4万
741,舞蹈学校是这样的？,154.1万
742,周淑怡在B站看自己和药水哥《一路向北》，惊呼woc，这就是原片吧！,94.4万
743,妈见打！绝活！在卫生纸上画148位《英雄联盟》英雄LOL,30.3万
744,正式戒色，第十五天。,198.4万
745,厨师长教你：“懒人烧豆腐”的家常做法，很简单懒人的做法，收藏,90.6万
746,【文 综 的 千 层 套 路】,26.7万
747,撸大猫,93.7万
748,吃 虾 大 户,75.7万
749,熟 练 的 让 人 心 疼,94.3万
750,【运动版朱一旦】居家健身运动，愣着干嘛，进来交作业！,105.0万
751,精神小伙用电饭煲做广式煲仔饭，没想到味道这么好！,81.7万
752,我的照片被挂在了黄网,87.4万
753,这还得排队？,66.8万
754,【海绵宝宝】B 站 等 级 现 状,40.1万
755,【雀爷】应该是最全的了...花138小时整理了麦当劳所有隐藏菜单！,33.7万
756,外国女孩曝光在中国的洋垃圾的所作所为p2,41.1万
757,孩子要出道了，《被 迫 营 业》MV正式首发！！,28.3万
758,【神经病式配音】猜 猜 我 是 谁？,42.0万
759,如果你抓住柯基的后腿，会发生什么呢,112.5万
760,【超旷古级沙雕新闻】请充分热身！不迷惑嘴给你打歪！,51.3万
761,饺子就酒越喝越有，四斤猪肉做一顿野菜饺子，大sao陪老爸喝过瘾,100.5万
762,自制KFC肯德基炸鸡翅，鲜嫩多汁，酥脆外皮的关键,21.6万
763,这小孩有大富大贵之相,53.0万
764,一个要卖100元的牛排+泡面神仙组合！竟然是小当家超神还原料理！,55.2万
765,人  生  百  态,60.4万
766,整蛊哥哥，用20个闹钟叫他起床，哥哥：吵死我了！,52.3万
767,上网课时，老师与卢本伟的对话                         笑抽了 O(∩_∩)O哈哈~,68.4万
768,粉丝向女友举报，up主以视频为借口偷偷用VR看片！这一年我都经历了什么！,50.5万
769,【声优接到诈骗电话】哈哈哈哈真的好好玩！！！,48.9万
770,B 站 现 状,52.0万
771,睡  美  人,57.4万
772,终于骗到手了！！！,101.4万
773,卢本伟名场面合集,35.7万
774,地狱空荡荡 魔鬼在人间,25.0万
775,外国小哥体验了一天月经之后，决定给湖北的医护人员捐卫生巾和安心裤,31.0万
776,【主播真会玩女神篇】92：刘飞儿画飞大赛如约而至，小缘泠鸢虚空合唱梦幻共演,60.7万
777,【猫和老鼠】 b 站 等 级 现 状,40.6万
778,影   流   之   主,57.1万
779,经 典 复 刻,50.7万
780,三个笔画写会衡水体！一看就会（独家秘籍勿外传）,19.6万
781,【徐大Sao】MV 平凡的一天,43.9万
782,【大司马×岳云鹏】跨服报菜名,30.5万
783,打造“女团腿” 解决小腿肚 韩国超人气运动博主拉伸小腿运动 超级有效！每天跟我一起十分钟吧！瘦腿100%见效！,24.2万
784,搞笑一批。。。。,58.8万
785,哈哈哈哈哈哈标准网恋结局没错,88.1万
786,【学英语】北大学姐的高效背单词法！不看亏大了！1小时竟能背100多个？,16.2万
787,伏特加和水的区别,56.6万
788,【犬科踩点混剪|捕猎集锦|燃向】天性如此/Natural（野生狗片混剪）,14.8万
789,空 条 承 太 郎,50.1万
790,方舱最皮患者被&quot;抓&quot;了,63.2万
791,事实证明，无论妹妹多么可爱动人，在哥哥眼里都像个弱智！,82.5万
792,上节目给日本观众解说新冠肺炎情况！【绅士一分钟】,55.5万
793,驻 日 美 军,83.4万
794,韩国外长称，中国隔离，过当，中方这是对每个人负责。,81.6万
795,[中文字幕]如何安慰你的朋友,28.8万
796,网友发现自己的邻居每天在家无聊跟狗打架，还换了很多不同的武器,53.5万
797,B站7000w播放能赚多少钱？兑现承诺，一次用完！,34.3万
798,只有男人之间才有的默契,30.4万
799,27日，已经放弃中国国籍的明星，不再允许使用中国护照,84.2万
800,为了十块钱差点被吓死，值得吗,76.1万
801,【郭老师】华 农 捕 郭,93.8万
802,赌 怪（完整版）,43.7万
803,【经典老番】我一路向北，离开有怡的季节,62.7万
804,【处处吻】物理版 进来挑战一下,41.5万
805,诸  神  黄  昏！前方有毒！慎点！,44.6万
806,情 之 书,29.1万
807,【老八】八  顿  上  将,43.2万
808,祖 安 公 寓,43.6万
809,你 钉 起 来 真 好 听,36.1万
810,鬼  畜  区  现  状,38.8万
811,呕 ！！！,24.4万
812,【PPAP】五  五  开  五,22.4万
813,8848阴阳怪气手机,19.3万
814,【多明星】异度侵入 高燃警告！,13.7万
815,【蔡徐坤】仙剑鸡侠传,22.1万
816,老公你快说句话呀,35.2万
817,【吾王侍奉AWSL】人参赢家：没时间解释了，被吾王贴心服侍究竟是怎样的体验！,19.0万
818,郭老师 梅西 相遇球场！,26.0万
819,多谢款♂待,15.4万
820,Fantastic 撤 硕,23.3万
821,【派大星的独白】一个关于正常人的故事,17.0万
822,【春晚鬼畜】赵本山：我就是念诗之王！【改革春风吹满地】,27.9万
823,【家有儿女】家有骚话！车速一百八 骚话骚到家,21.1万
824,【猫和老鼠】JOJO黄金之风处刑曲,21.8万
825,我们，鬼畜区，向冠状病毒宣战！,15.2万
826,B   站    鬼   畜   区   现   状,23.1万
827,【钉钉CEO】不会鬼畜CEO的员工不是好UP主,22.2万
828,【嘴臭公寓】真人CS 完整版 全明星阵容,16.0万
829,【抗肺炎】村长硬核广播trap《贱》,14.8万
830,【华农兄弟】清明雨上,13.7万
831,咏春——符问（我要打十个）,14.5万
832,我不信这么高♂雅的作品破不了100播放量？！,21.6万
833,【 千 本 JO 】,6.3万
834,【处处吻】高等数学,13.9万
835,【丞相司徒】处处吻,11.1万
836,【周淑怡rap】巴 黎 剩 母,17.2万
837,处处钉（处处吻）,16.2万
838,【建议改成】使 命 召 唤 1 6,12.0万
839,【马云】我想去见她（官方鬼畜出道作）,17.2万
840,【拳皇】大 仙 vs 郭老师,17.9万
841,【川普】处处吻,13.4万
842,【郭老师鬼畜】集美们来学成语啦,13.2万
843,【全明星Rap】黑喂狗！,13.8万
844,每天一遍，身强体健,16.5万
845,油管上一个亿的特朗普的鬼畜，xswl。,14.7万
846,【东方】欲望煤气灶,6.0万
847,【纪和】 横竖撇点折,9.0万
848,天 皇 买 瓜,12.7万
849,撤 硕er 的 秘 密,11.0万
850,【pv还原】卢本伟的奇妙冒险 不灭钻石,9.4万
851,【超高能rap】胡 言 乱 语 人 民 叫 师,11.3万
852,郭  卡  不  列,12.4万
853,午  夜  凶  钉,14.0万
854,鸡  翔  三  饱,9.6万
855,【全明星】Gee-过气时代,9.6万
856,【五五开】穷开挂,12.9万
857,【ppap】歪  比  歪  比,14.1万
858,【明日方舟】哒↗哒↘哒↗哒↘哒↗,12.8万
859,B 站 鬼 畜 史,8.5万
860,【面筋哥×波澜哥】我的烤面筋，融化你的心！,11.6万
861,【卢本伟】好想爱这个世界啊,10.5万
862,《呐 喊》,11.4万
863,嫖 老 师 不 要 啊 ！,10.4万
864,【循环向】跟着雷总摇起来！Are you OK！,11.4万
865,处处文（吻）——文科学习（鬼畜）资料,7.2万
866,【五五开】 VS 【超级大象】,6.8万
867,【小郭佩奇】污 言 秽 语,8.7万
868,唐 八 虎 点 郭 香,9.0万
869,三个和尚——卢本伟、PDD、旭旭宝宝主演,7.9万
870,【狗妈】狂 妄 之 妈,10.7万
871,【卡兹】awake哈哈哈哈,7.9万
872,【小猪佩奇】当佩琪开始玩mc,8.2万
873,【经典老番】抗日奇侠,12.2万
874,【经典老番】国产凌凌茄（完整版）,6.9万
875,【一般发情夏色祭】专     注     轻     祭     枪,10.4万
876,【华农兄弟】华农少年王（火力少年王）,9.4万
877,【卢本伟】处处吻 千万填词在线催泪！,9.5万
878,主播真会玩鬼畜篇01：我是全英雄联盟最骚的骚猪!,10.1万
879,好  学  生  卢  本  伟,10.0万
880,【带感守望】对  王  先  锋,5.6万
881,【李云龙】他 娘 不 列,6.0万
882,《古 惑 仔》八 在 江 湖,8.1万
883,【广告RAP】把广告词串在一起会发生什么？,6.0万
884,【全明星】火红的萨日朗,8.7万
885,【 联 通 柠 檬 精 】 钉 钉 你 干 嘛,9.2万
886,猜 猜 我 吃 的 啥,8.1万
887,还  猪  郭  郭,7.3万
888,【全明星】处处吻 史上最骚版本！,5.4万
889,老八《see you again》,9.1万
890,对 子 之 王 流 萤,4.0万
891,八  出  没,7.7万
892,【中英双语鬼畜】银角大王恋爱循环,5.5万
893,全世界都在学我老八,6.8万
894,【枪声音乐】Time Back（这卡点绝了！）,4.8万
895,【全明星rap】野狼disco 最骚版本,7.0万
896,【芦苇公寓5】第五集 苇大の约会,7.0万
897,【CSGO大茄子】白 给 话（中国话）,6.1万
898,祖 安 妙 妙 屋,5.6万
899,撤 硕 摇,7.6万
900,【徐大虾】轮到徐大虾来教你念古诗了,5.9万
901,10分钟改善斜方肌粗大、溜肩圆肩富贵包、背厚、肩颈背疼痛、高低肩！【周六野Zoey】,61.6万
902,康复专家手把手教学，「石原里美」式下颌线！（P2完整跟练）,26.7万
903,【更新1p，告别蝴蝶袖】美丽芭蕾 天鹅臂 累断手,67.4万
904,简单高效学生党瘦胳膊运动｜每天8分钟，亲测一周见效！去拜拜肉，消副乳｜无器械，无需场地，站着做瘦手臂操！,22.2万
905,瘦腿课表（美丽芭蕾外侧+内侧+第三套+第四套+美丽芭蕾拉伸）,49.1万
906,在床上就可以做的20分钟特快瘦大腿操  2星期内明显见效【Coffee林芊妤】,43.2万
907,每天使用健身环锻炼身体，持续一周，会有什么改变吗？,77.9万
908,一百万人被骗？怒扒南极人这个不要脸的牌子！,90.0万
909,惊！你绝对不知道女生的化妆间到底多恐怖！,37.6万
910,在床上就可以做的7分钟腹肌训练,21.4万
911,黑头10分钟内消失方法！韩国欧尼的秘方！,19.6万
912,周六野减斜方肌【去除讲话，补充遗漏动作 】,27.9万
913,300块走路跑步又轻又弹没对手？软弹直逼态极，重量却轻一半！丨Z说球鞋,43.9万
914,【中字】Ballet Beautiful 美丽芭蕾第三套  瘦腿提臀,25.9万
915,【lo娘医护】穿上lo裙是公主，披上白衣是战士,41.0万
916,【挑战】疫情期间材料短缺做特效化妆——茜茜的志怪系列创意妆【色厉内荏的魉】,21.6万
917,最干货的小腿外翻粗壮解决方案,13.3万
918,造型合集｜这么帅当然是女孩子！,42.7万
919,【每 天 一 遍 ，肥 肉 再 见】8分钟无器械燃脂训练,11.4万
920,消除双下巴！养成侧颜杀！三步懒人瘦脸法没手也能瘦【槿酱】,10.5万
921,10分钟-腹肌锻炼//在30天获得平坦的小腹,12.9万
922,【中字】美丽芭蕾 狂瘦上半身合集 1.天鹅臂瘦肩膀 2.瘦手臂后侧（甩走蝴蝶袖）3.新娘纤臂（哑铃）,23.5万
923,下交叉综合征（骨盆前倾，小腹突出）最全解决方案,9.4万
924,【表情管理】扬长避短拍照法则 | 面瘫姐妹请进,13.5万
925,经知乎Valen改良版美丽芭蕾天鹅臂+周六野改善斜方肌+海洋饼干消除斜方肌 总用时25分钟 建议顺序: p1 p3 p2  自用收藏 (建议看下简介和评论置顶),6.4万
926,我被500w+博主抄袭！！！盗图直接用作商用 | 气到吐血的美瞳合集分享,28.5万
927,一个动作改善面部歪斜不对称,7.7万
928,日本沙雕瘦脸神器，男子买来给妹子一试，结果。。。,30.8万
929,每天5分钟【30天瘦手臂】一周见效get天鹅臂，带练+讲解帮你告别拜拜肉|消副乳|瘦胳膊|蝴蝶袖,6.2万
930,40分钟尊巴超耗体力，全程高效燃脂，酷到不行，马上学起来！,10.4万
931,国外三折购物不香吗？海淘手拉手教学 包会！,9.9万
932,如果你的卸妆水会说话-美妆界的太妹，卸妆水脾气很大,20.8万
933,【美丽芭蕾】天鹅臂+【长腿姑娘】直角肩+【周六野】斜方肌 合集（全部剪掉首尾，为了自用方便，侵删）,11.7万
934,教父怎么穿衣服？,26.5万
935,【艾琳】最有效七分钟小腿燃脂运动 + 拉伸 | 免费18天在家瘦小腿计划,9.5万
936,【气质美学】少女心满满 白纱 A字裙 泡泡袖 蕾丝,10.3万
937,不整容！科学改善凸嘴下巴后缩 瘦双下巴 告别土气脸，养成侧颜杀,9.5万
938,[Roberta's Gym] 快速减去腿部脂肪 | How To Lose: Legs Fat Fast (Do This Everyday),7.9万
939,23岁又长高了4厘米！174cm女生的长高秘密全部在这里！,14.0万
940,木子的干货之如何拯救秃头&amp;正确洗头方法,22.0万
941,【Coffee林芊妤·合集】瘦手操+瘦腹部+瘦背+美臀+瘦大腿（含拉升、按摩）,8.3万
942,"9分钟全身运动 (无器材,高强度)，增肌减脂，两周见效",6.4万
943,“地狱级别”的全身拉伸，安利,7.7万
944,一日一次！大腿月瘦13cm！躺在床上就能做！,8.1万
945,变身'‘学会这么穿，像“西装暴徒”一样去面试!,19.2万
946,中国校服进化史|你最喜欢哪一件？女神有药回顾系列【谭湘君Jjun】,20.3万
947,【Coffee林芊妤】快速瘦身 - 小蛮腰+人鱼线+腹肌+瘦手臂 ( 加強版 ),6.9万
948,花西子开箱测评让人大跌眼镜!果断拔草!,22.6万
949,消除斜方肌！背越练越薄，还你少女体态！,6.5万
950,【T 台摔倒】后外国模特的反应，跟奚梦瑶形成鲜明对比/反应速度一流,27.3万
951,【自剪】周六野zoey 瘦大腿根 塑型大腿内侧终极版,8.4万
952,心 机 妹 妹 爱 用 物 分 享,17.4万
953,最有效的学生党减脂，每天只要15分钟|48小时持续燃脂,10.3万
954,路障高跟鞋,26.1万
955,斜方肌酸胀 的矫正（逻辑分析以及自我操作）,6.8万
956,【半佛】买不起奢侈品就是穷人吗？不，是聪明人,9.8万
957,化妆师经验总结：你忽略的细节和手法，超实用必备干货化妆必看！| 仙爷,10.6万
958,【1周瘦腿计划表】全腿型，最少能瘦2CM｜假期宅家瘦腿打卡合集！,7.3万
959,韩剧女主角的3种发型 | 性感大波浪·人妻低挽发·甜酷蛋卷头,10.1万
960,超沙雕家庭腹肌训练！骚话JOJO立！——XJBL腹肌训练课程！,9.3万
961,【倒追男神】 我的三段倒追经历 | “渣”女现世？ | 现任听完口吐芬芳,12.9万
962,【酒栗】气到肝痛！难用到吐血的雷品大合集！,19.4万
963,加州落日妆  17岁少女的美妆初投稿,16.2万
964,练着练着裤子练没了,21.5万
965,UP主花60天！复刻一整套《东宫》女主小枫的戏服  累死了,9.6万
966,强肾必练动作，每天5分钟100个相扑深蹲，让你的前列腺越来越好,6.9万
967,让你越来越丑的10个坏习惯！很多人每天都在做…,13.9万
968,外国人吹捧的&quot;中国妆&quot;长啥样？全网爆火！普通人也能画的中国妆，有手就能学,13.0万
969,自制自用中文版女团腿（纯运动版），女团腿动作个人理解,6.7万
970,35家私藏高质量淘宝店铺 ｜ 如何提升衣品风格 ｜高性价比 小众设计感 ｜,5.2万
971,初春 平价旗袍 穿搭安利.,11.7万
972,155小个子甜酷穿搭｜初春日常校园穿搭｜甜美酷女孩的开学搭配｜你最钟意哪一套,11.3万
973,7个属于你的脊柱侧弯的矫正训练【超详细案例分享】,3.7万
974,如果你能这样吃三餐，一个月减8斤，一点都不难,18.1万
975,我是如何治好了烂脸的？,11.3万
976,梨泰院class女主赵伊瑞仿妆，居然可以这么像！片头高能~,10.8万
977,日系搭配｜合照最上镜饰品大合集分享｜圆脸女孩必备,10.8万
978,脊柱侧弯危害大，1招自测脊柱侧弯，2个危机脊柱健康动作要改正,13.2万
979,5分钟打造日常湿发，没洗头的时候还能这样！,14.4万
980,谦虚又傲慢 从容又神秘 | 高级黑色系穿搭,8.9万
981,奇怪的健身动作增加了！,15.0万
982,甩掉大粗腿 躺着也能瘦 | 3个简单的小动作 边玩儿手机边瘦腿 快试试看吧！,4.9万
983,超准分析！五官发型平衡原理 选长发or短发？？？纯干货,10.3万
984,【不良jk妆】校园暴力?审美歧视?校霸本霸教你反霸凌！,10.8万
985,【管管】新人必看！JK制服超全入坑指南！怎么挑选适合自己的JK制服？,6.0万
986,每天100个仰卧起坐能练出腹肌吗，正确答案来了，赶紧动起来吧,9.6万
987,瘦子如何增肌，避免误区，少走弯路，科学增肌,6.1万
988,方脸如何有高级感？发型超级重要｜方脸的发型与气质｜方脸女孩要自信,10.3万
989,【莲】188男团宋居寒仿妆——眉部教程,8.3万
990,美丽芭蕾 系列由易到难【全集】,6.6万
991,【香水简评】传说中的 尸油 棺材板 裹尸布香水 阿蒂仙 冥府之路 L'Artisan Parfumeur Passage d'Enfer,15.1万
992,【Luna】6分钟马甲线运动 教你找到腹部发力 不腰酸不伤颈椎,4.2万
993,病娇风格妆容（图片来网络作者未知）（无道具）,14.6万
994,19岁大二小伙原来是侧背，这次想要改短发，新发型利落有型更百搭,15.7万
995,美丽芭蕾天鹅臂＋周六野斜方肌（去头尾完整版），自用保存,5.5万
996,富婆lo娘的百万衣橱/住别墅的lo娘室友到底有多少小裙子,14.4万
997,适合新手的腹肌训练，每天三个循环，打造完美腹肌。,4.4万
998,【怎么挑选适合你的眼镜？】脸型缺陷可以靠眼镜来修饰？超A镜框分享,10.1万
999,"你们的血书我收到了,我已经尽力了。",12.4万
1000,不够漂亮？练习这个动作，每天坚持一分钟，7天拥有少女脸，初恋脸，滋养面部肌肤,3.7万
1001,【歌手】华晨宇《荒野魂斗罗》，不插电也能嗨就是酷盖！,30.8万
1002,最近在柏林电影节走红的17岁少女塔莉娅·莱德，不光长得水灵声音也好温柔，我被击中了！！,35.7万
1003,【小姐姐们】“综艺界”感动中国颁奖礼！激情盘点那些“亲民”的大大大明星们！,39.5万
1004,【欧阳娜娜VLOG】欧阳娜娜VLOG68 宅在家的一天,39.2万
1005,关谷悠悠摘下面具（PS）,26.3万
1006,【鞠婧祎】你就是馋她的身子，你下贱,23.3万
1007,【声临其境】  声界F4  吴磊  边江  阿杰  夏磊,20.6万
1008,《跟拍到你家》采访到一位夜总会陪酒女，19岁的她在儿童收容所长大，度过了痛苦黑暗的童年，但仍选择将过去化作前进的动力，为实现上大学的梦想而努力！,30.2万
1009,【博君一肖】你在他成名之时慕名而来，凭什么指责那个陪他度过风雨的人,12.9万
1010,【虫哥】《非诚勿扰》十大灭灯霸王盘点！钛合金单身狗是怎样炼成的~（脱单防甩必备良药）,23.8万
1011,火云邪神就这样上当了……你们会不会也像我一样上当？,37.7万
1012,遭遇盗月社魔鬼出题，周洁琼崩溃了：我UP不起来！【UP！大明星】,31.7万
1013,叶问之子叶准师傅教甄子丹咏春拳，黏手,33.3万
1014,《闭关修炼指南》第1期：傅首尔家庭运动会开幕,34.1万
1015,DJ SODA为何短时间成为亚洲第一女DJ：看身材、穿着、吃相你就明白了。是不是你的菜？,29.2万
1016,【BTS 防弹少年团】笑到裂开的ON第一次见吧！防弹的痛楚你知我知！！！,6.7万
1017,盘点明星揭穿节目组黑幕，把观众当“傻子”,22.5万
1018,【WNS中字】200226 BTS防弹少年团 拼车卡拉OK Carpool Karaoke @The late late show,13.1万
1019,崔雪莉的56种发型-【全收录】,12.3万
1020,《Top Gear》尼泊尔特辑：城市车最险道路挑战赛！,28.2万
1021,非正式卧谈预告：3月6日起，每周五晚20:00连线畅聊,24.9万
1022,【博君一肖】蒸煮的cpn比我还严重~怎么办！急！在线等！,7.1万
1023,【处 处 馋 | 朱一龙】别怂，承认了吧！你就是馋他馋他馋他！（处处吻绝美翻唱，百万填词，200秒心动暴击！）,4.0万
1024,【彭于晏直播间隔空拥抱前线护士】约定平安归来，一起看电影！,20.6万
1025,【刘亦菲】在？进来白嫖了，能坚持20秒算我输【处处吻】,10.1万
1026,台湾节目追溯新冠病毒源头：中国不是源发地,15.0万
1027,《快乐大本营》青春有你2练习生cover BLACKPINK,21.7万
1028,【博君一肖】复原后震撼到我了,8.1万
1029,【崔娃】美联航禁止乘客观看成人影片,17.3万
1030,【博君一肖】终于听清楚生日那天发的语音了，耳朵都要聋了,15.0万
1031,哈哈哈真的笑喷刘亦菲坦白自己的择偶标准（宁配吗？）憨仙实锤了！,17.5万
1032,【博君一肖/陈情令续】等到黑夜翻面之后，会是新的白昼,5.8万
1033,Running Man最大一次播放事故,19.3万
1034,肯定不止我一个人馋美嘉姐身子！,15.1万
1035,成果的正义演讲,11.7万
1036,贾玲版《甄嬛传》，真的是从头笑到尾,17.5万
1037,为什么博君一肖总被黑？为什么zb总是盯着博君一肖不放？,8.5万
1038,虞书欣当面吐槽孔雪儿 太敢说,17.2万
1039,刘亦菲用央视镜头照镜子 好好好好好看！！！,13.5万
1040,【周深】迷惑行为大赏 知名偶像歌手在线睡觉,13.5万
1041,【熟肉】崔娃吐槽美国要靠彭斯把病毒无聊死,14.8万
1042,张雨剑:他妈的 我笑疯了 疫情过去 我又要过气了 唉！ 哈哈哈哈笑死我了神神叨叨,14.2万
1043,【肖战】知乎《三十三》旁白／肖战,5.1万
1044,【阿米尔汗】首发：面对疫情，米叔有话对中国朋友们说...,10.6万
1045,【博君一肖】新花絮！！甜死了磕瘟了！鹅是亲爹！颧骨升天！！,4.8万
1046,为什么连沈腾家的网都那么好笑，像一幅油画的沈老师,15.0万
1047,【博君一肖】鹅爹/果妈/番茄 粉头子们的茶话会,5.1万
1048,李健，是那个抽到第二个出场时会说二是质数里第一位的那个男人吗,7.0万
1049,这是我在《声临其境》的片段，感谢湖南卫视，感谢声临栏目组，感谢大家的喜欢，微博：孟小西my。,12.1万
1050,[崔娃单口] 讽刺西方媒体爱搞歧视和双标,10.2万
1051,【王晰&amp;金宴竹】200227 势界给晰哥和竹子姐在济州岛补拍的婚纱大片,9.7万
1052,大家好我是小沈阳，今天开始入驻B站啦！（内附彩蛋）,7.5万
1053,【青春有你2】青2训练生们的快本首舞台 来看看大家的业务能力,14.4万
1054,【周深】《歌手·当打之年》第4期 预告：周深演绎别样《无问》,11.5万
1055,王嘉尔面对韩国翻译直怼我是中国人，能听懂汉语！,12.8万
1056,【战地 | 热销】【心动的信号】第三季（已完结）,6.6万
1057,【肖战】这个Vlog现在已经看不到了，留个纪念,3.1万
1058,声临其境2.29-韩雪为王者荣耀多个英雄配音，精准拿捏每一个英雄声音特点，简直听不够！！！,13.1万
1059,只会4536251？华晨宇当众考核。韩红:别骗人了，音乐需要真诚,11.9万
1060,【传承者】91岁叶准打咏春拳 曝父亲叶问徒手打败枪手,12.0万
1061,【博君一肖】我说了让你不管我吗,5.3万
1062,【歌手当打之年】华晨宇《荒野魂斗罗》音乐人Reaction | 论吉他到底有多少种用法,8.1万
1063,【Coincidence】请问你找哪个ZYL？含云次方/巍澜,6.1万
1064,【王一博】【安利/成长向】天天系列→吾家有啵初长成,2.5万
1065,我是肖骁，第一次来B站，请多多关照【闭关修炼指南】,10.8万
1066,【防弹少年团】用百岁山广告的方式打开《ON》||穿越时空只为了喝水？水中贵族·百岁山（Feat.BTS）,3.8万
1067,【任嘉伦】就没有我隔壁邻居国超哥不能唠的嗑 还越唠越起劲 | 「超」会「扯」 | 快乐大本营0229预告/删减片段 | 一下夫妇 | 六元一斤虾 | 锦衣之下,11.4万
1068,【进阶版 | 周深接电话】点击收看周星星在线怼人！,5.3万
1069,【王一博】190507植村秀品牌活动 哥哥真的巨帅！！！,4.9万
1070,陈情令国风（南京）演唱会|超清完整版|整个就一阿令夏日回忆录,3.4万
1071,【保护欲爆棚】教科书式&quot;楚楚可人&quot;.....,7.7万
1072,【博君一肖/互动】六道题让你怀疑自己是不是真爱！有被惊讶到！,6.3万
1073,【朱一龙】朱一龙2020原创生贺应援曲—《全世界最好的你啊》,2.4万
1074,【周海媚】怪不得金庸愿意为她改结局,8.2万
1075,【快乐大本营|预告】孔雪儿秀舞技！长腿细腰超瞩目,11.1万
1076,怪咖小孩华晨宇上线，真的超可爱。左立：他就是最光芒万丈的那一个。同届的快男兄弟们都是一块成长的过程，友谊万岁#华晨宇荒野魂斗罗#,6.8万
1077,震撼！刘耀文朱志鑫-屠夫养成系大跳《trouble maker》，国组05line性感风也能驾驭？？？,5.5万
1078,【青春有你2】虞书欣睡觉打呼噜被吐槽  但我怎么感觉有点可爱;-),10.6万
1079,『博君一肖』他怎么就可以看着哥哥就着了魔？看着看着就进入无人之境？！眼神里全是「捧你在手心」的爱意！好喜欢他这种爱就放手去爱的态度！,4.0万
1080,【周深】盘点周小机灵那些年的高情商名场面 之我们的歌 TOP10合集,5.4万
1081,鞠婧祎 | Don't touch一键换装 | 超强丝滑无缝切换 | 第11秒开始见证奇迹,7.2万
1082,所有人都假唱就是没通知王一博，全场只听见王一博的奶音,7.6万
1083,外网刷到没看过的bjyx采访花絮,5.3万
1084,年轻的莱昂纳多去商店买东西，老板不让进 Leo太可爱了。,9.7万
1085,【德云社】 七队不分手小合集,5.1万
1086,造谣华晨宇抄袭！喜欢花花还被骂？网络暴力能不能消停点？祖安up怒喷键盘侠！,4.7万
1087,曾一鸣真诚谈华晨宇真的很优秀，不仅唱歌很多方面都很优秀，身在娱乐圈也很不容易，达到现在的地位也是应该的。并希望大家要了解后去评论人，要懂得发现别人的优点。,6.8万
1088,【博君一肖】磕了八个月的cp，就这样被何老师实锤了？,5.9万
1089,【诸葛大力-成果】狗哥2/25回应黑历史，已删微博，男友,9.5万
1090,【华晨宇】非典型直男的温柔是什么样子的,2.4万
1091,【宋亚轩】  “我花了八年时间努力听懂粤语，然后却去了重庆”,4.8万
1092,[博君一肖]这俩崽到底什么时候在一起的？（越考古越瘟。。。）,4.5万
1093,王俊凯和王源早期组合,7.5万
1094,【明侦五季NPC混剪】卿本佳人，奈何姓甄,4.2万
1095,黑人脱口秀:跟中国人打架，打完他还可能把你扶起来。,6.8万
1096,日本和韩国的节目同时介绍中国效率，看嘉宾神反应！,9.9万
1097,改变桥本环奈命运的眼镜,9.4万
1098,【SNL】翻车的儿童节目,4.8万
1099,中国传统相声大全合集,1.8万
1100,【明星嘴瓢日常】建议改为：震 惊 我 妈,6.6万
1101,“每日一遍 防止早恋”,138.5万
1102,“你没穷过，你不懂”,61.8万
1103,“我们的存在 本身就是谋逆”【燃向双声道|权谋|帝王霸业】,43.0万
1104,【木鱼微剧场】他背着一具尸体，行走了大半个中国《落叶归根》真实事件改编，赵本山主演,61.0万
1105,完整了解《异形》电影宇宙！真正破解异形原理（推理向）,35.3万
1106,【处处吻】 愣着干嘛 进来白嫖啊,44.6万
1107,"每天一遍,告别初恋。来感受一下中国各省份52名女星的盛世美颜吧",66.8万
1108,当爱情公寓人去楼空的时候 最难过的人或许就是张伟吧,28.3万
1109,前方高能！感受中国武术带来的视觉冲击“这就是专业！”重置版,28.4万
1110,【迪士尼/唯美混剪/震撼】你不必为了取悦他人而活着,14.9万
1111,每天一遍，防止早恋！,26.2万
1112,这大概就是从此君王不早朝的原因吧,23.3万
1113,猛 男 收 割 机,31.7万
1114,【唐唐】爆笑吐槽最新雷剧《锤神》 神剧新操作，大锤打飞碟？,39.2万
1115,这当的是个屁的公关？一秒撕烂《完美关系》战五渣公关策略【开心嘴炮】,45.3万
1116,皇上，你可知娘娘年轻时有多灵？初见小白兔古装混剪！（乌拉拉氏宜馊）,32.5万
1117,【鬼怪夫妇】【孔刘X金高银】5分21秒的完全心动,11.7万
1118,【老邪吐槽】郑爽+张翰，爆笑吐槽国产神级烂片《危情速递》,43.2万
1119,【刘老师】逆天吐槽看完差点原地去世的国产恐怖烂片《童童的风铃密室》,43.8万
1120,【片片】手撕鬼子算什么？如果她去抗日，日本就没了，无情吐槽70集国产剧《新世界》,44.0万
1121,【刘哔】搞笑解说《安家》！孙俪也拯救不了的国产职场剧！,42.7万
1122,猛 男 的 成 长 之 路,29.1万
1123,葛优单手剥蛋原来是这样拍的，不是特效是真的，天下无贼幕后,43.6万
1124,谁还记得，这个激励千万人的励志短片,12.9万
1125,你就是馋她的身子，你下贱。,23.8万
1126,象  牙  山  哪  吒,18.4万
1127,看完这个视频你会爱上数学的！！！,17.7万
1128,极 限 反 杀,15.3万
1129,前方高能！只需10s 我将从你手中夺走硬币!,15.7万
1130,【老友记第一季】全网最硬核美剧学习笔记丨英语口语丨英语听力丨背单词,7.9万
1131,【Plus·13】斯嘉丽·约翰逊 | 寡姐神颜 一次看够,22.7万
1132,史上颜值最高的舔狗！,30.9万
1133,少壮不努力，长大模拟器,32.6万
1134,【糖浆夫妇】处 处 怂,13.1万
1135,这TM是《功夫》续作？？？,28.2万
1136,马东锡:没歌了是吧,29.4万
1137,有些人，圆房后眼神都不一样了，，，说的就是你，东华帝君,22.8万
1138,【虫哥】史上最强女将军团成长记《杨门女将》，杨家将十二寡妇的来历~,23.8万
1139,为何有中国观众get不到《寄生虫》？中国电影离奥斯卡还有多远？被忽略的中韩价值观差异[中020],19.0万
1140,姐弟恋 vs 爷孙恋,25.6万
1141,这一脚是多少人的梦想啊？其他人都羡慕死了！马鸭：给我一脚试试,29.2万
1142,让你笑到岔气的漫威中文梗！,15.1万
1143,「处处吻」在?能坚持30秒算我输尽管白嫖！,15.9万
1144,【low君】《安家》：剧能看，演员演技在线，但作为一部行业剧依然不合格！,24.7万
1145,一款神奇的APP，拍谁谁死，比死亡笔记还好使！《世奇：灵异app》,13.2万
1146,受够了，我真的不行了。好想逃。,9.8万
1147,火遍网络的中文四六级考试，快来测试你能过几级？,20.7万
1148,JOKER隐藏剧情揭晓[下] 全世界忽略的反常特写丨全剧组的失误?还是全新的可能性，由你判断-邻居线隐藏线探索【中队长拉片笔记05B】,6.7万
1149,【王一博||蓝忘机】世家公子第一甜（陈情令花絮可爱向）,5.9万
1150,这才是猛男应该看的！,14.1万
1151,【枕上书】东凤真圆房，甜，但是场面一度不够刺激~无奈啊,20.4万
1152,来自祖安up的一封信——致盗哥,9.8万
1153,【超燃末日混剪】还原一十四洲原著《小蘑菇》- 荒凉末世 向死而生,4.7万
1154,【叶问】“阿正，我打一次给你看，你把它拍下来”,15.9万
1155,知乎战疫短片 — — 三十三,7.5万
1156,“你都30岁了”,12.0万
1157,【国产影剧混剪】很多悲剧从开头就已经注定了丨三人合剪丨2分11秒开始杀人诛心,8.0万
1158,【牛叔】豆瓣8.7分，拳击手洛奇的故事你可能看过，但该听听牛叔怎么讲,15.2万
1159,陈情令 最新花絮2-3 2020.02.29 已全部调整到正常语速,8.0万
1160,笑抽了！我就没见过这么优秀的山贼！韩国爆笑喜剧《海盗：奔向大海的山贼》,17.3万
1161,「东华帝君-白凤九」「台词向｜双视角」世上无人有这个胆子将帝君拉进十丈红尘，这件考胆量的事，凤九做了，而且还成功了。【高伟光-迪丽热巴】,11.3万
1162,恶魔父亲，偷看女儿睡觉，一家五口沦为玩具，来自韩国的驱魔电影《变身》给你不一样的驱魔体验,19.1万
1163,55【怪异君致经典2】《少年包青天3》第一案,11.9万
1164,弄 死 大 清 朝 ！,14.3万
1165,舞术宗师，叶问？,14.6万
1166,乡村速度与激情8预告片，不火节食一天！,11.5万
1167,高能混剪《你的答案》，相信你终会越过黑暗，扬起梦想的帆！,8.6万
1168,【小丑女/哈莉奎茵/混剪/1080p】躲 房 间 偷 偷 看,12.3万
1169,娄艺潇《她说》 演技炸裂不是说说而已！,12.7万
1170,【影视杂谈】新三国究竟比老三国差在哪？,14.8万
1171,【阿斗】科幻穿越鼻祖！小伙穿回30年前，被亲妈疯狂追求！《回到未来》,13.2万
1172,【女性||踩点】“什么金枝玉叶，我要 权倾朝野 ”,9.5万
1173,爱情公寓5中的彩蛋与细节解析（五）,10.4万
1174,感受来自清纯小白花的美颜暴击吧,9.4万
1175,2020年开幕雷击！这电影拍出了1980年的感觉！几分钟看完《巨兽风暴》,13.4万
1176,【虐燃向 | 小人物的死与生 | 混剪】草芥,4.8万
1177,#1990【谷阿莫】X教授找了群姐妹組成打擊犯罪的團體，最後卻反被她們揍2019《霹雳娇娃》,16.7万
1178,［成果］诸葛大力这谁顶得住？你能多久？,12.8万
1179,电影圈大事件DAU科普：现实版《楚门的世界》？,11.0万
1180,史诗！10分钟从上古之战到溥仪退位，中国历史年表超燃影视化混剪！,4.1万
1181,陈翔六点半：小伙子，我一句话就能让你省几十万！,16.5万
1182,水中玩乐却不知危险已经来临！,17.2万
1183,用【镇魂主题曲】为武汉加油，致敬所有英雄，愿这天地慈悲，还与清澈人间,3.9万
1184,为了他曾经混进男人堆！,16.4万
1185,【破产姐妹】史上最棒女服务生！,15.0万
1186,盘点被北影选入教材的名镜头,15.6万
1187,【重温经典】考据式解析 | 最好看的阿兹卡班的囚徒(8/15),7.8万
1188,【“唢呐一响 不是大喜 就是大悲”】或囍或悲,8.2万
1189,【像素风纯手工互动游戏】【夜行人】第一集（连载中）,6.3万
1190,达科塔·范宁有多美？Dakota Fanning,13.2万
1191,【陈情令国际版】300G最新花絮更新中(更新至03.01蓝家的雅正呢),6.3万
1192,你的努力值得拥有你想要的一切祝你梦想成真【高燃励志混剪】,6.2万
1193,十道题让你怀疑你从没看过《爱情公寓》！,12.1万
1194,【王一博&amp;肖战】《陈情令那些小事》2020最新花絮(更新4则),4.5万
1195,亲爱的娃娃们：我是济公爷爷游本昌，今天我入驻B站啦 ！,7.9万
1196,【励志短片】别懒惰久了，努力一下便以为是拼命?,4.7万
1197,【三生三世枕上书】49/50预告：帝君要向青丘提亲拉,14.7万
1198,于谦致信疫情下每一位乐观的你【两地书】：共克时艰，扬帆起航,11.5万
1199,这 TM 才不是 无 缝 衔 接 ！,7.1万
1200,张世豪：我现在只想搞钱！,10.2万
